2026-06-04 15:15:42.525 [info] Extension host with pid 38296 started
2026-06-04 15:15:42.547 [info] ExtensionService#_doActivateExtension vscode.github-authentication, startup: false, activationEvent: 'onAuthenticationRequest:github'
2026-06-04 15:15:42.573 [info] ExtensionService#_doActivateExtension vscode.emmet, startup: false, activationEvent: 'onLanguage'
2026-06-04 15:15:42.587 [info] ExtensionService#_doActivateExtension ms-vscode.cpp-devtools, startup: false, activationEvent: 'onLanguage:c'
2026-06-04 15:15:42.601 [info] ExtensionService#_doActivateExtension ms-vscode.cpptools, startup: false, activationEvent: 'onLanguage:c'
2026-06-04 15:15:42.784 [info] ExtensionService#_doActivateExtension college.mpi-sanitizer-vscode, startup: false, activationEvent: 'onLanguage:c'
2026-06-04 15:15:43.198 [warning] [ms-vscode.cpptools] Accessing a resource scoped configuration without providing a resource is not expected. To get the effective value for 'C_Cpp.inlayHints.autoDeclarationTypes.enabled', provide the URI of a resource or 'null' for any resource.
2026-06-04 15:15:43.198 [warning] [ms-vscode.cpptools] Accessing a resource scoped configuration without providing a resource is not expected. To get the effective value for 'C_Cpp.inlayHints.autoDeclarationTypes.showOnLeft', provide the URI of a resource or 'null' for any resource.
2026-06-04 15:15:43.198 [warning] [ms-vscode.cpptools] Accessing a resource scoped configuration without providing a resource is not expected. To get the effective value for 'C_Cpp.inlayHints.parameterNames.enabled', provide the URI of a resource or 'null' for any resource.
2026-06-04 15:15:43.198 [warning] [ms-vscode.cpptools] Accessing a resource scoped configuration without providing a resource is not expected. To get the effective value for 'C_Cpp.inlayHints.parameterNames.suppressWhenArgumentContainsName', provide the URI of a resource or 'null' for any resource.
2026-06-04 15:15:43.198 [warning] [ms-vscode.cpptools] Accessing a resource scoped configuration without providing a resource is not expected. To get the effective value for 'C_Cpp.inlayHints.parameterNames.hideLeadingUnderscores', provide the URI of a resource or 'null' for any resource.
2026-06-04 15:15:43.199 [warning] [ms-vscode.cpptools] Accessing a resource scoped configuration without providing a resource is not expected. To get the effective value for 'C_Cpp.inlayHints.referenceOperator.enabled', provide the URI of a resource or 'null' for any resource.
2026-06-04 15:15:43.199 [warning] [ms-vscode.cpptools] Accessing a resource scoped configuration without providing a resource is not expected. To get the effective value for 'C_Cpp.inlayHints.referenceOperator.showSpace', provide the URI of a resource or 'null' for any resource.
2026-06-04 15:15:43.199 [warning] [ms-vscode.cpptools] Accessing a resource scoped configuration without providing a resource is not expected. To get the effective value for 'C_Cpp.autocompleteAddParentheses', provide the URI of a resource or 'null' for any resource.
2026-06-04 15:15:43.199 [warning] [ms-vscode.cpptools] Accessing a resource scoped configuration without providing a resource is not expected. To get the effective value for 'C_Cpp.suggestSnippets', provide the URI of a resource or 'null' for any resource.
2026-06-04 15:15:43.199 [warning] [ms-vscode.cpptools] Accessing a resource scoped configuration without providing a resource is not expected. To get the effective value for 'C_Cpp.legacyCompilerArgsBehavior', provide the URI of a resource or 'null' for any resource.
2026-06-04 15:15:43.200 [warning] [ms-vscode.cpptools] Accessing a resource scoped configuration without providing a resource is not expected. To get the effective value for 'C_Cpp.autocomplete', provide the URI of a resource or 'null' for any resource.
2026-06-04 15:15:43.200 [warning] [ms-vscode.cpptools] Accessing a resource scoped configuration without providing a resource is not expected. To get the effective value for 'C_Cpp.hover', provide the URI of a resource or 'null' for any resource.
2026-06-04 15:15:43.200 [warning] [ms-vscode.cpptools] Accessing a resource scoped configuration without providing a resource is not expected. To get the effective value for 'C_Cpp.errorSquiggles', provide the URI of a resource or 'null' for any resource.
2026-06-04 15:15:43.200 [warning] [ms-vscode.cpptools] Accessing a resource scoped configuration without providing a resource is not expected. To get the effective value for 'C_Cpp.dimInactiveRegions', provide the URI of a resource or 'null' for any resource.
2026-06-04 15:15:43.200 [warning] [ms-vscode.cpptools] Accessing a resource scoped configuration without providing a resource is not expected. To get the effective value for 'C_Cpp.inactiveRegionOpacity', provide the URI of a resource or 'null' for any resource.
2026-06-04 15:15:43.200 [warning] [ms-vscode.cpptools] Accessing a resource scoped configuration without providing a resource is not expected. To get the effective value for 'C_Cpp.inactiveRegionForegroundColor', provide the URI of a resource or 'null' for any resource.
2026-06-04 15:15:43.200 [warning] [ms-vscode.cpptools] Accessing a resource scoped configuration without providing a resource is not expected. To get the effective value for 'C_Cpp.inactiveRegionBackgroundColor', provide the URI of a resource or 'null' for any resource.
2026-06-04 15:15:43.200 [warning] [ms-vscode.cpptools] Accessing a resource scoped configuration without providing a resource is not expected. To get the effective value for 'C_Cpp.refactoring.includeHeader', provide the URI of a resource or 'null' for any resource.
2026-06-04 15:15:43.202 [warning] [ms-vscode.cpptools] Accessing a resource scoped configuration without providing a resource is not expected. To get the effective value for 'C_Cpp.default.cStandard', provide the URI of a resource or 'null' for any resource.
2026-06-04 15:15:43.202 [warning] [ms-vscode.cpptools] Accessing a resource scoped configuration without providing a resource is not expected. To get the effective value for 'C_Cpp.default.cppStandard', provide the URI of a resource or 'null' for any resource.
2026-06-04 15:15:43.203 [warning] [ms-vscode.cpptools] Accessing a resource scoped configuration without providing a resource is not expected. To get the effective value for 'C_Cpp.default.configurationProvider', provide the URI of a resource or 'null' for any resource.
2026-06-04 15:15:43.203 [warning] [ms-vscode.cpptools] Accessing a resource scoped configuration without providing a resource is not expected. To get the effective value for 'C_Cpp.default.mergeConfigurations', provide the URI of a resource or 'null' for any resource.
2026-06-04 15:15:43.203 [warning] [ms-vscode.cpptools] Accessing a resource scoped configuration without providing a resource is not expected. To get the effective value for 'C_Cpp.default.browse.limitSymbolsToIncludedHeaders', provide the URI of a resource or 'null' for any resource.
2026-06-04 15:15:43.204 [warning] [ms-vscode.cpptools] Accessing a resource scoped configuration without providing a resource is not expected. To get the effective value for 'C_Cpp.default.enableConfigurationSquiggles', provide the URI of a resource or 'null' for any resource.
2026-06-04 15:15:43.204 [warning] [ms-vscode.cpptools] Accessing a resource scoped configuration without providing a resource is not expected. To get the effective value for 'C_Cpp.default.dotConfig', provide the URI of a resource or 'null' for any resource.
2026-06-04 15:15:43.204 [warning] [ms-vscode.cpptools] Accessing a resource scoped configuration without providing a resource is not expected. To get the effective value for 'C_Cpp.default.recursiveIncludes.reduce', provide the URI of a resource or 'null' for any resource.
2026-06-04 15:15:43.205 [warning] [ms-vscode.cpptools] Accessing a resource scoped configuration without providing a resource is not expected. To get the effective value for 'C_Cpp.default.recursiveIncludes.priority', provide the URI of a resource or 'null' for any resource.
2026-06-04 15:15:43.205 [warning] [ms-vscode.cpptools] Accessing a resource scoped configuration without providing a resource is not expected. To get the effective value for 'C_Cpp.default.recursiveIncludes.order', provide the URI of a resource or 'null' for any resource.
2026-06-04 15:15:43.205 [warning] [ms-vscode.cpptools] Accessing a resource scoped configuration without providing a resource is not expected. To get the effective value for 'C_Cpp.configurationWarnings', provide the URI of a resource or 'null' for any resource.
2026-06-04 15:15:43.205 [warning] [ms-vscode.cpptools] Accessing a resource scoped configuration without providing a resource is not expected. To get the effective value for 'C_Cpp.intelliSenseEngine', provide the URI of a resource or 'null' for any resource.
2026-06-04 15:15:43.205 [warning] [ms-vscode.cpptools] Accessing a resource scoped configuration without providing a resource is not expected. To get the effective value for 'C_Cpp.exclusionPolicy', provide the URI of a resource or 'null' for any resource.
2026-06-04 15:15:43.205 [warning] [ms-vscode.cpptools] Accessing a resource scoped configuration without providing a resource is not expected. To get the effective value for 'C_Cpp.files.exclude', provide the URI of a resource or 'null' for any resource.
2026-06-04 15:15:43.206 [warning] [ms-vscode.cpptools] Accessing a resource scoped configuration without providing a resource is not expected. To get the effective value for 'C_Cpp.vcFormat.indent.braces', provide the URI of a resource or 'null' for any resource.
2026-06-04 15:15:43.206 [warning] [ms-vscode.cpptools] Accessing a resource scoped configuration without providing a resource is not expected. To get the effective value for 'C_Cpp.vcFormat.indent.multiLineRelativeTo', provide the URI of a resource or 'null' for any resource.
2026-06-04 15:15:43.206 [warning] [ms-vscode.cpptools] Accessing a resource scoped configuration without providing a resource is not expected. To get the effective value for 'C_Cpp.vcFormat.indent.withinParentheses', provide the URI of a resource or 'null' for any resource.
2026-06-04 15:15:43.206 [warning] [ms-vscode.cpptools] Accessing a resource scoped configuration without providing a resource is not expected. To get the effective value for 'C_Cpp.vcFormat.indent.preserveWithinParentheses', provide the URI of a resource or 'null' for any resource.
2026-06-04 15:15:43.206 [warning] [ms-vscode.cpptools] Accessing a resource scoped configuration without providing a resource is not expected. To get the effective value for 'C_Cpp.vcFormat.indent.caseLabels', provide the URI of a resource or 'null' for any resource.
2026-06-04 15:15:43.206 [warning] [ms-vscode.cpptools] Accessing a resource scoped configuration without providing a resource is not expected. To get the effective value for 'C_Cpp.vcFormat.indent.caseContents', provide the URI of a resource or 'null' for any resource.
2026-06-04 15:15:43.206 [warning] [ms-vscode.cpptools] Accessing a resource scoped configuration without providing a resource is not expected. To get the effective value for 'C_Cpp.vcFormat.indent.caseContentsWhenBlock', provide the URI of a resource or 'null' for any resource.
2026-06-04 15:15:43.207 [warning] [ms-vscode.cpptools] Accessing a resource scoped configuration without providing a resource is not expected. To get the effective value for 'C_Cpp.vcFormat.indent.lambdaBracesWhenParameter', provide the URI of a resource or 'null' for any resource.
2026-06-04 15:15:43.207 [warning] [ms-vscode.cpptools] Accessing a resource scoped configuration without providing a resource is not expected. To get the effective value for 'C_Cpp.vcFormat.indent.gotoLabels', provide the URI of a resource or 'null' for any resource.
2026-06-04 15:15:43.207 [warning] [ms-vscode.cpptools] Accessing a resource scoped configuration without providing a resource is not expected. To get the effective value for 'C_Cpp.vcFormat.indent.preprocessor', provide the URI of a resource or 'null' for any resource.
2026-06-04 15:15:43.207 [warning] [ms-vscode.cpptools] Accessing a resource scoped configuration without providing a resource is not expected. To get the effective value for 'C_Cpp.vcFormat.indent.accessSpecifiers', provide the URI of a resource or 'null' for any resource.
2026-06-04 15:15:43.207 [warning] [ms-vscode.cpptools] Accessing a resource scoped configuration without providing a resource is not expected. To get the effective value for 'C_Cpp.vcFormat.indent.namespaceContents', provide the URI of a resource or 'null' for any resource.
2026-06-04 15:15:43.207 [warning] [ms-vscode.cpptools] Accessing a resource scoped configuration without providing a resource is not expected. To get the effective value for 'C_Cpp.vcFormat.indent.preserveComments', provide the URI of a resource or 'null' for any resource.
2026-06-04 15:15:43.207 [warning] [ms-vscode.cpptools] Accessing a resource scoped configuration without providing a resource is not expected. To get the effective value for 'C_Cpp.vcFormat.newLine.beforeOpenBrace.namespace', provide the URI of a resource or 'null' for any resource.
2026-06-04 15:15:43.207 [warning] [ms-vscode.cpptools] Accessing a resource scoped configuration without providing a resource is not expected. To get the effective value for 'C_Cpp.vcFormat.newLine.beforeOpenBrace.type', provide the URI of a resource or 'null' for any resource.
2026-06-04 15:15:43.207 [warning] [ms-vscode.cpptools] Accessing a resource scoped configuration without providing a resource is not expected. To get the effective value for 'C_Cpp.vcFormat.newLine.beforeOpenBrace.function', provide the URI of a resource or 'null' for any resource.
2026-06-04 15:15:43.207 [warning] [ms-vscode.cpptools] Accessing a resource scoped configuration without providing a resource is not expected. To get the effective value for 'C_Cpp.vcFormat.newLine.beforeOpenBrace.block', provide the URI of a resource or 'null' for any resource.
2026-06-04 15:15:43.208 [warning] [ms-vscode.cpptools] Accessing a resource scoped configuration without providing a resource is not expected. To get the effective value for 'C_Cpp.vcFormat.newLine.beforeOpenBrace.lambda', provide the URI of a resource or 'null' for any resource.
2026-06-04 15:15:43.208 [warning] [ms-vscode.cpptools] Accessing a resource scoped configuration without providing a resource is not expected. To get the effective value for 'C_Cpp.vcFormat.newLine.scopeBracesOnSeparateLines', provide the URI of a resource or 'null' for any resource.
2026-06-04 15:15:43.208 [warning] [ms-vscode.cpptools] Accessing a resource scoped configuration without providing a resource is not expected. To get the effective value for 'C_Cpp.vcFormat.newLine.closeBraceSameLine.emptyType', provide the URI of a resource or 'null' for any resource.
2026-06-04 15:15:43.208 [warning] [ms-vscode.cpptools] Accessing a resource scoped configuration without providing a resource is not expected. To get the effective value for 'C_Cpp.vcFormat.newLine.closeBraceSameLine.emptyFunction', provide the URI of a resource or 'null' for any resource.
2026-06-04 15:15:43.208 [warning] [ms-vscode.cpptools] Accessing a resource scoped configuration without providing a resource is not expected. To get the effective value for 'C_Cpp.vcFormat.newLine.beforeCatch', provide the URI of a resource or 'null' for any resource.
2026-06-04 15:15:43.208 [warning] [ms-vscode.cpptools] Accessing a resource scoped configuration without providing a resource is not expected. To get the effective value for 'C_Cpp.vcFormat.newLine.beforeElse', provide the URI of a resource or 'null' for any resource.
2026-06-04 15:15:43.208 [warning] [ms-vscode.cpptools] Accessing a resource scoped configuration without providing a resource is not expected. To get the effective value for 'C_Cpp.vcFormat.newLine.beforeWhileInDoWhile', provide the URI of a resource or 'null' for any resource.
2026-06-04 15:15:43.208 [warning] [ms-vscode.cpptools] Accessing a resource scoped configuration without providing a resource is not expected. To get the effective value for 'C_Cpp.vcFormat.space.beforeFunctionOpenParenthesis', provide the URI of a resource or 'null' for any resource.
2026-06-04 15:15:43.208 [warning] [ms-vscode.cpptools] Accessing a resource scoped configuration without providing a resource is not expected. To get the effective value for 'C_Cpp.vcFormat.space.withinParameterListParentheses', provide the URI of a resource or 'null' for any resource.
2026-06-04 15:15:43.208 [warning] [ms-vscode.cpptools] Accessing a resource scoped configuration without providing a resource is not expected. To get the effective value for 'C_Cpp.vcFormat.space.betweenEmptyParameterListParentheses', provide the URI of a resource or 'null' for any resource.
2026-06-04 15:15:43.209 [warning] [ms-vscode.cpptools] Accessing a resource scoped configuration without providing a resource is not expected. To get the effective value for 'C_Cpp.vcFormat.space.afterKeywordsInControlFlowStatements', provide the URI of a resource or 'null' for any resource.
2026-06-04 15:15:43.209 [warning] [ms-vscode.cpptools] Accessing a resource scoped configuration without providing a resource is not expected. To get the effective value for 'C_Cpp.vcFormat.space.withinControlFlowStatementParentheses', provide the URI of a resource or 'null' for any resource.
2026-06-04 15:15:43.209 [warning] [ms-vscode.cpptools] Accessing a resource scoped configuration without providing a resource is not expected. To get the effective value for 'C_Cpp.vcFormat.space.beforeLambdaOpenParenthesis', provide the URI of a resource or 'null' for any resource.
2026-06-04 15:15:43.209 [warning] [ms-vscode.cpptools] Accessing a resource scoped configuration without providing a resource is not expected. To get the effective value for 'C_Cpp.vcFormat.space.withinCastParentheses', provide the URI of a resource or 'null' for any resource.
2026-06-04 15:15:43.209 [warning] [ms-vscode.cpptools] Accessing a resource scoped configuration without providing a resource is not expected. To get the effective value for 'C_Cpp.vcFormat.space.afterCastCloseParenthesis', provide the URI of a resource or 'null' for any resource.
2026-06-04 15:15:43.209 [warning] [ms-vscode.cpptools] Accessing a resource scoped configuration without providing a resource is not expected. To get the effective value for 'C_Cpp.vcFormat.space.withinExpressionParentheses', provide the URI of a resource or 'null' for any resource.
2026-06-04 15:15:43.209 [warning] [ms-vscode.cpptools] Accessing a resource scoped configuration without providing a resource is not expected. To get the effective value for 'C_Cpp.vcFormat.space.beforeBlockOpenBrace', provide the URI of a resource or 'null' for any resource.
2026-06-04 15:15:43.209 [warning] [ms-vscode.cpptools] Accessing a resource scoped configuration without providing a resource is not expected. To get the effective value for 'C_Cpp.vcFormat.space.betweenEmptyBraces', provide the URI of a resource or 'null' for any resource.
2026-06-04 15:15:43.209 [warning] [ms-vscode.cpptools] Accessing a resource scoped configuration without providing a resource is not expected. To get the effective value for 'C_Cpp.vcFormat.space.beforeInitializerListOpenBrace', provide the URI of a resource or 'null' for any resource.
2026-06-04 15:15:43.209 [warning] [ms-vscode.cpptools] Accessing a resource scoped configuration without providing a resource is not expected. To get the effective value for 'C_Cpp.vcFormat.space.withinInitializerListBraces', provide the URI of a resource or 'null' for any resource.
2026-06-04 15:15:43.209 [warning] [ms-vscode.cpptools] Accessing a resource scoped configuration without providing a resource is not expected. To get the effective value for 'C_Cpp.vcFormat.space.preserveInInitializerList', provide the URI of a resource or 'null' for any resource.
2026-06-04 15:15:43.209 [warning] [ms-vscode.cpptools] Accessing a resource scoped configuration without providing a resource is not expected. To get the effective value for 'C_Cpp.vcFormat.space.beforeOpenSquareBracket', provide the URI of a resource or 'null' for any resource.
2026-06-04 15:15:43.210 [warning] [ms-vscode.cpptools] Accessing a resource scoped configuration without providing a resource is not expected. To get the effective value for 'C_Cpp.vcFormat.space.withinSquareBrackets', provide the URI of a resource or 'null' for any resource.
2026-06-04 15:15:43.210 [warning] [ms-vscode.cpptools] Accessing a resource scoped configuration without providing a resource is not expected. To get the effective value for 'C_Cpp.vcFormat.space.beforeEmptySquareBrackets', provide the URI of a resource or 'null' for any resource.
2026-06-04 15:15:43.210 [warning] [ms-vscode.cpptools] Accessing a resource scoped configuration without providing a resource is not expected. To get the effective value for 'C_Cpp.vcFormat.space.betweenEmptySquareBrackets', provide the URI of a resource or 'null' for any resource.
2026-06-04 15:15:43.210 [warning] [ms-vscode.cpptools] Accessing a resource scoped configuration without providing a resource is not expected. To get the effective value for 'C_Cpp.vcFormat.space.groupSquareBrackets', provide the URI of a resource or 'null' for any resource.
2026-06-04 15:15:43.210 [warning] [ms-vscode.cpptools] Accessing a resource scoped configuration without providing a resource is not expected. To get the effective value for 'C_Cpp.vcFormat.space.withinLambdaBrackets', provide the URI of a resource or 'null' for any resource.
2026-06-04 15:15:43.210 [warning] [ms-vscode.cpptools] Accessing a resource scoped configuration without providing a resource is not expected. To get the effective value for 'C_Cpp.vcFormat.space.betweenEmptyLambdaBrackets', provide the URI of a resource or 'null' for any resource.
2026-06-04 15:15:43.210 [warning] [ms-vscode.cpptools] Accessing a resource scoped configuration without providing a resource is not expected. To get the effective value for 'C_Cpp.vcFormat.space.beforeComma', provide the URI of a resource or 'null' for any resource.
2026-06-04 15:15:43.210 [warning] [ms-vscode.cpptools] Accessing a resource scoped configuration without providing a resource is not expected. To get the effective value for 'C_Cpp.vcFormat.space.afterComma', provide the URI of a resource or 'null' for any resource.
2026-06-04 15:15:43.210 [warning] [ms-vscode.cpptools] Accessing a resource scoped configuration without providing a resource is not expected. To get the effective value for 'C_Cpp.vcFormat.space.removeAroundMemberOperators', provide the URI of a resource or 'null' for any resource.
2026-06-04 15:15:43.210 [warning] [ms-vscode.cpptools] Accessing a resource scoped configuration without providing a resource is not expected. To get the effective value for 'C_Cpp.vcFormat.space.beforeInheritanceColon', provide the URI of a resource or 'null' for any resource.
2026-06-04 15:15:43.210 [warning] [ms-vscode.cpptools] Accessing a resource scoped configuration without providing a resource is not expected. To get the effective value for 'C_Cpp.vcFormat.space.beforeConstructorColon', provide the URI of a resource or 'null' for any resource.
2026-06-04 15:15:43.210 [warning] [ms-vscode.cpptools] Accessing a resource scoped configuration without providing a resource is not expected. To get the effective value for 'C_Cpp.vcFormat.space.removeBeforeSemicolon', provide the URI of a resource or 'null' for any resource.
2026-06-04 15:15:43.211 [warning] [ms-vscode.cpptools] Accessing a resource scoped configuration without providing a resource is not expected. To get the effective value for 'C_Cpp.vcFormat.space.insertAfterSemicolon', provide the URI of a resource or 'null' for any resource.
2026-06-04 15:15:43.211 [warning] [ms-vscode.cpptools] Accessing a resource scoped configuration without providing a resource is not expected. To get the effective value for 'C_Cpp.vcFormat.space.removeAroundUnaryOperator', provide the URI of a resource or 'null' for any resource.
2026-06-04 15:15:43.211 [warning] [ms-vscode.cpptools] Accessing a resource scoped configuration without providing a resource is not expected. To get the effective value for 'C_Cpp.vcFormat.space.aroundBinaryOperator', provide the URI of a resource or 'null' for any resource.
2026-06-04 15:15:43.211 [warning] [ms-vscode.cpptools] Accessing a resource scoped configuration without providing a resource is not expected. To get the effective value for 'C_Cpp.vcFormat.space.aroundAssignmentOperator', provide the URI of a resource or 'null' for any resource.
2026-06-04 15:15:43.211 [warning] [ms-vscode.cpptools] Accessing a resource scoped configuration without providing a resource is not expected. To get the effective value for 'C_Cpp.vcFormat.space.pointerReferenceAlignment', provide the URI of a resource or 'null' for any resource.
2026-06-04 15:15:43.211 [warning] [ms-vscode.cpptools] Accessing a resource scoped configuration without providing a resource is not expected. To get the effective value for 'C_Cpp.vcFormat.space.aroundTernaryOperator', provide the URI of a resource or 'null' for any resource.
2026-06-04 15:15:43.211 [warning] [ms-vscode.cpptools] Accessing a resource scoped configuration without providing a resource is not expected. To get the effective value for 'C_Cpp.vcFormat.wrap.preserveBlocks', provide the URI of a resource or 'null' for any resource.
2026-06-04 15:15:43.211 [warning] [ms-vscode.cpptools] Accessing a resource scoped configuration without providing a resource is not expected. To get the effective value for 'C_Cpp.clang_format_style', provide the URI of a resource or 'null' for any resource.
2026-06-04 15:15:43.211 [warning] [ms-vscode.cpptools] Accessing a resource scoped configuration without providing a resource is not expected. To get the effective value for 'C_Cpp.formatting', provide the URI of a resource or 'null' for any resource.
2026-06-04 15:15:43.211 [warning] [ms-vscode.cpptools] Accessing a resource scoped configuration without providing a resource is not expected. To get the effective value for 'C_Cpp.clang_format_fallbackStyle', provide the URI of a resource or 'null' for any resource.
2026-06-04 15:15:43.211 [warning] [ms-vscode.cpptools] Accessing a resource scoped configuration without providing a resource is not expected. To get the effective value for 'C_Cpp.clang_format_sortIncludes', provide the URI of a resource or 'null' for any resource.
2026-06-04 15:15:43.211 [warning] [ms-vscode.cpptools] Accessing a resource scoped configuration without providing a resource is not expected. To get the effective value for 'C_Cpp.doxygen.generateOnType', provide the URI of a resource or 'null' for any resource.
2026-06-04 15:15:43.212 [warning] [ms-vscode.cpptools] Accessing a resource scoped configuration without providing a resource is not expected. To get the effective value for 'C_Cpp.doxygen.generateOnCodeAction', provide the URI of a resource or 'null' for any resource.
2026-06-04 15:15:43.212 [warning] [ms-vscode.cpptools] Accessing a resource scoped configuration without providing a resource is not expected. To get the effective value for 'C_Cpp.doxygen.generatedStyle', provide the URI of a resource or 'null' for any resource.
2026-06-04 15:15:43.212 [warning] [ms-vscode.cpptools] Accessing a resource scoped configuration without providing a resource is not expected. To get the effective value for 'C_Cpp.doxygen.sectionTags', provide the URI of a resource or 'null' for any resource.
2026-06-04 15:15:43.212 [warning] [ms-vscode.cpptools] Accessing a resource scoped configuration without providing a resource is not expected. To get the effective value for 'C_Cpp.markdownInComments', provide the URI of a resource or 'null' for any resource.
2026-06-04 15:15:43.212 [warning] [ms-vscode.cpptools] Accessing a resource scoped configuration without providing a resource is not expected. To get the effective value for 'C_Cpp.codeAnalysis.exclude', provide the URI of a resource or 'null' for any resource.
2026-06-04 15:15:43.213 [warning] [ms-vscode.cpptools] Accessing a resource scoped configuration without providing a resource is not expected. To get the effective value for 'C_Cpp.codeAnalysis.clangTidy.codeAction.formatFixes', provide the URI of a resource or 'null' for any resource.
2026-06-04 15:15:43.213 [warning] [ms-vscode.cpptools] Accessing a resource scoped configuration without providing a resource is not expected. To get the effective value for 'C_Cpp.codeAnalysis.clangTidy.enabled', provide the URI of a resource or 'null' for any resource.
2026-06-04 15:15:43.213 [warning] [ms-vscode.cpptools] Accessing a resource scoped configuration without providing a resource is not expected. To get the effective value for 'C_Cpp.codeAnalysis.clangTidy.config', provide the URI of a resource or 'null' for any resource.
2026-06-04 15:15:43.213 [warning] [ms-vscode.cpptools] Accessing a resource scoped configuration without providing a resource is not expected. To get the effective value for 'C_Cpp.codeAnalysis.clangTidy.fallbackConfig', provide the URI of a resource or 'null' for any resource.
2026-06-04 15:15:43.213 [warning] [ms-vscode.cpptools] Accessing a resource scoped configuration without providing a resource is not expected. To get the effective value for 'C_Cpp.codeAnalysis.clangTidy.headerFilter', provide the URI of a resource or 'null' for any resource.
2026-06-04 15:15:43.213 [warning] [ms-vscode.cpptools] Accessing a resource scoped configuration without providing a resource is not expected. To get the effective value for 'C_Cpp.codeAnalysis.clangTidy.args', provide the URI of a resource or 'null' for any resource.
2026-06-04 15:15:43.214 [warning] [ms-vscode.cpptools] Accessing a resource scoped configuration without providing a resource is not expected. To get the effective value for 'C_Cpp.codeAnalysis.clangTidy.useBuildPath', provide the URI of a resource or 'null' for any resource.
2026-06-04 15:15:43.214 [warning] [ms-vscode.cpptools] Accessing a resource scoped configuration without providing a resource is not expected. To get the effective value for 'C_Cpp.codeAnalysis.clangTidy.checks.enabled', provide the URI of a resource or 'null' for any resource.
2026-06-04 15:15:43.214 [warning] [ms-vscode.cpptools] Accessing a resource scoped configuration without providing a resource is not expected. To get the effective value for 'C_Cpp.codeAnalysis.clangTidy.checks.disabled', provide the URI of a resource or 'null' for any resource.
2026-06-04 15:15:43.214 [warning] [ms-vscode.cpptools] Accessing a resource scoped configuration without providing a resource is not expected. To get the effective value for 'C_Cpp.codeAnalysis.runAutomatically', provide the URI of a resource or 'null' for any resource.
2026-06-04 15:15:43.214 [warning] [ms-vscode.cpptools] Accessing a resource scoped configuration without providing a resource is not expected. To get the effective value for 'C_Cpp.debugShortcut', provide the URI of a resource or 'null' for any resource.
2026-06-04 15:15:43.215 [warning] [ms-vscode.cpptools] Accessing a resource scoped configuration without providing a resource is not expected. To get the effective value for 'C_Cpp.vcpkg.enabled', provide the URI of a resource or 'null' for any resource.
2026-06-04 15:15:43.220 [warning] [ms-vscode.cpptools] Accessing a resource scoped configuration without providing a resource is not expected. To get the effective value for 'files.exclude', provide the URI of a resource or 'null' for any resource.
2026-06-04 15:15:43.220 [warning] [ms-vscode.cpptools] Accessing a resource scoped configuration without providing a resource is not expected. To get the effective value for 'search.exclude', provide the URI of a resource or 'null' for any resource.
2026-06-04 15:15:43.254 [info] ExtensionService#_doActivateExtension vscode.git-base, startup: true, activationEvent: '*', root cause: vscode.git
2026-06-04 15:15:43.271 [info] ExtensionService#_doActivateExtension vscode.git, startup: true, activationEvent: '*'
2026-06-04 15:15:43.314 [info] ExtensionService#_doActivateExtension vscode.github, startup: true, activationEvent: '*'
2026-06-04 15:15:43.384 [warning] [vscode.git] Accessing a resource scoped configuration without providing a resource is not expected. To get the effective value for 'git.openRepositoryInParentFolders', provide the URI of a resource or 'null' for any resource.
2026-06-04 15:15:43.384 [warning] [vscode.git] Accessing a resource scoped configuration without providing a resource is not expected. To get the effective value for 'git.showProgress', provide the URI of a resource or 'null' for any resource.
2026-06-04 15:15:43.392 [info] Eager extensions activated
2026-06-04 15:15:43.406 [info] ExtensionService#_doActivateExtension GitHub.copilot-chat, startup: false, activationEvent: 'onStartupFinished'
2026-06-04 15:15:44.296 [info] ExtensionService#_doActivateExtension vscode.debug-auto-launch, startup: false, activationEvent: 'onStartupFinished'
2026-06-04 15:15:44.297 [info] ExtensionService#_doActivateExtension vscode.merge-conflict, startup: false, activationEvent: 'onStartupFinished'
2026-06-04 15:15:44.352 [warning] [ms-vscode.cpptools] Accessing a resource scoped configuration without providing a resource is not expected. To get the effective value for 'C_Cpp.inlayHints.autoDeclarationTypes.enabled', provide the URI of a resource or 'null' for any resource.
2026-06-04 15:15:44.352 [warning] [ms-vscode.cpptools] Accessing a resource scoped configuration without providing a resource is not expected. To get the effective value for 'C_Cpp.inlayHints.autoDeclarationTypes.showOnLeft', provide the URI of a resource or 'null' for any resource.
2026-06-04 15:15:44.352 [warning] [ms-vscode.cpptools] Accessing a resource scoped configuration without providing a resource is not expected. To get the effective value for 'C_Cpp.inlayHints.parameterNames.enabled', provide the URI of a resource or 'null' for any resource.
2026-06-04 15:15:44.352 [warning] [ms-vscode.cpptools] Accessing a resource scoped configuration without providing a resource is not expected. To get the effective value for 'C_Cpp.inlayHints.parameterNames.suppressWhenArgumentContainsName', provide the URI of a resource or 'null' for any resource.
2026-06-04 15:15:44.352 [warning] [ms-vscode.cpptools] Accessing a resource scoped configuration without providing a resource is not expected. To get the effective value for 'C_Cpp.inlayHints.parameterNames.hideLeadingUnderscores', provide the URI of a resource or 'null' for any resource.
2026-06-04 15:15:44.352 [warning] [ms-vscode.cpptools] Accessing a resource scoped configuration without providing a resource is not expected. To get the effective value for 'C_Cpp.inlayHints.referenceOperator.enabled', provide the URI of a resource or 'null' for any resource.
2026-06-04 15:15:44.353 [warning] [ms-vscode.cpptools] Accessing a resource scoped configuration without providing a resource is not expected. To get the effective value for 'C_Cpp.inlayHints.referenceOperator.showSpace', provide the URI of a resource or 'null' for any resource.
2026-06-04 15:15:44.353 [warning] [ms-vscode.cpptools] Accessing a resource scoped configuration without providing a resource is not expected. To get the effective value for 'C_Cpp.autocompleteAddParentheses', provide the URI of a resource or 'null' for any resource.
2026-06-04 15:15:44.353 [warning] [ms-vscode.cpptools] Accessing a resource scoped configuration without providing a resource is not expected. To get the effective value for 'C_Cpp.suggestSnippets', provide the URI of a resource or 'null' for any resource.
2026-06-04 15:15:44.353 [warning] [ms-vscode.cpptools] Accessing a resource scoped configuration without providing a resource is not expected. To get the effective value for 'C_Cpp.legacyCompilerArgsBehavior', provide the URI of a resource or 'null' for any resource.
2026-06-04 15:15:44.353 [warning] [ms-vscode.cpptools] Accessing a resource scoped configuration without providing a resource is not expected. To get the effective value for 'C_Cpp.autocomplete', provide the URI of a resource or 'null' for any resource.
2026-06-04 15:15:44.353 [warning] [ms-vscode.cpptools] Accessing a resource scoped configuration without providing a resource is not expected. To get the effective value for 'C_Cpp.hover', provide the URI of a resource or 'null' for any resource.
2026-06-04 15:15:44.353 [warning] [ms-vscode.cpptools] Accessing a resource scoped configuration without providing a resource is not expected. To get the effective value for 'C_Cpp.errorSquiggles', provide the URI of a resource or 'null' for any resource.
2026-06-04 15:15:44.353 [warning] [ms-vscode.cpptools] Accessing a resource scoped configuration without providing a resource is not expected. To get the effective value for 'C_Cpp.dimInactiveRegions', provide the URI of a resource or 'null' for any resource.
2026-06-04 15:15:44.353 [warning] [ms-vscode.cpptools] Accessing a resource scoped configuration without providing a resource is not expected. To get the effective value for 'C_Cpp.inactiveRegionOpacity', provide the URI of a resource or 'null' for any resource.
2026-06-04 15:15:44.353 [warning] [ms-vscode.cpptools] Accessing a resource scoped configuration without providing a resource is not expected. To get the effective value for 'C_Cpp.inactiveRegionForegroundColor', provide the URI of a resource or 'null' for any resource.
2026-06-04 15:15:44.353 [warning] [ms-vscode.cpptools] Accessing a resource scoped configuration without providing a resource is not expected. To get the effective value for 'C_Cpp.inactiveRegionBackgroundColor', provide the URI of a resource or 'null' for any resource.
2026-06-04 15:15:44.353 [warning] [ms-vscode.cpptools] Accessing a resource scoped configuration without providing a resource is not expected. To get the effective value for 'C_Cpp.refactoring.includeHeader', provide the URI of a resource or 'null' for any resource.
2026-06-04 15:15:44.354 [warning] [ms-vscode.cpptools] Accessing a resource scoped configuration without providing a resource is not expected. To get the effective value for 'C_Cpp.default.cStandard', provide the URI of a resource or 'null' for any resource.
2026-06-04 15:15:44.354 [warning] [ms-vscode.cpptools] Accessing a resource scoped configuration without providing a resource is not expected. To get the effective value for 'C_Cpp.default.cppStandard', provide the URI of a resource or 'null' for any resource.
2026-06-04 15:15:44.354 [warning] [ms-vscode.cpptools] Accessing a resource scoped configuration without providing a resource is not expected. To get the effective value for 'C_Cpp.default.configurationProvider', provide the URI of a resource or 'null' for any resource.
2026-06-04 15:15:44.354 [warning] [ms-vscode.cpptools] Accessing a resource scoped configuration without providing a resource is not expected. To get the effective value for 'C_Cpp.default.mergeConfigurations', provide the URI of a resource or 'null' for any resource.
2026-06-04 15:15:44.354 [warning] [ms-vscode.cpptools] Accessing a resource scoped configuration without providing a resource is not expected. To get the effective value for 'C_Cpp.default.browse.limitSymbolsToIncludedHeaders', provide the URI of a resource or 'null' for any resource.
2026-06-04 15:15:44.354 [warning] [ms-vscode.cpptools] Accessing a resource scoped configuration without providing a resource is not expected. To get the effective value for 'C_Cpp.default.enableConfigurationSquiggles', provide the URI of a resource or 'null' for any resource.
2026-06-04 15:15:44.354 [warning] [ms-vscode.cpptools] Accessing a resource scoped configuration without providing a resource is not expected. To get the effective value for 'C_Cpp.default.dotConfig', provide the URI of a resource or 'null' for any resource.
2026-06-04 15:15:44.355 [warning] [ms-vscode.cpptools] Accessing a resource scoped configuration without providing a resource is not expected. To get the effective value for 'C_Cpp.default.recursiveIncludes.reduce', provide the URI of a resource or 'null' for any resource.
2026-06-04 15:15:44.355 [warning] [ms-vscode.cpptools] Accessing a resource scoped configuration without providing a resource is not expected. To get the effective value for 'C_Cpp.default.recursiveIncludes.priority', provide the URI of a resource or 'null' for any resource.
2026-06-04 15:15:44.355 [warning] [ms-vscode.cpptools] Accessing a resource scoped configuration without providing a resource is not expected. To get the effective value for 'C_Cpp.default.recursiveIncludes.order', provide the URI of a resource or 'null' for any resource.
2026-06-04 15:15:44.355 [warning] [ms-vscode.cpptools] Accessing a resource scoped configuration without providing a resource is not expected. To get the effective value for 'C_Cpp.configurationWarnings', provide the URI of a resource or 'null' for any resource.
2026-06-04 15:15:44.355 [warning] [ms-vscode.cpptools] Accessing a resource scoped configuration without providing a resource is not expected. To get the effective value for 'C_Cpp.intelliSenseEngine', provide the URI of a resource or 'null' for any resource.
2026-06-04 15:15:44.355 [warning] [ms-vscode.cpptools] Accessing a resource scoped configuration without providing a resource is not expected. To get the effective value for 'C_Cpp.exclusionPolicy', provide the URI of a resource or 'null' for any resource.
2026-06-04 15:15:44.355 [warning] [ms-vscode.cpptools] Accessing a resource scoped configuration without providing a resource is not expected. To get the effective value for 'C_Cpp.files.exclude', provide the URI of a resource or 'null' for any resource.
2026-06-04 15:15:44.355 [warning] [ms-vscode.cpptools] Accessing a resource scoped configuration without providing a resource is not expected. To get the effective value for 'C_Cpp.vcFormat.indent.braces', provide the URI of a resource or 'null' for any resource.
2026-06-04 15:15:44.355 [warning] [ms-vscode.cpptools] Accessing a resource scoped configuration without providing a resource is not expected. To get the effective value for 'C_Cpp.vcFormat.indent.multiLineRelativeTo', provide the URI of a resource or 'null' for any resource.
2026-06-04 15:15:44.355 [warning] [ms-vscode.cpptools] Accessing a resource scoped configuration without providing a resource is not expected. To get the effective value for 'C_Cpp.vcFormat.indent.withinParentheses', provide the URI of a resource or 'null' for any resource.
2026-06-04 15:15:44.355 [warning] [ms-vscode.cpptools] Accessing a resource scoped configuration without providing a resource is not expected. To get the effective value for 'C_Cpp.vcFormat.indent.preserveWithinParentheses', provide the URI of a resource or 'null' for any resource.
2026-06-04 15:15:44.355 [warning] [ms-vscode.cpptools] Accessing a resource scoped configuration without providing a resource is not expected. To get the effective value for 'C_Cpp.vcFormat.indent.caseLabels', provide the URI of a resource or 'null' for any resource.
2026-06-04 15:15:44.356 [warning] [ms-vscode.cpptools] Accessing a resource scoped configuration without providing a resource is not expected. To get the effective value for 'C_Cpp.vcFormat.indent.caseContents', provide the URI of a resource or 'null' for any resource.
2026-06-04 15:15:44.356 [warning] [ms-vscode.cpptools] Accessing a resource scoped configuration without providing a resource is not expected. To get the effective value for 'C_Cpp.vcFormat.indent.caseContentsWhenBlock', provide the URI of a resource or 'null' for any resource.
2026-06-04 15:15:44.356 [warning] [ms-vscode.cpptools] Accessing a resource scoped configuration without providing a resource is not expected. To get the effective value for 'C_Cpp.vcFormat.indent.lambdaBracesWhenParameter', provide the URI of a resource or 'null' for any resource.
2026-06-04 15:15:44.356 [warning] [ms-vscode.cpptools] Accessing a resource scoped configuration without providing a resource is not expected. To get the effective value for 'C_Cpp.vcFormat.indent.gotoLabels', provide the URI of a resource or 'null' for any resource.
2026-06-04 15:15:44.356 [warning] [ms-vscode.cpptools] Accessing a resource scoped configuration without providing a resource is not expected. To get the effective value for 'C_Cpp.vcFormat.indent.preprocessor', provide the URI of a resource or 'null' for any resource.
2026-06-04 15:15:44.356 [warning] [ms-vscode.cpptools] Accessing a resource scoped configuration without providing a resource is not expected. To get the effective value for 'C_Cpp.vcFormat.indent.accessSpecifiers', provide the URI of a resource or 'null' for any resource.
2026-06-04 15:15:44.356 [warning] [ms-vscode.cpptools] Accessing a resource scoped configuration without providing a resource is not expected. To get the effective value for 'C_Cpp.vcFormat.indent.namespaceContents', provide the URI of a resource or 'null' for any resource.
2026-06-04 15:15:44.356 [warning] [ms-vscode.cpptools] Accessing a resource scoped configuration without providing a resource is not expected. To get the effective value for 'C_Cpp.vcFormat.indent.preserveComments', provide the URI of a resource or 'null' for any resource.
2026-06-04 15:15:44.356 [warning] [ms-vscode.cpptools] Accessing a resource scoped configuration without providing a resource is not expected. To get the effective value for 'C_Cpp.vcFormat.newLine.beforeOpenBrace.namespace', provide the URI of a resource or 'null' for any resource.
2026-06-04 15:15:44.356 [warning] [ms-vscode.cpptools] Accessing a resource scoped configuration without providing a resource is not expected. To get the effective value for 'C_Cpp.vcFormat.newLine.beforeOpenBrace.type', provide the URI of a resource or 'null' for any resource.
2026-06-04 15:15:44.356 [warning] [ms-vscode.cpptools] Accessing a resource scoped configuration without providing a resource is not expected. To get the effective value for 'C_Cpp.vcFormat.newLine.beforeOpenBrace.function', provide the URI of a resource or 'null' for any resource.
2026-06-04 15:15:44.356 [warning] [ms-vscode.cpptools] Accessing a resource scoped configuration without providing a resource is not expected. To get the effective value for 'C_Cpp.vcFormat.newLine.beforeOpenBrace.block', provide the URI of a resource or 'null' for any resource.
2026-06-04 15:15:44.356 [warning] [ms-vscode.cpptools] Accessing a resource scoped configuration without providing a resource is not expected. To get the effective value for 'C_Cpp.vcFormat.newLine.beforeOpenBrace.lambda', provide the URI of a resource or 'null' for any resource.
2026-06-04 15:15:44.356 [warning] [ms-vscode.cpptools] Accessing a resource scoped configuration without providing a resource is not expected. To get the effective value for 'C_Cpp.vcFormat.newLine.scopeBracesOnSeparateLines', provide the URI of a resource or 'null' for any resource.
2026-06-04 15:15:44.356 [warning] [ms-vscode.cpptools] Accessing a resource scoped configuration without providing a resource is not expected. To get the effective value for 'C_Cpp.vcFormat.newLine.closeBraceSameLine.emptyType', provide the URI of a resource or 'null' for any resource.
2026-06-04 15:15:44.356 [warning] [ms-vscode.cpptools] Accessing a resource scoped configuration without providing a resource is not expected. To get the effective value for 'C_Cpp.vcFormat.newLine.closeBraceSameLine.emptyFunction', provide the URI of a resource or 'null' for any resource.
2026-06-04 15:15:44.356 [warning] [ms-vscode.cpptools] Accessing a resource scoped configuration without providing a resource is not expected. To get the effective value for 'C_Cpp.vcFormat.newLine.beforeCatch', provide the URI of a resource or 'null' for any resource.
2026-06-04 15:15:44.357 [warning] [ms-vscode.cpptools] Accessing a resource scoped configuration without providing a resource is not expected. To get the effective value for 'C_Cpp.vcFormat.newLine.beforeElse', provide the URI of a resource or 'null' for any resource.
2026-06-04 15:15:44.357 [warning] [ms-vscode.cpptools] Accessing a resource scoped configuration without providing a resource is not expected. To get the effective value for 'C_Cpp.vcFormat.newLine.beforeWhileInDoWhile', provide the URI of a resource or 'null' for any resource.
2026-06-04 15:15:44.357 [warning] [ms-vscode.cpptools] Accessing a resource scoped configuration without providing a resource is not expected. To get the effective value for 'C_Cpp.vcFormat.space.beforeFunctionOpenParenthesis', provide the URI of a resource or 'null' for any resource.
2026-06-04 15:15:44.357 [warning] [ms-vscode.cpptools] Accessing a resource scoped configuration without providing a resource is not expected. To get the effective value for 'C_Cpp.vcFormat.space.withinParameterListParentheses', provide the URI of a resource or 'null' for any resource.
2026-06-04 15:15:44.357 [warning] [ms-vscode.cpptools] Accessing a resource scoped configuration without providing a resource is not expected. To get the effective value for 'C_Cpp.vcFormat.space.betweenEmptyParameterListParentheses', provide the URI of a resource or 'null' for any resource.
2026-06-04 15:15:44.357 [warning] [ms-vscode.cpptools] Accessing a resource scoped configuration without providing a resource is not expected. To get the effective value for 'C_Cpp.vcFormat.space.afterKeywordsInControlFlowStatements', provide the URI of a resource or 'null' for any resource.
2026-06-04 15:15:44.357 [warning] [ms-vscode.cpptools] Accessing a resource scoped configuration without providing a resource is not expected. To get the effective value for 'C_Cpp.vcFormat.space.withinControlFlowStatementParentheses', provide the URI of a resource or 'null' for any resource.
2026-06-04 15:15:44.357 [warning] [ms-vscode.cpptools] Accessing a resource scoped configuration without providing a resource is not expected. To get the effective value for 'C_Cpp.vcFormat.space.beforeLambdaOpenParenthesis', provide the URI of a resource or 'null' for any resource.
2026-06-04 15:15:44.357 [warning] [ms-vscode.cpptools] Accessing a resource scoped configuration without providing a resource is not expected. To get the effective value for 'C_Cpp.vcFormat.space.withinCastParentheses', provide the URI of a resource or 'null' for any resource.
2026-06-04 15:15:44.357 [warning] [ms-vscode.cpptools] Accessing a resource scoped configuration without providing a resource is not expected. To get the effective value for 'C_Cpp.vcFormat.space.afterCastCloseParenthesis', provide the URI of a resource or 'null' for any resource.
2026-06-04 15:15:44.357 [warning] [ms-vscode.cpptools] Accessing a resource scoped configuration without providing a resource is not expected. To get the effective value for 'C_Cpp.vcFormat.space.withinExpressionParentheses', provide the URI of a resource or 'null' for any resource.
2026-06-04 15:15:44.357 [warning] [ms-vscode.cpptools] Accessing a resource scoped configuration without providing a resource is not expected. To get the effective value for 'C_Cpp.vcFormat.space.beforeBlockOpenBrace', provide the URI of a resource or 'null' for any resource.
2026-06-04 15:15:44.357 [warning] [ms-vscode.cpptools] Accessing a resource scoped configuration without providing a resource is not expected. To get the effective value for 'C_Cpp.vcFormat.space.betweenEmptyBraces', provide the URI of a resource or 'null' for any resource.
2026-06-04 15:15:44.357 [warning] [ms-vscode.cpptools] Accessing a resource scoped configuration without providing a resource is not expected. To get the effective value for 'C_Cpp.vcFormat.space.beforeInitializerListOpenBrace', provide the URI of a resource or 'null' for any resource.
2026-06-04 15:15:44.357 [warning] [ms-vscode.cpptools] Accessing a resource scoped configuration without providing a resource is not expected. To get the effective value for 'C_Cpp.vcFormat.space.withinInitializerListBraces', provide the URI of a resource or 'null' for any resource.
2026-06-04 15:15:44.357 [warning] [ms-vscode.cpptools] Accessing a resource scoped configuration without providing a resource is not expected. To get the effective value for 'C_Cpp.vcFormat.space.preserveInInitializerList', provide the URI of a resource or 'null' for any resource.
2026-06-04 15:15:44.357 [warning] [ms-vscode.cpptools] Accessing a resource scoped configuration without providing a resource is not expected. To get the effective value for 'C_Cpp.vcFormat.space.beforeOpenSquareBracket', provide the URI of a resource or 'null' for any resource.
2026-06-04 15:15:44.357 [warning] [ms-vscode.cpptools] Accessing a resource scoped configuration without providing a resource is not expected. To get the effective value for 'C_Cpp.vcFormat.space.withinSquareBrackets', provide the URI of a resource or 'null' for any resource.
2026-06-04 15:15:44.358 [warning] [ms-vscode.cpptools] Accessing a resource scoped configuration without providing a resource is not expected. To get the effective value for 'C_Cpp.vcFormat.space.beforeEmptySquareBrackets', provide the URI of a resource or 'null' for any resource.
2026-06-04 15:15:44.358 [warning] [ms-vscode.cpptools] Accessing a resource scoped configuration without providing a resource is not expected. To get the effective value for 'C_Cpp.vcFormat.space.betweenEmptySquareBrackets', provide the URI of a resource or 'null' for any resource.
2026-06-04 15:15:44.358 [warning] [ms-vscode.cpptools] Accessing a resource scoped configuration without providing a resource is not expected. To get the effective value for 'C_Cpp.vcFormat.space.groupSquareBrackets', provide the URI of a resource or 'null' for any resource.
2026-06-04 15:15:44.358 [warning] [ms-vscode.cpptools] Accessing a resource scoped configuration without providing a resource is not expected. To get the effective value for 'C_Cpp.vcFormat.space.withinLambdaBrackets', provide the URI of a resource or 'null' for any resource.
2026-06-04 15:15:44.358 [warning] [ms-vscode.cpptools] Accessing a resource scoped configuration without providing a resource is not expected. To get the effective value for 'C_Cpp.vcFormat.space.betweenEmptyLambdaBrackets', provide the URI of a resource or 'null' for any resource.
2026-06-04 15:15:44.358 [warning] [ms-vscode.cpptools] Accessing a resource scoped configuration without providing a resource is not expected. To get the effective value for 'C_Cpp.vcFormat.space.beforeComma', provide the URI of a resource or 'null' for any resource.
2026-06-04 15:15:44.358 [warning] [ms-vscode.cpptools] Accessing a resource scoped configuration without providing a resource is not expected. To get the effective value for 'C_Cpp.vcFormat.space.afterComma', provide the URI of a resource or 'null' for any resource.
2026-06-04 15:15:44.358 [warning] [ms-vscode.cpptools] Accessing a resource scoped configuration without providing a resource is not expected. To get the effective value for 'C_Cpp.vcFormat.space.removeAroundMemberOperators', provide the URI of a resource or 'null' for any resource.
2026-06-04 15:15:44.358 [warning] [ms-vscode.cpptools] Accessing a resource scoped configuration without providing a resource is not expected. To get the effective value for 'C_Cpp.vcFormat.space.beforeInheritanceColon', provide the URI of a resource or 'null' for any resource.
2026-06-04 15:15:44.358 [warning] [ms-vscode.cpptools] Accessing a resource scoped configuration without providing a resource is not expected. To get the effective value for 'C_Cpp.vcFormat.space.beforeConstructorColon', provide the URI of a resource or 'null' for any resource.
2026-06-04 15:15:44.358 [warning] [ms-vscode.cpptools] Accessing a resource scoped configuration without providing a resource is not expected. To get the effective value for 'C_Cpp.vcFormat.space.removeBeforeSemicolon', provide the URI of a resource or 'null' for any resource.
2026-06-04 15:15:44.358 [warning] [ms-vscode.cpptools] Accessing a resource scoped configuration without providing a resource is not expected. To get the effective value for 'C_Cpp.vcFormat.space.insertAfterSemicolon', provide the URI of a resource or 'null' for any resource.
2026-06-04 15:15:44.358 [warning] [ms-vscode.cpptools] Accessing a resource scoped configuration without providing a resource is not expected. To get the effective value for 'C_Cpp.vcFormat.space.removeAroundUnaryOperator', provide the URI of a resource or 'null' for any resource.
2026-06-04 15:15:44.358 [warning] [ms-vscode.cpptools] Accessing a resource scoped configuration without providing a resource is not expected. To get the effective value for 'C_Cpp.vcFormat.space.aroundBinaryOperator', provide the URI of a resource or 'null' for any resource.
2026-06-04 15:15:44.358 [warning] [ms-vscode.cpptools] Accessing a resource scoped configuration without providing a resource is not expected. To get the effective value for 'C_Cpp.vcFormat.space.aroundAssignmentOperator', provide the URI of a resource or 'null' for any resource.
2026-06-04 15:15:44.358 [warning] [ms-vscode.cpptools] Accessing a resource scoped configuration without providing a resource is not expected. To get the effective value for 'C_Cpp.vcFormat.space.pointerReferenceAlignment', provide the URI of a resource or 'null' for any resource.
2026-06-04 15:15:44.358 [warning] [ms-vscode.cpptools] Accessing a resource scoped configuration without providing a resource is not expected. To get the effective value for 'C_Cpp.vcFormat.space.aroundTernaryOperator', provide the URI of a resource or 'null' for any resource.
2026-06-04 15:15:44.358 [warning] [ms-vscode.cpptools] Accessing a resource scoped configuration without providing a resource is not expected. To get the effective value for 'C_Cpp.vcFormat.wrap.preserveBlocks', provide the URI of a resource or 'null' for any resource.
2026-06-04 15:15:44.359 [warning] [ms-vscode.cpptools] Accessing a resource scoped configuration without providing a resource is not expected. To get the effective value for 'C_Cpp.clang_format_style', provide the URI of a resource or 'null' for any resource.
2026-06-04 15:15:44.359 [warning] [ms-vscode.cpptools] Accessing a resource scoped configuration without providing a resource is not expected. To get the effective value for 'C_Cpp.formatting', provide the URI of a resource or 'null' for any resource.
2026-06-04 15:15:44.359 [warning] [ms-vscode.cpptools] Accessing a resource scoped configuration without providing a resource is not expected. To get the effective value for 'C_Cpp.clang_format_fallbackStyle', provide the URI of a resource or 'null' for any resource.
2026-06-04 15:15:44.359 [warning] [ms-vscode.cpptools] Accessing a resource scoped configuration without providing a resource is not expected. To get the effective value for 'C_Cpp.clang_format_sortIncludes', provide the URI of a resource or 'null' for any resource.
2026-06-04 15:15:44.359 [warning] [ms-vscode.cpptools] Accessing a resource scoped configuration without providing a resource is not expected. To get the effective value for 'C_Cpp.doxygen.generateOnType', provide the URI of a resource or 'null' for any resource.
2026-06-04 15:15:44.359 [warning] [ms-vscode.cpptools] Accessing a resource scoped configuration without providing a resource is not expected. To get the effective value for 'C_Cpp.doxygen.generateOnCodeAction', provide the URI of a resource or 'null' for any resource.
2026-06-04 15:15:44.359 [warning] [ms-vscode.cpptools] Accessing a resource scoped configuration without providing a resource is not expected. To get the effective value for 'C_Cpp.doxygen.generatedStyle', provide the URI of a resource or 'null' for any resource.
2026-06-04 15:15:44.359 [warning] [ms-vscode.cpptools] Accessing a resource scoped configuration without providing a resource is not expected. To get the effective value for 'C_Cpp.doxygen.sectionTags', provide the URI of a resource or 'null' for any resource.
2026-06-04 15:15:44.359 [warning] [ms-vscode.cpptools] Accessing a resource scoped configuration without providing a resource is not expected. To get the effective value for 'C_Cpp.markdownInComments', provide the URI of a resource or 'null' for any resource.
2026-06-04 15:15:44.359 [warning] [ms-vscode.cpptools] Accessing a resource scoped configuration without providing a resource is not expected. To get the effective value for 'C_Cpp.codeAnalysis.exclude', provide the URI of a resource or 'null' for any resource.
2026-06-04 15:15:44.360 [warning] [ms-vscode.cpptools] Accessing a resource scoped configuration without providing a resource is not expected. To get the effective value for 'C_Cpp.codeAnalysis.clangTidy.codeAction.formatFixes', provide the URI of a resource or 'null' for any resource.
2026-06-04 15:15:44.360 [warning] [ms-vscode.cpptools] Accessing a resource scoped configuration without providing a resource is not expected. To get the effective value for 'C_Cpp.codeAnalysis.clangTidy.enabled', provide the URI of a resource or 'null' for any resource.
2026-06-04 15:15:44.360 [warning] [ms-vscode.cpptools] Accessing a resource scoped configuration without providing a resource is not expected. To get the effective value for 'C_Cpp.codeAnalysis.clangTidy.config', provide the URI of a resource or 'null' for any resource.
2026-06-04 15:15:44.360 [warning] [ms-vscode.cpptools] Accessing a resource scoped configuration without providing a resource is not expected. To get the effective value for 'C_Cpp.codeAnalysis.clangTidy.fallbackConfig', provide the URI of a resource or 'null' for any resource.
2026-06-04 15:15:44.360 [warning] [ms-vscode.cpptools] Accessing a resource scoped configuration without providing a resource is not expected. To get the effective value for 'C_Cpp.codeAnalysis.clangTidy.headerFilter', provide the URI of a resource or 'null' for any resource.
2026-06-04 15:15:44.360 [warning] [ms-vscode.cpptools] Accessing a resource scoped configuration without providing a resource is not expected. To get the effective value for 'C_Cpp.codeAnalysis.clangTidy.args', provide the URI of a resource or 'null' for any resource.
2026-06-04 15:15:44.360 [warning] [ms-vscode.cpptools] Accessing a resource scoped configuration without providing a resource is not expected. To get the effective value for 'C_Cpp.codeAnalysis.clangTidy.useBuildPath', provide the URI of a resource or 'null' for any resource.
2026-06-04 15:15:44.360 [warning] [ms-vscode.cpptools] Accessing a resource scoped configuration without providing a resource is not expected. To get the effective value for 'C_Cpp.codeAnalysis.clangTidy.checks.enabled', provide the URI of a resource or 'null' for any resource.
2026-06-04 15:15:44.360 [warning] [ms-vscode.cpptools] Accessing a resource scoped configuration without providing a resource is not expected. To get the effective value for 'C_Cpp.codeAnalysis.clangTidy.checks.disabled', provide the URI of a resource or 'null' for any resource.
2026-06-04 15:15:44.360 [warning] [ms-vscode.cpptools] Accessing a resource scoped configuration without providing a resource is not expected. To get the effective value for 'C_Cpp.codeAnalysis.runAutomatically', provide the URI of a resource or 'null' for any resource.
2026-06-04 15:15:44.361 [warning] [ms-vscode.cpptools] Accessing a resource scoped configuration without providing a resource is not expected. To get the effective value for 'C_Cpp.debugShortcut', provide the URI of a resource or 'null' for any resource.
2026-06-04 15:15:44.361 [warning] [ms-vscode.cpptools] Accessing a resource scoped configuration without providing a resource is not expected. To get the effective value for 'C_Cpp.vcpkg.enabled', provide the URI of a resource or 'null' for any resource.
2026-06-04 15:15:44.382 [warning] [ms-vscode.cpptools] Accessing a resource scoped configuration without providing a resource is not expected. To get the effective value for 'C_Cpp.inlayHints.autoDeclarationTypes.enabled', provide the URI of a resource or 'null' for any resource.
2026-06-04 15:15:44.382 [warning] [ms-vscode.cpptools] Accessing a resource scoped configuration without providing a resource is not expected. To get the effective value for 'C_Cpp.inlayHints.autoDeclarationTypes.showOnLeft', provide the URI of a resource or 'null' for any resource.
2026-06-04 15:15:44.383 [warning] [ms-vscode.cpptools] Accessing a resource scoped configuration without providing a resource is not expected. To get the effective value for 'C_Cpp.inlayHints.parameterNames.enabled', provide the URI of a resource or 'null' for any resource.
2026-06-04 15:15:44.383 [warning] [ms-vscode.cpptools] Accessing a resource scoped configuration without providing a resource is not expected. To get the effective value for 'C_Cpp.inlayHints.parameterNames.suppressWhenArgumentContainsName', provide the URI of a resource or 'null' for any resource.
2026-06-04 15:15:44.383 [warning] [ms-vscode.cpptools] Accessing a resource scoped configuration without providing a resource is not expected. To get the effective value for 'C_Cpp.inlayHints.parameterNames.hideLeadingUnderscores', provide the URI of a resource or 'null' for any resource.
2026-06-04 15:15:44.383 [warning] [ms-vscode.cpptools] Accessing a resource scoped configuration without providing a resource is not expected. To get the effective value for 'C_Cpp.inlayHints.referenceOperator.enabled', provide the URI of a resource or 'null' for any resource.
2026-06-04 15:15:44.383 [warning] [ms-vscode.cpptools] Accessing a resource scoped configuration without providing a resource is not expected. To get the effective value for 'C_Cpp.inlayHints.referenceOperator.showSpace', provide the URI of a resource or 'null' for any resource.
2026-06-04 15:15:44.383 [warning] [ms-vscode.cpptools] Accessing a resource scoped configuration without providing a resource is not expected. To get the effective value for 'C_Cpp.autocompleteAddParentheses', provide the URI of a resource or 'null' for any resource.
2026-06-04 15:15:44.383 [warning] [ms-vscode.cpptools] Accessing a resource scoped configuration without providing a resource is not expected. To get the effective value for 'C_Cpp.suggestSnippets', provide the URI of a resource or 'null' for any resource.
2026-06-04 15:15:44.384 [warning] [ms-vscode.cpptools] Accessing a resource scoped configuration without providing a resource is not expected. To get the effective value for 'C_Cpp.legacyCompilerArgsBehavior', provide the URI of a resource or 'null' for any resource.
2026-06-04 15:15:44.384 [warning] [ms-vscode.cpptools] Accessing a resource scoped configuration without providing a resource is not expected. To get the effective value for 'C_Cpp.autocomplete', provide the URI of a resource or 'null' for any resource.
2026-06-04 15:15:44.384 [warning] [ms-vscode.cpptools] Accessing a resource scoped configuration without providing a resource is not expected. To get the effective value for 'C_Cpp.hover', provide the URI of a resource or 'null' for any resource.
2026-06-04 15:15:44.384 [warning] [ms-vscode.cpptools] Accessing a resource scoped configuration without providing a resource is not expected. To get the effective value for 'C_Cpp.errorSquiggles', provide the URI of a resource or 'null' for any resource.
2026-06-04 15:15:44.384 [warning] [ms-vscode.cpptools] Accessing a resource scoped configuration without providing a resource is not expected. To get the effective value for 'C_Cpp.dimInactiveRegions', provide the URI of a resource or 'null' for any resource.
2026-06-04 15:15:44.384 [warning] [ms-vscode.cpptools] Accessing a resource scoped configuration without providing a resource is not expected. To get the effective value for 'C_Cpp.inactiveRegionOpacity', provide the URI of a resource or 'null' for any resource.
2026-06-04 15:15:44.384 [warning] [ms-vscode.cpptools] Accessing a resource scoped configuration without providing a resource is not expected. To get the effective value for 'C_Cpp.inactiveRegionForegroundColor', provide the URI of a resource or 'null' for any resource.
2026-06-04 15:15:44.384 [warning] [ms-vscode.cpptools] Accessing a resource scoped configuration without providing a resource is not expected. To get the effective value for 'C_Cpp.inactiveRegionBackgroundColor', provide the URI of a resource or 'null' for any resource.
2026-06-04 15:15:44.384 [warning] [ms-vscode.cpptools] Accessing a resource scoped configuration without providing a resource is not expected. To get the effective value for 'C_Cpp.refactoring.includeHeader', provide the URI of a resource or 'null' for any resource.
2026-06-04 15:15:44.386 [warning] [ms-vscode.cpptools] Accessing a resource scoped configuration without providing a resource is not expected. To get the effective value for 'C_Cpp.default.cStandard', provide the URI of a resource or 'null' for any resource.
2026-06-04 15:15:44.386 [warning] [ms-vscode.cpptools] Accessing a resource scoped configuration without providing a resource is not expected. To get the effective value for 'C_Cpp.default.cppStandard', provide the URI of a resource or 'null' for any resource.
2026-06-04 15:15:44.386 [warning] [ms-vscode.cpptools] Accessing a resource scoped configuration without providing a resource is not expected. To get the effective value for 'C_Cpp.default.configurationProvider', provide the URI of a resource or 'null' for any resource.
2026-06-04 15:15:44.386 [warning] [ms-vscode.cpptools] Accessing a resource scoped configuration without providing a resource is not expected. To get the effective value for 'C_Cpp.default.mergeConfigurations', provide the URI of a resource or 'null' for any resource.
2026-06-04 15:15:44.386 [warning] [ms-vscode.cpptools] Accessing a resource scoped configuration without providing a resource is not expected. To get the effective value for 'C_Cpp.default.browse.limitSymbolsToIncludedHeaders', provide the URI of a resource or 'null' for any resource.
2026-06-04 15:15:44.387 [warning] [ms-vscode.cpptools] Accessing a resource scoped configuration without providing a resource is not expected. To get the effective value for 'C_Cpp.default.enableConfigurationSquiggles', provide the URI of a resource or 'null' for any resource.
2026-06-04 15:15:44.387 [warning] [ms-vscode.cpptools] Accessing a resource scoped configuration without providing a resource is not expected. To get the effective value for 'C_Cpp.default.dotConfig', provide the URI of a resource or 'null' for any resource.
2026-06-04 15:15:44.387 [warning] [ms-vscode.cpptools] Accessing a resource scoped configuration without providing a resource is not expected. To get the effective value for 'C_Cpp.default.recursiveIncludes.reduce', provide the URI of a resource or 'null' for any resource.
2026-06-04 15:15:44.387 [warning] [ms-vscode.cpptools] Accessing a resource scoped configuration without providing a resource is not expected. To get the effective value for 'C_Cpp.default.recursiveIncludes.priority', provide the URI of a resource or 'null' for any resource.
2026-06-04 15:15:44.387 [warning] [ms-vscode.cpptools] Accessing a resource scoped configuration without providing a resource is not expected. To get the effective value for 'C_Cpp.default.recursiveIncludes.order', provide the URI of a resource or 'null' for any resource.
2026-06-04 15:15:44.387 [warning] [ms-vscode.cpptools] Accessing a resource scoped configuration without providing a resource is not expected. To get the effective value for 'C_Cpp.configurationWarnings', provide the URI of a resource or 'null' for any resource.
2026-06-04 15:15:44.387 [warning] [ms-vscode.cpptools] Accessing a resource scoped configuration without providing a resource is not expected. To get the effective value for 'C_Cpp.intelliSenseEngine', provide the URI of a resource or 'null' for any resource.
2026-06-04 15:15:44.387 [warning] [ms-vscode.cpptools] Accessing a resource scoped configuration without providing a resource is not expected. To get the effective value for 'C_Cpp.exclusionPolicy', provide the URI of a resource or 'null' for any resource.
2026-06-04 15:15:44.387 [warning] [ms-vscode.cpptools] Accessing a resource scoped configuration without providing a resource is not expected. To get the effective value for 'C_Cpp.files.exclude', provide the URI of a resource or 'null' for any resource.
2026-06-04 15:15:44.388 [warning] [ms-vscode.cpptools] Accessing a resource scoped configuration without providing a resource is not expected. To get the effective value for 'C_Cpp.vcFormat.indent.braces', provide the URI of a resource or 'null' for any resource.
2026-06-04 15:15:44.388 [warning] [ms-vscode.cpptools] Accessing a resource scoped configuration without providing a resource is not expected. To get the effective value for 'C_Cpp.vcFormat.indent.multiLineRelativeTo', provide the URI of a resource or 'null' for any resource.
2026-06-04 15:15:44.388 [warning] [ms-vscode.cpptools] Accessing a resource scoped configuration without providing a resource is not expected. To get the effective value for 'C_Cpp.vcFormat.indent.withinParentheses', provide the URI of a resource or 'null' for any resource.
2026-06-04 15:15:44.388 [warning] [ms-vscode.cpptools] Accessing a resource scoped configuration without providing a resource is not expected. To get the effective value for 'C_Cpp.vcFormat.indent.preserveWithinParentheses', provide the URI of a resource or 'null' for any resource.
2026-06-04 15:15:44.388 [warning] [ms-vscode.cpptools] Accessing a resource scoped configuration without providing a resource is not expected. To get the effective value for 'C_Cpp.vcFormat.indent.caseLabels', provide the URI of a resource or 'null' for any resource.
2026-06-04 15:15:44.388 [warning] [ms-vscode.cpptools] Accessing a resource scoped configuration without providing a resource is not expected. To get the effective value for 'C_Cpp.vcFormat.indent.caseContents', provide the URI of a resource or 'null' for any resource.
2026-06-04 15:15:44.388 [warning] [ms-vscode.cpptools] Accessing a resource scoped configuration without providing a resource is not expected. To get the effective value for 'C_Cpp.vcFormat.indent.caseContentsWhenBlock', provide the URI of a resource or 'null' for any resource.
2026-06-04 15:15:44.388 [warning] [ms-vscode.cpptools] Accessing a resource scoped configuration without providing a resource is not expected. To get the effective value for 'C_Cpp.vcFormat.indent.lambdaBracesWhenParameter', provide the URI of a resource or 'null' for any resource.
2026-06-04 15:15:44.388 [warning] [ms-vscode.cpptools] Accessing a resource scoped configuration without providing a resource is not expected. To get the effective value for 'C_Cpp.vcFormat.indent.gotoLabels', provide the URI of a resource or 'null' for any resource.
2026-06-04 15:15:44.388 [warning] [ms-vscode.cpptools] Accessing a resource scoped configuration without providing a resource is not expected. To get the effective value for 'C_Cpp.vcFormat.indent.preprocessor', provide the URI of a resource or 'null' for any resource.
2026-06-04 15:15:44.389 [warning] [ms-vscode.cpptools] Accessing a resource scoped configuration without providing a resource is not expected. To get the effective value for 'C_Cpp.vcFormat.indent.accessSpecifiers', provide the URI of a resource or 'null' for any resource.
2026-06-04 15:15:44.389 [warning] [ms-vscode.cpptools] Accessing a resource scoped configuration without providing a resource is not expected. To get the effective value for 'C_Cpp.vcFormat.indent.namespaceContents', provide the URI of a resource or 'null' for any resource.
2026-06-04 15:15:44.389 [warning] [ms-vscode.cpptools] Accessing a resource scoped configuration without providing a resource is not expected. To get the effective value for 'C_Cpp.vcFormat.indent.preserveComments', provide the URI of a resource or 'null' for any resource.
2026-06-04 15:15:44.389 [warning] [ms-vscode.cpptools] Accessing a resource scoped configuration without providing a resource is not expected. To get the effective value for 'C_Cpp.vcFormat.newLine.beforeOpenBrace.namespace', provide the URI of a resource or 'null' for any resource.
2026-06-04 15:15:44.389 [warning] [ms-vscode.cpptools] Accessing a resource scoped configuration without providing a resource is not expected. To get the effective value for 'C_Cpp.vcFormat.newLine.beforeOpenBrace.type', provide the URI of a resource or 'null' for any resource.
2026-06-04 15:15:44.389 [warning] [ms-vscode.cpptools] Accessing a resource scoped configuration without providing a resource is not expected. To get the effective value for 'C_Cpp.vcFormat.newLine.beforeOpenBrace.function', provide the URI of a resource or 'null' for any resource.
2026-06-04 15:15:44.389 [warning] [ms-vscode.cpptools] Accessing a resource scoped configuration without providing a resource is not expected. To get the effective value for 'C_Cpp.vcFormat.newLine.beforeOpenBrace.block', provide the URI of a resource or 'null' for any resource.
2026-06-04 15:15:44.389 [warning] [ms-vscode.cpptools] Accessing a resource scoped configuration without providing a resource is not expected. To get the effective value for 'C_Cpp.vcFormat.newLine.beforeOpenBrace.lambda', provide the URI of a resource or 'null' for any resource.
2026-06-04 15:15:44.389 [warning] [ms-vscode.cpptools] Accessing a resource scoped configuration without providing a resource is not expected. To get the effective value for 'C_Cpp.vcFormat.newLine.scopeBracesOnSeparateLines', provide the URI of a resource or 'null' for any resource.
2026-06-04 15:15:44.389 [warning] [ms-vscode.cpptools] Accessing a resource scoped configuration without providing a resource is not expected. To get the effective value for 'C_Cpp.vcFormat.newLine.closeBraceSameLine.emptyType', provide the URI of a resource or 'null' for any resource.
2026-06-04 15:15:44.390 [warning] [ms-vscode.cpptools] Accessing a resource scoped configuration without providing a resource is not expected. To get the effective value for 'C_Cpp.vcFormat.newLine.closeBraceSameLine.emptyFunction', provide the URI of a resource or 'null' for any resource.
2026-06-04 15:15:44.390 [warning] [ms-vscode.cpptools] Accessing a resource scoped configuration without providing a resource is not expected. To get the effective value for 'C_Cpp.vcFormat.newLine.beforeCatch', provide the URI of a resource or 'null' for any resource.
2026-06-04 15:15:44.390 [warning] [ms-vscode.cpptools] Accessing a resource scoped configuration without providing a resource is not expected. To get the effective value for 'C_Cpp.vcFormat.newLine.beforeElse', provide the URI of a resource or 'null' for any resource.
2026-06-04 15:15:44.390 [warning] [ms-vscode.cpptools] Accessing a resource scoped configuration without providing a resource is not expected. To get the effective value for 'C_Cpp.vcFormat.newLine.beforeWhileInDoWhile', provide the URI of a resource or 'null' for any resource.
2026-06-04 15:15:44.390 [warning] [ms-vscode.cpptools] Accessing a resource scoped configuration without providing a resource is not expected. To get the effective value for 'C_Cpp.vcFormat.space.beforeFunctionOpenParenthesis', provide the URI of a resource or 'null' for any resource.
2026-06-04 15:15:44.390 [warning] [ms-vscode.cpptools] Accessing a resource scoped configuration without providing a resource is not expected. To get the effective value for 'C_Cpp.vcFormat.space.withinParameterListParentheses', provide the URI of a resource or 'null' for any resource.
2026-06-04 15:15:44.390 [warning] [ms-vscode.cpptools] Accessing a resource scoped configuration without providing a resource is not expected. To get the effective value for 'C_Cpp.vcFormat.space.betweenEmptyParameterListParentheses', provide the URI of a resource or 'null' for any resource.
2026-06-04 15:15:44.390 [warning] [ms-vscode.cpptools] Accessing a resource scoped configuration without providing a resource is not expected. To get the effective value for 'C_Cpp.vcFormat.space.afterKeywordsInControlFlowStatements', provide the URI of a resource or 'null' for any resource.
2026-06-04 15:15:44.390 [warning] [ms-vscode.cpptools] Accessing a resource scoped configuration without providing a resource is not expected. To get the effective value for 'C_Cpp.vcFormat.space.withinControlFlowStatementParentheses', provide the URI of a resource or 'null' for any resource.
2026-06-04 15:15:44.390 [warning] [ms-vscode.cpptools] Accessing a resource scoped configuration without providing a resource is not expected. To get the effective value for 'C_Cpp.vcFormat.space.beforeLambdaOpenParenthesis', provide the URI of a resource or 'null' for any resource.
2026-06-04 15:15:44.390 [warning] [ms-vscode.cpptools] Accessing a resource scoped configuration without providing a resource is not expected. To get the effective value for 'C_Cpp.vcFormat.space.withinCastParentheses', provide the URI of a resource or 'null' for any resource.
2026-06-04 15:15:44.391 [warning] [ms-vscode.cpptools] Accessing a resource scoped configuration without providing a resource is not expected. To get the effective value for 'C_Cpp.vcFormat.space.afterCastCloseParenthesis', provide the URI of a resource or 'null' for any resource.
2026-06-04 15:15:44.391 [warning] [ms-vscode.cpptools] Accessing a resource scoped configuration without providing a resource is not expected. To get the effective value for 'C_Cpp.vcFormat.space.withinExpressionParentheses', provide the URI of a resource or 'null' for any resource.
2026-06-04 15:15:44.391 [warning] [ms-vscode.cpptools] Accessing a resource scoped configuration without providing a resource is not expected. To get the effective value for 'C_Cpp.vcFormat.space.beforeBlockOpenBrace', provide the URI of a resource or 'null' for any resource.
2026-06-04 15:15:44.391 [warning] [ms-vscode.cpptools] Accessing a resource scoped configuration without providing a resource is not expected. To get the effective value for 'C_Cpp.vcFormat.space.betweenEmptyBraces', provide the URI of a resource or 'null' for any resource.
2026-06-04 15:15:44.391 [warning] [ms-vscode.cpptools] Accessing a resource scoped configuration without providing a resource is not expected. To get the effective value for 'C_Cpp.vcFormat.space.beforeInitializerListOpenBrace', provide the URI of a resource or 'null' for any resource.
2026-06-04 15:15:44.391 [warning] [ms-vscode.cpptools] Accessing a resource scoped configuration without providing a resource is not expected. To get the effective value for 'C_Cpp.vcFormat.space.withinInitializerListBraces', provide the URI of a resource or 'null' for any resource.
2026-06-04 15:15:44.391 [warning] [ms-vscode.cpptools] Accessing a resource scoped configuration without providing a resource is not expected. To get the effective value for 'C_Cpp.vcFormat.space.preserveInInitializerList', provide the URI of a resource or 'null' for any resource.
2026-06-04 15:15:44.391 [warning] [ms-vscode.cpptools] Accessing a resource scoped configuration without providing a resource is not expected. To get the effective value for 'C_Cpp.vcFormat.space.beforeOpenSquareBracket', provide the URI of a resource or 'null' for any resource.
2026-06-04 15:15:44.391 [warning] [ms-vscode.cpptools] Accessing a resource scoped configuration without providing a resource is not expected. To get the effective value for 'C_Cpp.vcFormat.space.withinSquareBrackets', provide the URI of a resource or 'null' for any resource.
2026-06-04 15:15:44.391 [warning] [ms-vscode.cpptools] Accessing a resource scoped configuration without providing a resource is not expected. To get the effective value for 'C_Cpp.vcFormat.space.beforeEmptySquareBrackets', provide the URI of a resource or 'null' for any resource.
2026-06-04 15:15:44.391 [warning] [ms-vscode.cpptools] Accessing a resource scoped configuration without providing a resource is not expected. To get the effective value for 'C_Cpp.vcFormat.space.betweenEmptySquareBrackets', provide the URI of a resource or 'null' for any resource.
2026-06-04 15:15:44.392 [warning] [ms-vscode.cpptools] Accessing a resource scoped configuration without providing a resource is not expected. To get the effective value for 'C_Cpp.vcFormat.space.groupSquareBrackets', provide the URI of a resource or 'null' for any resource.
2026-06-04 15:15:44.392 [warning] [ms-vscode.cpptools] Accessing a resource scoped configuration without providing a resource is not expected. To get the effective value for 'C_Cpp.vcFormat.space.withinLambdaBrackets', provide the URI of a resource or 'null' for any resource.
2026-06-04 15:15:44.392 [warning] [ms-vscode.cpptools] Accessing a resource scoped configuration without providing a resource is not expected. To get the effective value for 'C_Cpp.vcFormat.space.betweenEmptyLambdaBrackets', provide the URI of a resource or 'null' for any resource.
2026-06-04 15:15:44.392 [warning] [ms-vscode.cpptools] Accessing a resource scoped configuration without providing a resource is not expected. To get the effective value for 'C_Cpp.vcFormat.space.beforeComma', provide the URI of a resource or 'null' for any resource.
2026-06-04 15:15:44.392 [warning] [ms-vscode.cpptools] Accessing a resource scoped configuration without providing a resource is not expected. To get the effective value for 'C_Cpp.vcFormat.space.afterComma', provide the URI of a resource or 'null' for any resource.
2026-06-04 15:15:44.392 [warning] [ms-vscode.cpptools] Accessing a resource scoped configuration without providing a resource is not expected. To get the effective value for 'C_Cpp.vcFormat.space.removeAroundMemberOperators', provide the URI of a resource or 'null' for any resource.
2026-06-04 15:15:44.392 [warning] [ms-vscode.cpptools] Accessing a resource scoped configuration without providing a resource is not expected. To get the effective value for 'C_Cpp.vcFormat.space.beforeInheritanceColon', provide the URI of a resource or 'null' for any resource.
2026-06-04 15:15:44.392 [warning] [ms-vscode.cpptools] Accessing a resource scoped configuration without providing a resource is not expected. To get the effective value for 'C_Cpp.vcFormat.space.beforeConstructorColon', provide the URI of a resource or 'null' for any resource.
2026-06-04 15:15:44.392 [warning] [ms-vscode.cpptools] Accessing a resource scoped configuration without providing a resource is not expected. To get the effective value for 'C_Cpp.vcFormat.space.removeBeforeSemicolon', provide the URI of a resource or 'null' for any resource.
2026-06-04 15:15:44.392 [warning] [ms-vscode.cpptools] Accessing a resource scoped configuration without providing a resource is not expected. To get the effective value for 'C_Cpp.vcFormat.space.insertAfterSemicolon', provide the URI of a resource or 'null' for any resource.
2026-06-04 15:15:44.392 [warning] [ms-vscode.cpptools] Accessing a resource scoped configuration without providing a resource is not expected. To get the effective value for 'C_Cpp.vcFormat.space.removeAroundUnaryOperator', provide the URI of a resource or 'null' for any resource.
2026-06-04 15:15:44.393 [warning] [ms-vscode.cpptools] Accessing a resource scoped configuration without providing a resource is not expected. To get the effective value for 'C_Cpp.vcFormat.space.aroundBinaryOperator', provide the URI of a resource or 'null' for any resource.
2026-06-04 15:15:44.393 [warning] [ms-vscode.cpptools] Accessing a resource scoped configuration without providing a resource is not expected. To get the effective value for 'C_Cpp.vcFormat.space.aroundAssignmentOperator', provide the URI of a resource or 'null' for any resource.
2026-06-04 15:15:44.393 [warning] [ms-vscode.cpptools] Accessing a resource scoped configuration without providing a resource is not expected. To get the effective value for 'C_Cpp.vcFormat.space.pointerReferenceAlignment', provide the URI of a resource or 'null' for any resource.
2026-06-04 15:15:44.393 [warning] [ms-vscode.cpptools] Accessing a resource scoped configuration without providing a resource is not expected. To get the effective value for 'C_Cpp.vcFormat.space.aroundTernaryOperator', provide the URI of a resource or 'null' for any resource.
2026-06-04 15:15:44.393 [warning] [ms-vscode.cpptools] Accessing a resource scoped configuration without providing a resource is not expected. To get the effective value for 'C_Cpp.vcFormat.wrap.preserveBlocks', provide the URI of a resource or 'null' for any resource.
2026-06-04 15:15:44.393 [warning] [ms-vscode.cpptools] Accessing a resource scoped configuration without providing a resource is not expected. To get the effective value for 'C_Cpp.clang_format_style', provide the URI of a resource or 'null' for any resource.
2026-06-04 15:15:44.393 [warning] [ms-vscode.cpptools] Accessing a resource scoped configuration without providing a resource is not expected. To get the effective value for 'C_Cpp.formatting', provide the URI of a resource or 'null' for any resource.
2026-06-04 15:15:44.393 [warning] [ms-vscode.cpptools] Accessing a resource scoped configuration without providing a resource is not expected. To get the effective value for 'C_Cpp.clang_format_fallbackStyle', provide the URI of a resource or 'null' for any resource.
2026-06-04 15:15:44.393 [warning] [ms-vscode.cpptools] Accessing a resource scoped configuration without providing a resource is not expected. To get the effective value for 'C_Cpp.clang_format_sortIncludes', provide the URI of a resource or 'null' for any resource.
2026-06-04 15:15:44.393 [warning] [ms-vscode.cpptools] Accessing a resource scoped configuration without providing a resource is not expected. To get the effective value for 'C_Cpp.doxygen.generateOnType', provide the URI of a resource or 'null' for any resource.
2026-06-04 15:15:44.394 [warning] [ms-vscode.cpptools] Accessing a resource scoped configuration without providing a resource is not expected. To get the effective value for 'C_Cpp.doxygen.generateOnCodeAction', provide the URI of a resource or 'null' for any resource.
2026-06-04 15:15:44.394 [warning] [ms-vscode.cpptools] Accessing a resource scoped configuration without providing a resource is not expected. To get the effective value for 'C_Cpp.doxygen.generatedStyle', provide the URI of a resource or 'null' for any resource.
2026-06-04 15:15:44.394 [warning] [ms-vscode.cpptools] Accessing a resource scoped configuration without providing a resource is not expected. To get the effective value for 'C_Cpp.doxygen.sectionTags', provide the URI of a resource or 'null' for any resource.
2026-06-04 15:15:44.394 [warning] [ms-vscode.cpptools] Accessing a resource scoped configuration without providing a resource is not expected. To get the effective value for 'C_Cpp.markdownInComments', provide the URI of a resource or 'null' for any resource.
2026-06-04 15:15:44.394 [warning] [ms-vscode.cpptools] Accessing a resource scoped configuration without providing a resource is not expected. To get the effective value for 'C_Cpp.codeAnalysis.exclude', provide the URI of a resource or 'null' for any resource.
2026-06-04 15:15:44.395 [warning] [ms-vscode.cpptools] Accessing a resource scoped configuration without providing a resource is not expected. To get the effective value for 'C_Cpp.codeAnalysis.clangTidy.codeAction.formatFixes', provide the URI of a resource or 'null' for any resource.
2026-06-04 15:15:44.395 [warning] [ms-vscode.cpptools] Accessing a resource scoped configuration without providing a resource is not expected. To get the effective value for 'C_Cpp.codeAnalysis.clangTidy.enabled', provide the URI of a resource or 'null' for any resource.
2026-06-04 15:15:44.395 [warning] [ms-vscode.cpptools] Accessing a resource scoped configuration without providing a resource is not expected. To get the effective value for 'C_Cpp.codeAnalysis.clangTidy.config', provide the URI of a resource or 'null' for any resource.
2026-06-04 15:15:44.395 [warning] [ms-vscode.cpptools] Accessing a resource scoped configuration without providing a resource is not expected. To get the effective value for 'C_Cpp.codeAnalysis.clangTidy.fallbackConfig', provide the URI of a resource or 'null' for any resource.
2026-06-04 15:15:44.395 [warning] [ms-vscode.cpptools] Accessing a resource scoped configuration without providing a resource is not expected. To get the effective value for 'C_Cpp.codeAnalysis.clangTidy.headerFilter', provide the URI of a resource or 'null' for any resource.
2026-06-04 15:15:44.395 [warning] [ms-vscode.cpptools] Accessing a resource scoped configuration without providing a resource is not expected. To get the effective value for 'C_Cpp.codeAnalysis.clangTidy.args', provide the URI of a resource or 'null' for any resource.
2026-06-04 15:15:44.396 [warning] [ms-vscode.cpptools] Accessing a resource scoped configuration without providing a resource is not expected. To get the effective value for 'C_Cpp.codeAnalysis.clangTidy.useBuildPath', provide the URI of a resource or 'null' for any resource.
2026-06-04 15:15:44.396 [warning] [ms-vscode.cpptools] Accessing a resource scoped configuration without providing a resource is not expected. To get the effective value for 'C_Cpp.codeAnalysis.clangTidy.checks.enabled', provide the URI of a resource or 'null' for any resource.
2026-06-04 15:15:44.396 [warning] [ms-vscode.cpptools] Accessing a resource scoped configuration without providing a resource is not expected. To get the effective value for 'C_Cpp.codeAnalysis.clangTidy.checks.disabled', provide the URI of a resource or 'null' for any resource.
2026-06-04 15:15:44.396 [warning] [ms-vscode.cpptools] Accessing a resource scoped configuration without providing a resource is not expected. To get the effective value for 'C_Cpp.codeAnalysis.runAutomatically', provide the URI of a resource or 'null' for any resource.
2026-06-04 15:15:44.396 [warning] [ms-vscode.cpptools] Accessing a resource scoped configuration without providing a resource is not expected. To get the effective value for 'C_Cpp.debugShortcut', provide the URI of a resource or 'null' for any resource.
2026-06-04 15:15:44.397 [warning] [ms-vscode.cpptools] Accessing a resource scoped configuration without providing a resource is not expected. To get the effective value for 'C_Cpp.vcpkg.enabled', provide the URI of a resource or 'null' for any resource.
2026-06-04 15:15:44.408 [info] ExtensionService#_doActivateExtension vscode.microsoft-authentication, startup: false, activationEvent: 'onAuthenticationRequest:microsoft'
2026-06-04 15:15:44.503 [warning] Accessing a resource scoped configuration without providing a resource is not expected. To get the effective value for 'files.watcherExclude', provide the URI of a resource or 'null' for any resource.
2026-06-04 15:15:45.050 [warning] Accessing a resource scoped configuration without providing a resource is not expected. To get the effective value for 'files.watcherExclude', provide the URI of a resource or 'null' for any resource.
2026-06-04 15:15:45.354 [warning] [ms-vscode.cpptools] Accessing a resource scoped configuration without providing a resource is not expected. To get the effective value for 'files.exclude', provide the URI of a resource or 'null' for any resource.
2026-06-04 15:15:45.354 [warning] [ms-vscode.cpptools] Accessing a resource scoped configuration without providing a resource is not expected. To get the effective value for 'search.exclude', provide the URI of a resource or 'null' for any resource.
2026-06-04 15:15:45.406 [warning] [ms-vscode.cpptools] Accessing a resource scoped configuration without providing a resource is not expected. To get the effective value for 'C_Cpp.inlayHints.autoDeclarationTypes.enabled', provide the URI of a resource or 'null' for any resource.
2026-06-04 15:15:45.406 [warning] [ms-vscode.cpptools] Accessing a resource scoped configuration without providing a resource is not expected. To get the effective value for 'C_Cpp.inlayHints.autoDeclarationTypes.showOnLeft', provide the URI of a resource or 'null' for any resource.
2026-06-04 15:15:45.406 [warning] [ms-vscode.cpptools] Accessing a resource scoped configuration without providing a resource is not expected. To get the effective value for 'C_Cpp.inlayHints.parameterNames.enabled', provide the URI of a resource or 'null' for any resource.
2026-06-04 15:15:45.406 [warning] [ms-vscode.cpptools] Accessing a resource scoped configuration without providing a resource is not expected. To get the effective value for 'C_Cpp.inlayHints.parameterNames.suppressWhenArgumentContainsName', provide the URI of a resource or 'null' for any resource.
2026-06-04 15:15:45.406 [warning] [ms-vscode.cpptools] Accessing a resource scoped configuration without providing a resource is not expected. To get the effective value for 'C_Cpp.inlayHints.parameterNames.hideLeadingUnderscores', provide the URI of a resource or 'null' for any resource.
2026-06-04 15:15:45.406 [warning] [ms-vscode.cpptools] Accessing a resource scoped configuration without providing a resource is not expected. To get the effective value for 'C_Cpp.inlayHints.referenceOperator.enabled', provide the URI of a resource or 'null' for any resource.
2026-06-04 15:15:45.407 [warning] [ms-vscode.cpptools] Accessing a resource scoped configuration without providing a resource is not expected. To get the effective value for 'C_Cpp.inlayHints.referenceOperator.showSpace', provide the URI of a resource or 'null' for any resource.
2026-06-04 15:15:45.407 [warning] [ms-vscode.cpptools] Accessing a resource scoped configuration without providing a resource is not expected. To get the effective value for 'C_Cpp.autocompleteAddParentheses', provide the URI of a resource or 'null' for any resource.
2026-06-04 15:15:45.407 [warning] [ms-vscode.cpptools] Accessing a resource scoped configuration without providing a resource is not expected. To get the effective value for 'C_Cpp.suggestSnippets', provide the URI of a resource or 'null' for any resource.
2026-06-04 15:15:45.407 [warning] [ms-vscode.cpptools] Accessing a resource scoped configuration without providing a resource is not expected. To get the effective value for 'C_Cpp.legacyCompilerArgsBehavior', provide the URI of a resource or 'null' for any resource.
2026-06-04 15:15:45.407 [warning] [ms-vscode.cpptools] Accessing a resource scoped configuration without providing a resource is not expected. To get the effective value for 'C_Cpp.autocomplete', provide the URI of a resource or 'null' for any resource.
2026-06-04 15:15:45.407 [warning] [ms-vscode.cpptools] Accessing a resource scoped configuration without providing a resource is not expected. To get the effective value for 'C_Cpp.hover', provide the URI of a resource or 'null' for any resource.
2026-06-04 15:15:45.407 [warning] [ms-vscode.cpptools] Accessing a resource scoped configuration without providing a resource is not expected. To get the effective value for 'C_Cpp.errorSquiggles', provide the URI of a resource or 'null' for any resource.
2026-06-04 15:15:45.407 [warning] [ms-vscode.cpptools] Accessing a resource scoped configuration without providing a resource is not expected. To get the effective value for 'C_Cpp.dimInactiveRegions', provide the URI of a resource or 'null' for any resource.
2026-06-04 15:15:45.407 [warning] [ms-vscode.cpptools] Accessing a resource scoped configuration without providing a resource is not expected. To get the effective value for 'C_Cpp.inactiveRegionOpacity', provide the URI of a resource or 'null' for any resource.
2026-06-04 15:15:45.407 [warning] [ms-vscode.cpptools] Accessing a resource scoped configuration without providing a resource is not expected. To get the effective value for 'C_Cpp.inactiveRegionForegroundColor', provide the URI of a resource or 'null' for any resource.
2026-06-04 15:15:45.407 [warning] [ms-vscode.cpptools] Accessing a resource scoped configuration without providing a resource is not expected. To get the effective value for 'C_Cpp.inactiveRegionBackgroundColor', provide the URI of a resource or 'null' for any resource.
2026-06-04 15:15:45.407 [warning] [ms-vscode.cpptools] Accessing a resource scoped configuration without providing a resource is not expected. To get the effective value for 'C_Cpp.refactoring.includeHeader', provide the URI of a resource or 'null' for any resource.
2026-06-04 15:15:45.408 [warning] [ms-vscode.cpptools] Accessing a resource scoped configuration without providing a resource is not expected. To get the effective value for 'C_Cpp.default.cStandard', provide the URI of a resource or 'null' for any resource.
2026-06-04 15:15:45.408 [warning] [ms-vscode.cpptools] Accessing a resource scoped configuration without providing a resource is not expected. To get the effective value for 'C_Cpp.default.cppStandard', provide the URI of a resource or 'null' for any resource.
2026-06-04 15:15:45.408 [warning] [ms-vscode.cpptools] Accessing a resource scoped configuration without providing a resource is not expected. To get the effective value for 'C_Cpp.default.configurationProvider', provide the URI of a resource or 'null' for any resource.
2026-06-04 15:15:45.408 [warning] [ms-vscode.cpptools] Accessing a resource scoped configuration without providing a resource is not expected. To get the effective value for 'C_Cpp.default.mergeConfigurations', provide the URI of a resource or 'null' for any resource.
2026-06-04 15:15:45.408 [warning] [ms-vscode.cpptools] Accessing a resource scoped configuration without providing a resource is not expected. To get the effective value for 'C_Cpp.default.browse.limitSymbolsToIncludedHeaders', provide the URI of a resource or 'null' for any resource.
2026-06-04 15:15:45.408 [warning] [ms-vscode.cpptools] Accessing a resource scoped configuration without providing a resource is not expected. To get the effective value for 'C_Cpp.default.enableConfigurationSquiggles', provide the URI of a resource or 'null' for any resource.
2026-06-04 15:15:45.409 [warning] [ms-vscode.cpptools] Accessing a resource scoped configuration without providing a resource is not expected. To get the effective value for 'C_Cpp.default.dotConfig', provide the URI of a resource or 'null' for any resource.
2026-06-04 15:15:45.409 [warning] [ms-vscode.cpptools] Accessing a resource scoped configuration without providing a resource is not expected. To get the effective value for 'C_Cpp.default.recursiveIncludes.reduce', provide the URI of a resource or 'null' for any resource.
2026-06-04 15:15:45.409 [warning] [ms-vscode.cpptools] Accessing a resource scoped configuration without providing a resource is not expected. To get the effective value for 'C_Cpp.default.recursiveIncludes.priority', provide the URI of a resource or 'null' for any resource.
2026-06-04 15:15:45.409 [warning] [ms-vscode.cpptools] Accessing a resource scoped configuration without providing a resource is not expected. To get the effective value for 'C_Cpp.default.recursiveIncludes.order', provide the URI of a resource or 'null' for any resource.
2026-06-04 15:15:45.409 [warning] [ms-vscode.cpptools] Accessing a resource scoped configuration without providing a resource is not expected. To get the effective value for 'C_Cpp.configurationWarnings', provide the URI of a resource or 'null' for any resource.
2026-06-04 15:15:45.409 [warning] [ms-vscode.cpptools] Accessing a resource scoped configuration without providing a resource is not expected. To get the effective value for 'C_Cpp.intelliSenseEngine', provide the URI of a resource or 'null' for any resource.
2026-06-04 15:15:45.409 [warning] [ms-vscode.cpptools] Accessing a resource scoped configuration without providing a resource is not expected. To get the effective value for 'C_Cpp.exclusionPolicy', provide the URI of a resource or 'null' for any resource.
2026-06-04 15:15:45.409 [warning] [ms-vscode.cpptools] Accessing a resource scoped configuration without providing a resource is not expected. To get the effective value for 'C_Cpp.files.exclude', provide the URI of a resource or 'null' for any resource.
2026-06-04 15:15:45.409 [warning] [ms-vscode.cpptools] Accessing a resource scoped configuration without providing a resource is not expected. To get the effective value for 'C_Cpp.vcFormat.indent.braces', provide the URI of a resource or 'null' for any resource.
2026-06-04 15:15:45.409 [warning] [ms-vscode.cpptools] Accessing a resource scoped configuration without providing a resource is not expected. To get the effective value for 'C_Cpp.vcFormat.indent.multiLineRelativeTo', provide the URI of a resource or 'null' for any resource.
2026-06-04 15:15:45.409 [warning] [ms-vscode.cpptools] Accessing a resource scoped configuration without providing a resource is not expected. To get the effective value for 'C_Cpp.vcFormat.indent.withinParentheses', provide the URI of a resource or 'null' for any resource.
2026-06-04 15:15:45.410 [warning] [ms-vscode.cpptools] Accessing a resource scoped configuration without providing a resource is not expected. To get the effective value for 'C_Cpp.vcFormat.indent.preserveWithinParentheses', provide the URI of a resource or 'null' for any resource.
2026-06-04 15:15:45.410 [warning] [ms-vscode.cpptools] Accessing a resource scoped configuration without providing a resource is not expected. To get the effective value for 'C_Cpp.vcFormat.indent.caseLabels', provide the URI of a resource or 'null' for any resource.
2026-06-04 15:15:45.410 [warning] [ms-vscode.cpptools] Accessing a resource scoped configuration without providing a resource is not expected. To get the effective value for 'C_Cpp.vcFormat.indent.caseContents', provide the URI of a resource or 'null' for any resource.
2026-06-04 15:15:45.410 [warning] [ms-vscode.cpptools] Accessing a resource scoped configuration without providing a resource is not expected. To get the effective value for 'C_Cpp.vcFormat.indent.caseContentsWhenBlock', provide the URI of a resource or 'null' for any resource.
2026-06-04 15:15:45.410 [warning] [ms-vscode.cpptools] Accessing a resource scoped configuration without providing a resource is not expected. To get the effective value for 'C_Cpp.vcFormat.indent.lambdaBracesWhenParameter', provide the URI of a resource or 'null' for any resource.
2026-06-04 15:15:45.410 [warning] [ms-vscode.cpptools] Accessing a resource scoped configuration without providing a resource is not expected. To get the effective value for 'C_Cpp.vcFormat.indent.gotoLabels', provide the URI of a resource or 'null' for any resource.
2026-06-04 15:15:45.410 [warning] [ms-vscode.cpptools] Accessing a resource scoped configuration without providing a resource is not expected. To get the effective value for 'C_Cpp.vcFormat.indent.preprocessor', provide the URI of a resource or 'null' for any resource.
2026-06-04 15:15:45.410 [warning] [ms-vscode.cpptools] Accessing a resource scoped configuration without providing a resource is not expected. To get the effective value for 'C_Cpp.vcFormat.indent.accessSpecifiers', provide the URI of a resource or 'null' for any resource.
2026-06-04 15:15:45.410 [warning] [ms-vscode.cpptools] Accessing a resource scoped configuration without providing a resource is not expected. To get the effective value for 'C_Cpp.vcFormat.indent.namespaceContents', provide the URI of a resource or 'null' for any resource.
2026-06-04 15:15:45.410 [warning] [ms-vscode.cpptools] Accessing a resource scoped configuration without providing a resource is not expected. To get the effective value for 'C_Cpp.vcFormat.indent.preserveComments', provide the URI of a resource or 'null' for any resource.
2026-06-04 15:15:45.410 [warning] [ms-vscode.cpptools] Accessing a resource scoped configuration without providing a resource is not expected. To get the effective value for 'C_Cpp.vcFormat.newLine.beforeOpenBrace.namespace', provide the URI of a resource or 'null' for any resource.
2026-06-04 15:15:45.410 [warning] [ms-vscode.cpptools] Accessing a resource scoped configuration without providing a resource is not expected. To get the effective value for 'C_Cpp.vcFormat.newLine.beforeOpenBrace.type', provide the URI of a resource or 'null' for any resource.
2026-06-04 15:15:45.410 [warning] [ms-vscode.cpptools] Accessing a resource scoped configuration without providing a resource is not expected. To get the effective value for 'C_Cpp.vcFormat.newLine.beforeOpenBrace.function', provide the URI of a resource or 'null' for any resource.
2026-06-04 15:15:45.410 [warning] [ms-vscode.cpptools] Accessing a resource scoped configuration without providing a resource is not expected. To get the effective value for 'C_Cpp.vcFormat.newLine.beforeOpenBrace.block', provide the URI of a resource or 'null' for any resource.
2026-06-04 15:15:45.410 [warning] [ms-vscode.cpptools] Accessing a resource scoped configuration without providing a resource is not expected. To get the effective value for 'C_Cpp.vcFormat.newLine.beforeOpenBrace.lambda', provide the URI of a resource or 'null' for any resource.
2026-06-04 15:15:45.411 [warning] [ms-vscode.cpptools] Accessing a resource scoped configuration without providing a resource is not expected. To get the effective value for 'C_Cpp.vcFormat.newLine.scopeBracesOnSeparateLines', provide the URI of a resource or 'null' for any resource.
2026-06-04 15:15:45.411 [warning] [ms-vscode.cpptools] Accessing a resource scoped configuration without providing a resource is not expected. To get the effective value for 'C_Cpp.vcFormat.newLine.closeBraceSameLine.emptyType', provide the URI of a resource or 'null' for any resource.
2026-06-04 15:15:45.411 [warning] [ms-vscode.cpptools] Accessing a resource scoped configuration without providing a resource is not expected. To get the effective value for 'C_Cpp.vcFormat.newLine.closeBraceSameLine.emptyFunction', provide the URI of a resource or 'null' for any resource.
2026-06-04 15:15:45.411 [warning] [ms-vscode.cpptools] Accessing a resource scoped configuration without providing a resource is not expected. To get the effective value for 'C_Cpp.vcFormat.newLine.beforeCatch', provide the URI of a resource or 'null' for any resource.
2026-06-04 15:15:45.411 [warning] [ms-vscode.cpptools] Accessing a resource scoped configuration without providing a resource is not expected. To get the effective value for 'C_Cpp.vcFormat.newLine.beforeElse', provide the URI of a resource or 'null' for any resource.
2026-06-04 15:15:45.411 [warning] [ms-vscode.cpptools] Accessing a resource scoped configuration without providing a resource is not expected. To get the effective value for 'C_Cpp.vcFormat.newLine.beforeWhileInDoWhile', provide the URI of a resource or 'null' for any resource.
2026-06-04 15:15:45.411 [warning] [ms-vscode.cpptools] Accessing a resource scoped configuration without providing a resource is not expected. To get the effective value for 'C_Cpp.vcFormat.space.beforeFunctionOpenParenthesis', provide the URI of a resource or 'null' for any resource.
2026-06-04 15:15:45.411 [warning] [ms-vscode.cpptools] Accessing a resource scoped configuration without providing a resource is not expected. To get the effective value for 'C_Cpp.vcFormat.space.withinParameterListParentheses', provide the URI of a resource or 'null' for any resource.
2026-06-04 15:15:45.411 [warning] [ms-vscode.cpptools] Accessing a resource scoped configuration without providing a resource is not expected. To get the effective value for 'C_Cpp.vcFormat.space.betweenEmptyParameterListParentheses', provide the URI of a resource or 'null' for any resource.
2026-06-04 15:15:45.411 [warning] [ms-vscode.cpptools] Accessing a resource scoped configuration without providing a resource is not expected. To get the effective value for 'C_Cpp.vcFormat.space.afterKeywordsInControlFlowStatements', provide the URI of a resource or 'null' for any resource.
2026-06-04 15:15:45.411 [warning] [ms-vscode.cpptools] Accessing a resource scoped configuration without providing a resource is not expected. To get the effective value for 'C_Cpp.vcFormat.space.withinControlFlowStatementParentheses', provide the URI of a resource or 'null' for any resource.
2026-06-04 15:15:45.411 [warning] [ms-vscode.cpptools] Accessing a resource scoped configuration without providing a resource is not expected. To get the effective value for 'C_Cpp.vcFormat.space.beforeLambdaOpenParenthesis', provide the URI of a resource or 'null' for any resource.
2026-06-04 15:15:45.420 [warning] [ms-vscode.cpptools] Accessing a resource scoped configuration without providing a resource is not expected. To get the effective value for 'C_Cpp.vcFormat.space.withinCastParentheses', provide the URI of a resource or 'null' for any resource.
2026-06-04 15:15:45.420 [warning] [ms-vscode.cpptools] Accessing a resource scoped configuration without providing a resource is not expected. To get the effective value for 'C_Cpp.vcFormat.space.afterCastCloseParenthesis', provide the URI of a resource or 'null' for any resource.
2026-06-04 15:15:45.420 [warning] [ms-vscode.cpptools] Accessing a resource scoped configuration without providing a resource is not expected. To get the effective value for 'C_Cpp.vcFormat.space.withinExpressionParentheses', provide the URI of a resource or 'null' for any resource.
2026-06-04 15:15:45.420 [warning] [ms-vscode.cpptools] Accessing a resource scoped configuration without providing a resource is not expected. To get the effective value for 'C_Cpp.vcFormat.space.beforeBlockOpenBrace', provide the URI of a resource or 'null' for any resource.
2026-06-04 15:15:45.420 [warning] [ms-vscode.cpptools] Accessing a resource scoped configuration without providing a resource is not expected. To get the effective value for 'C_Cpp.vcFormat.space.betweenEmptyBraces', provide the URI of a resource or 'null' for any resource.
2026-06-04 15:15:45.420 [warning] [ms-vscode.cpptools] Accessing a resource scoped configuration without providing a resource is not expected. To get the effective value for 'C_Cpp.vcFormat.space.beforeInitializerListOpenBrace', provide the URI of a resource or 'null' for any resource.
2026-06-04 15:15:45.420 [warning] [ms-vscode.cpptools] Accessing a resource scoped configuration without providing a resource is not expected. To get the effective value for 'C_Cpp.vcFormat.space.withinInitializerListBraces', provide the URI of a resource or 'null' for any resource.
2026-06-04 15:15:45.420 [warning] [ms-vscode.cpptools] Accessing a resource scoped configuration without providing a resource is not expected. To get the effective value for 'C_Cpp.vcFormat.space.preserveInInitializerList', provide the URI of a resource or 'null' for any resource.
2026-06-04 15:15:45.420 [warning] [ms-vscode.cpptools] Accessing a resource scoped configuration without providing a resource is not expected. To get the effective value for 'C_Cpp.vcFormat.space.beforeOpenSquareBracket', provide the URI of a resource or 'null' for any resource.
2026-06-04 15:15:45.421 [warning] [ms-vscode.cpptools] Accessing a resource scoped configuration without providing a resource is not expected. To get the effective value for 'C_Cpp.vcFormat.space.withinSquareBrackets', provide the URI of a resource or 'null' for any resource.
2026-06-04 15:15:45.421 [warning] [ms-vscode.cpptools] Accessing a resource scoped configuration without providing a resource is not expected. To get the effective value for 'C_Cpp.vcFormat.space.beforeEmptySquareBrackets', provide the URI of a resource or 'null' for any resource.
2026-06-04 15:15:45.421 [warning] [ms-vscode.cpptools] Accessing a resource scoped configuration without providing a resource is not expected. To get the effective value for 'C_Cpp.vcFormat.space.betweenEmptySquareBrackets', provide the URI of a resource or 'null' for any resource.
2026-06-04 15:15:45.421 [warning] [ms-vscode.cpptools] Accessing a resource scoped configuration without providing a resource is not expected. To get the effective value for 'C_Cpp.vcFormat.space.groupSquareBrackets', provide the URI of a resource or 'null' for any resource.
2026-06-04 15:15:45.421 [warning] [ms-vscode.cpptools] Accessing a resource scoped configuration without providing a resource is not expected. To get the effective value for 'C_Cpp.vcFormat.space.withinLambdaBrackets', provide the URI of a resource or 'null' for any resource.
2026-06-04 15:15:45.421 [warning] [ms-vscode.cpptools] Accessing a resource scoped configuration without providing a resource is not expected. To get the effective value for 'C_Cpp.vcFormat.space.betweenEmptyLambdaBrackets', provide the URI of a resource or 'null' for any resource.
2026-06-04 15:15:45.421 [warning] [ms-vscode.cpptools] Accessing a resource scoped configuration without providing a resource is not expected. To get the effective value for 'C_Cpp.vcFormat.space.beforeComma', provide the URI of a resource or 'null' for any resource.
2026-06-04 15:15:45.421 [warning] [ms-vscode.cpptools] Accessing a resource scoped configuration without providing a resource is not expected. To get the effective value for 'C_Cpp.vcFormat.space.afterComma', provide the URI of a resource or 'null' for any resource.
2026-06-04 15:15:45.421 [warning] [ms-vscode.cpptools] Accessing a resource scoped configuration without providing a resource is not expected. To get the effective value for 'C_Cpp.vcFormat.space.removeAroundMemberOperators', provide the URI of a resource or 'null' for any resource.
2026-06-04 15:15:45.421 [warning] [ms-vscode.cpptools] Accessing a resource scoped configuration without providing a resource is not expected. To get the effective value for 'C_Cpp.vcFormat.space.beforeInheritanceColon', provide the URI of a resource or 'null' for any resource.
2026-06-04 15:15:45.421 [warning] [ms-vscode.cpptools] Accessing a resource scoped configuration without providing a resource is not expected. To get the effective value for 'C_Cpp.vcFormat.space.beforeConstructorColon', provide the URI of a resource or 'null' for any resource.
2026-06-04 15:15:45.421 [warning] [ms-vscode.cpptools] Accessing a resource scoped configuration without providing a resource is not expected. To get the effective value for 'C_Cpp.vcFormat.space.removeBeforeSemicolon', provide the URI of a resource or 'null' for any resource.
2026-06-04 15:15:45.421 [warning] [ms-vscode.cpptools] Accessing a resource scoped configuration without providing a resource is not expected. To get the effective value for 'C_Cpp.vcFormat.space.insertAfterSemicolon', provide the URI of a resource or 'null' for any resource.
2026-06-04 15:15:45.421 [warning] [ms-vscode.cpptools] Accessing a resource scoped configuration without providing a resource is not expected. To get the effective value for 'C_Cpp.vcFormat.space.removeAroundUnaryOperator', provide the URI of a resource or 'null' for any resource.
2026-06-04 15:15:45.421 [warning] [ms-vscode.cpptools] Accessing a resource scoped configuration without providing a resource is not expected. To get the effective value for 'C_Cpp.vcFormat.space.aroundBinaryOperator', provide the URI of a resource or 'null' for any resource.
2026-06-04 15:15:45.421 [warning] [ms-vscode.cpptools] Accessing a resource scoped configuration without providing a resource is not expected. To get the effective value for 'C_Cpp.vcFormat.space.aroundAssignmentOperator', provide the URI of a resource or 'null' for any resource.
2026-06-04 15:15:45.421 [warning] [ms-vscode.cpptools] Accessing a resource scoped configuration without providing a resource is not expected. To get the effective value for 'C_Cpp.vcFormat.space.pointerReferenceAlignment', provide the URI of a resource or 'null' for any resource.
2026-06-04 15:15:45.421 [warning] [ms-vscode.cpptools] Accessing a resource scoped configuration without providing a resource is not expected. To get the effective value for 'C_Cpp.vcFormat.space.aroundTernaryOperator', provide the URI of a resource or 'null' for any resource.
2026-06-04 15:15:45.422 [warning] [ms-vscode.cpptools] Accessing a resource scoped configuration without providing a resource is not expected. To get the effective value for 'C_Cpp.vcFormat.wrap.preserveBlocks', provide the URI of a resource or 'null' for any resource.
2026-06-04 15:15:45.422 [warning] [ms-vscode.cpptools] Accessing a resource scoped configuration without providing a resource is not expected. To get the effective value for 'C_Cpp.clang_format_style', provide the URI of a resource or 'null' for any resource.
2026-06-04 15:15:45.422 [warning] [ms-vscode.cpptools] Accessing a resource scoped configuration without providing a resource is not expected. To get the effective value for 'C_Cpp.formatting', provide the URI of a resource or 'null' for any resource.
2026-06-04 15:15:45.422 [warning] [ms-vscode.cpptools] Accessing a resource scoped configuration without providing a resource is not expected. To get the effective value for 'C_Cpp.clang_format_fallbackStyle', provide the URI of a resource or 'null' for any resource.
2026-06-04 15:15:45.422 [warning] [ms-vscode.cpptools] Accessing a resource scoped configuration without providing a resource is not expected. To get the effective value for 'C_Cpp.clang_format_sortIncludes', provide the URI of a resource or 'null' for any resource.
2026-06-04 15:15:45.422 [warning] [ms-vscode.cpptools] Accessing a resource scoped configuration without providing a resource is not expected. To get the effective value for 'C_Cpp.doxygen.generateOnType', provide the URI of a resource or 'null' for any resource.
2026-06-04 15:15:45.422 [warning] [ms-vscode.cpptools] Accessing a resource scoped configuration without providing a resource is not expected. To get the effective value for 'C_Cpp.doxygen.generateOnCodeAction', provide the URI of a resource or 'null' for any resource.
2026-06-04 15:15:45.422 [warning] [ms-vscode.cpptools] Accessing a resource scoped configuration without providing a resource is not expected. To get the effective value for 'C_Cpp.doxygen.generatedStyle', provide the URI of a resource or 'null' for any resource.
2026-06-04 15:15:45.422 [warning] [ms-vscode.cpptools] Accessing a resource scoped configuration without providing a resource is not expected. To get the effective value for 'C_Cpp.doxygen.sectionTags', provide the URI of a resource or 'null' for any resource.
2026-06-04 15:15:45.422 [warning] [ms-vscode.cpptools] Accessing a resource scoped configuration without providing a resource is not expected. To get the effective value for 'C_Cpp.markdownInComments', provide the URI of a resource or 'null' for any resource.
2026-06-04 15:15:45.422 [warning] [ms-vscode.cpptools] Accessing a resource scoped configuration without providing a resource is not expected. To get the effective value for 'C_Cpp.codeAnalysis.exclude', provide the URI of a resource or 'null' for any resource.
2026-06-04 15:15:45.423 [warning] [ms-vscode.cpptools] Accessing a resource scoped configuration without providing a resource is not expected. To get the effective value for 'C_Cpp.codeAnalysis.clangTidy.codeAction.formatFixes', provide the URI of a resource or 'null' for any resource.
2026-06-04 15:15:45.423 [warning] [ms-vscode.cpptools] Accessing a resource scoped configuration without providing a resource is not expected. To get the effective value for 'C_Cpp.codeAnalysis.clangTidy.enabled', provide the URI of a resource or 'null' for any resource.
2026-06-04 15:15:45.423 [warning] [ms-vscode.cpptools] Accessing a resource scoped configuration without providing a resource is not expected. To get the effective value for 'C_Cpp.codeAnalysis.clangTidy.config', provide the URI of a resource or 'null' for any resource.
2026-06-04 15:15:45.423 [warning] [ms-vscode.cpptools] Accessing a resource scoped configuration without providing a resource is not expected. To get the effective value for 'C_Cpp.codeAnalysis.clangTidy.fallbackConfig', provide the URI of a resource or 'null' for any resource.
2026-06-04 15:15:45.423 [warning] [ms-vscode.cpptools] Accessing a resource scoped configuration without providing a resource is not expected. To get the effective value for 'C_Cpp.codeAnalysis.clangTidy.headerFilter', provide the URI of a resource or 'null' for any resource.
2026-06-04 15:15:45.423 [warning] [ms-vscode.cpptools] Accessing a resource scoped configuration without providing a resource is not expected. To get the effective value for 'C_Cpp.codeAnalysis.clangTidy.args', provide the URI of a resource or 'null' for any resource.
2026-06-04 15:15:45.423 [warning] [ms-vscode.cpptools] Accessing a resource scoped configuration without providing a resource is not expected. To get the effective value for 'C_Cpp.codeAnalysis.clangTidy.useBuildPath', provide the URI of a resource or 'null' for any resource.
2026-06-04 15:15:45.423 [warning] [ms-vscode.cpptools] Accessing a resource scoped configuration without providing a resource is not expected. To get the effective value for 'C_Cpp.codeAnalysis.clangTidy.checks.enabled', provide the URI of a resource or 'null' for any resource.
2026-06-04 15:15:45.423 [warning] [ms-vscode.cpptools] Accessing a resource scoped configuration without providing a resource is not expected. To get the effective value for 'C_Cpp.codeAnalysis.clangTidy.checks.disabled', provide the URI of a resource or 'null' for any resource.
2026-06-04 15:15:45.423 [warning] [ms-vscode.cpptools] Accessing a resource scoped configuration without providing a resource is not expected. To get the effective value for 'C_Cpp.codeAnalysis.runAutomatically', provide the URI of a resource or 'null' for any resource.
2026-06-04 15:15:45.424 [warning] [ms-vscode.cpptools] Accessing a resource scoped configuration without providing a resource is not expected. To get the effective value for 'C_Cpp.debugShortcut', provide the URI of a resource or 'null' for any resource.
2026-06-04 15:15:45.424 [warning] [ms-vscode.cpptools] Accessing a resource scoped configuration without providing a resource is not expected. To get the effective value for 'C_Cpp.vcpkg.enabled', provide the URI of a resource or 'null' for any resource.
2026-06-04 15:15:45.427 [warning] [ms-vscode.cpptools] Accessing a resource scoped configuration without providing a resource is not expected. To get the effective value for 'files.exclude', provide the URI of a resource or 'null' for any resource.
2026-06-04 15:15:45.427 [warning] [ms-vscode.cpptools] Accessing a resource scoped configuration without providing a resource is not expected. To get the effective value for 'search.exclude', provide the URI of a resource or 'null' for any resource.
2026-06-04 15:15:47.041 [warning] [GitHub.copilot-chat] Accessing a resource scoped configuration without providing a resource is not expected. To get the effective value for 'github.copilot.chat.planAgent.additionalTools', provide the URI of a resource or 'null' for any resource.
2026-06-04 15:15:47.042 [warning] [GitHub.copilot-chat] Accessing a resource scoped configuration without providing a resource is not expected. To get the effective value for 'github.copilot.chat.implementAgent.model', provide the URI of a resource or 'null' for any resource.
2026-06-04 15:15:47.060 [warning] [GitHub.copilot-chat] Accessing a resource scoped configuration without providing a resource is not expected. To get the effective value for 'github.copilot.chat.askAgent.additionalTools', provide the URI of a resource or 'null' for any resource.
2026-06-04 15:15:47.060 [warning] [GitHub.copilot-chat] Accessing a resource scoped configuration without providing a resource is not expected. To get the effective value for 'github.copilot.chat.askAgent.model', provide the URI of a resource or 'null' for any resource.
2026-06-04 15:15:47.081 [warning] [GitHub.copilot-chat] Accessing a resource scoped configuration without providing a resource is not expected. To get the effective value for 'github.copilot.chat.exploreAgent.model', provide the URI of a resource or 'null' for any resource.
2026-06-04 15:15:59.210 [warning] [ms-vscode.cpptools] Accessing a resource scoped configuration without providing a resource is not expected. To get the effective value for 'C_Cpp.inlayHints.autoDeclarationTypes.enabled', provide the URI of a resource or 'null' for any resource.
2026-06-04 15:15:59.211 [warning] [ms-vscode.cpptools] Accessing a resource scoped configuration without providing a resource is not expected. To get the effective value for 'C_Cpp.inlayHints.autoDeclarationTypes.showOnLeft', provide the URI of a resource or 'null' for any resource.
2026-06-04 15:15:59.211 [warning] [ms-vscode.cpptools] Accessing a resource scoped configuration without providing a resource is not expected. To get the effective value for 'C_Cpp.inlayHints.parameterNames.enabled', provide the URI of a resource or 'null' for any resource.
2026-06-04 15:15:59.211 [warning] [ms-vscode.cpptools] Accessing a resource scoped configuration without providing a resource is not expected. To get the effective value for 'C_Cpp.inlayHints.parameterNames.suppressWhenArgumentContainsName', provide the URI of a resource or 'null' for any resource.
2026-06-04 15:15:59.211 [warning] [ms-vscode.cpptools] Accessing a resource scoped configuration without providing a resource is not expected. To get the effective value for 'C_Cpp.inlayHints.parameterNames.hideLeadingUnderscores', provide the URI of a resource or 'null' for any resource.
2026-06-04 15:15:59.211 [warning] [ms-vscode.cpptools] Accessing a resource scoped configuration without providing a resource is not expected. To get the effective value for 'C_Cpp.inlayHints.referenceOperator.enabled', provide the URI of a resource or 'null' for any resource.
2026-06-04 15:15:59.211 [warning] [ms-vscode.cpptools] Accessing a resource scoped configuration without providing a resource is not expected. To get the effective value for 'C_Cpp.inlayHints.referenceOperator.showSpace', provide the URI of a resource or 'null' for any resource.
2026-06-04 15:15:59.211 [warning] [ms-vscode.cpptools] Accessing a resource scoped configuration without providing a resource is not expected. To get the effective value for 'C_Cpp.autocompleteAddParentheses', provide the URI of a resource or 'null' for any resource.
2026-06-04 15:15:59.211 [warning] [ms-vscode.cpptools] Accessing a resource scoped configuration without providing a resource is not expected. To get the effective value for 'C_Cpp.suggestSnippets', provide the URI of a resource or 'null' for any resource.
2026-06-04 15:15:59.211 [warning] [ms-vscode.cpptools] Accessing a resource scoped configuration without providing a resource is not expected. To get the effective value for 'C_Cpp.legacyCompilerArgsBehavior', provide the URI of a resource or 'null' for any resource.
2026-06-04 15:15:59.211 [warning] [ms-vscode.cpptools] Accessing a resource scoped configuration without providing a resource is not expected. To get the effective value for 'C_Cpp.autocomplete', provide the URI of a resource or 'null' for any resource.
2026-06-04 15:15:59.211 [warning] [ms-vscode.cpptools] Accessing a resource scoped configuration without providing a resource is not expected. To get the effective value for 'C_Cpp.hover', provide the URI of a resource or 'null' for any resource.
2026-06-04 15:15:59.211 [warning] [ms-vscode.cpptools] Accessing a resource scoped configuration without providing a resource is not expected. To get the effective value for 'C_Cpp.errorSquiggles', provide the URI of a resource or 'null' for any resource.
2026-06-04 15:15:59.211 [warning] [ms-vscode.cpptools] Accessing a resource scoped configuration without providing a resource is not expected. To get the effective value for 'C_Cpp.dimInactiveRegions', provide the URI of a resource or 'null' for any resource.
2026-06-04 15:15:59.211 [warning] [ms-vscode.cpptools] Accessing a resource scoped configuration without providing a resource is not expected. To get the effective value for 'C_Cpp.inactiveRegionOpacity', provide the URI of a resource or 'null' for any resource.
2026-06-04 15:15:59.211 [warning] [ms-vscode.cpptools] Accessing a resource scoped configuration without providing a resource is not expected. To get the effective value for 'C_Cpp.inactiveRegionForegroundColor', provide the URI of a resource or 'null' for any resource.
2026-06-04 15:15:59.211 [warning] [ms-vscode.cpptools] Accessing a resource scoped configuration without providing a resource is not expected. To get the effective value for 'C_Cpp.inactiveRegionBackgroundColor', provide the URI of a resource or 'null' for any resource.
2026-06-04 15:15:59.211 [warning] [ms-vscode.cpptools] Accessing a resource scoped configuration without providing a resource is not expected. To get the effective value for 'C_Cpp.refactoring.includeHeader', provide the URI of a resource or 'null' for any resource.
2026-06-04 15:15:59.212 [warning] [ms-vscode.cpptools] Accessing a resource scoped configuration without providing a resource is not expected. To get the effective value for 'C_Cpp.default.cStandard', provide the URI of a resource or 'null' for any resource.
2026-06-04 15:15:59.212 [warning] [ms-vscode.cpptools] Accessing a resource scoped configuration without providing a resource is not expected. To get the effective value for 'C_Cpp.default.cppStandard', provide the URI of a resource or 'null' for any resource.
2026-06-04 15:15:59.212 [warning] [ms-vscode.cpptools] Accessing a resource scoped configuration without providing a resource is not expected. To get the effective value for 'C_Cpp.default.configurationProvider', provide the URI of a resource or 'null' for any resource.
2026-06-04 15:15:59.212 [warning] [ms-vscode.cpptools] Accessing a resource scoped configuration without providing a resource is not expected. To get the effective value for 'C_Cpp.default.mergeConfigurations', provide the URI of a resource or 'null' for any resource.
2026-06-04 15:15:59.212 [warning] [ms-vscode.cpptools] Accessing a resource scoped configuration without providing a resource is not expected. To get the effective value for 'C_Cpp.default.browse.limitSymbolsToIncludedHeaders', provide the URI of a resource or 'null' for any resource.
2026-06-04 15:15:59.212 [warning] [ms-vscode.cpptools] Accessing a resource scoped configuration without providing a resource is not expected. To get the effective value for 'C_Cpp.default.enableConfigurationSquiggles', provide the URI of a resource or 'null' for any resource.
2026-06-04 15:15:59.212 [warning] [ms-vscode.cpptools] Accessing a resource scoped configuration without providing a resource is not expected. To get the effective value for 'C_Cpp.default.dotConfig', provide the URI of a resource or 'null' for any resource.
2026-06-04 15:15:59.212 [warning] [ms-vscode.cpptools] Accessing a resource scoped configuration without providing a resource is not expected. To get the effective value for 'C_Cpp.default.recursiveIncludes.reduce', provide the URI of a resource or 'null' for any resource.
2026-06-04 15:15:59.212 [warning] [ms-vscode.cpptools] Accessing a resource scoped configuration without providing a resource is not expected. To get the effective value for 'C_Cpp.default.recursiveIncludes.priority', provide the URI of a resource or 'null' for any resource.
2026-06-04 15:15:59.212 [warning] [ms-vscode.cpptools] Accessing a resource scoped configuration without providing a resource is not expected. To get the effective value for 'C_Cpp.default.recursiveIncludes.order', provide the URI of a resource or 'null' for any resource.
2026-06-04 15:15:59.212 [warning] [ms-vscode.cpptools] Accessing a resource scoped configuration without providing a resource is not expected. To get the effective value for 'C_Cpp.configurationWarnings', provide the URI of a resource or 'null' for any resource.
2026-06-04 15:15:59.212 [warning] [ms-vscode.cpptools] Accessing a resource scoped configuration without providing a resource is not expected. To get the effective value for 'C_Cpp.intelliSenseEngine', provide the URI of a resource or 'null' for any resource.
2026-06-04 15:15:59.212 [warning] [ms-vscode.cpptools] Accessing a resource scoped configuration without providing a resource is not expected. To get the effective value for 'C_Cpp.exclusionPolicy', provide the URI of a resource or 'null' for any resource.
2026-06-04 15:15:59.213 [warning] [ms-vscode.cpptools] Accessing a resource scoped configuration without providing a resource is not expected. To get the effective value for 'C_Cpp.files.exclude', provide the URI of a resource or 'null' for any resource.
2026-06-04 15:15:59.213 [warning] [ms-vscode.cpptools] Accessing a resource scoped configuration without providing a resource is not expected. To get the effective value for 'C_Cpp.vcFormat.indent.braces', provide the URI of a resource or 'null' for any resource.
2026-06-04 15:15:59.213 [warning] [ms-vscode.cpptools] Accessing a resource scoped configuration without providing a resource is not expected. To get the effective value for 'C_Cpp.vcFormat.indent.multiLineRelativeTo', provide the URI of a resource or 'null' for any resource.
2026-06-04 15:15:59.213 [warning] [ms-vscode.cpptools] Accessing a resource scoped configuration without providing a resource is not expected. To get the effective value for 'C_Cpp.vcFormat.indent.withinParentheses', provide the URI of a resource or 'null' for any resource.
2026-06-04 15:15:59.213 [warning] [ms-vscode.cpptools] Accessing a resource scoped configuration without providing a resource is not expected. To get the effective value for 'C_Cpp.vcFormat.indent.preserveWithinParentheses', provide the URI of a resource or 'null' for any resource.
2026-06-04 15:15:59.213 [warning] [ms-vscode.cpptools] Accessing a resource scoped configuration without providing a resource is not expected. To get the effective value for 'C_Cpp.vcFormat.indent.caseLabels', provide the URI of a resource or 'null' for any resource.
2026-06-04 15:15:59.213 [warning] [ms-vscode.cpptools] Accessing a resource scoped configuration without providing a resource is not expected. To get the effective value for 'C_Cpp.vcFormat.indent.caseContents', provide the URI of a resource or 'null' for any resource.
2026-06-04 15:15:59.213 [warning] [ms-vscode.cpptools] Accessing a resource scoped configuration without providing a resource is not expected. To get the effective value for 'C_Cpp.vcFormat.indent.caseContentsWhenBlock', provide the URI of a resource or 'null' for any resource.
2026-06-04 15:15:59.213 [warning] [ms-vscode.cpptools] Accessing a resource scoped configuration without providing a resource is not expected. To get the effective value for 'C_Cpp.vcFormat.indent.lambdaBracesWhenParameter', provide the URI of a resource or 'null' for any resource.
2026-06-04 15:15:59.213 [warning] [ms-vscode.cpptools] Accessing a resource scoped configuration without providing a resource is not expected. To get the effective value for 'C_Cpp.vcFormat.indent.gotoLabels', provide the URI of a resource or 'null' for any resource.
2026-06-04 15:15:59.213 [warning] [ms-vscode.cpptools] Accessing a resource scoped configuration without providing a resource is not expected. To get the effective value for 'C_Cpp.vcFormat.indent.preprocessor', provide the URI of a resource or 'null' for any resource.
2026-06-04 15:15:59.213 [warning] [ms-vscode.cpptools] Accessing a resource scoped configuration without providing a resource is not expected. To get the effective value for 'C_Cpp.vcFormat.indent.accessSpecifiers', provide the URI of a resource or 'null' for any resource.
2026-06-04 15:15:59.213 [warning] [ms-vscode.cpptools] Accessing a resource scoped configuration without providing a resource is not expected. To get the effective value for 'C_Cpp.vcFormat.indent.namespaceContents', provide the URI of a resource or 'null' for any resource.
2026-06-04 15:15:59.213 [warning] [ms-vscode.cpptools] Accessing a resource scoped configuration without providing a resource is not expected. To get the effective value for 'C_Cpp.vcFormat.indent.preserveComments', provide the URI of a resource or 'null' for any resource.
2026-06-04 15:15:59.213 [warning] [ms-vscode.cpptools] Accessing a resource scoped configuration without providing a resource is not expected. To get the effective value for 'C_Cpp.vcFormat.newLine.beforeOpenBrace.namespace', provide the URI of a resource or 'null' for any resource.
2026-06-04 15:15:59.213 [warning] [ms-vscode.cpptools] Accessing a resource scoped configuration without providing a resource is not expected. To get the effective value for 'C_Cpp.vcFormat.newLine.beforeOpenBrace.type', provide the URI of a resource or 'null' for any resource.
2026-06-04 15:15:59.213 [warning] [ms-vscode.cpptools] Accessing a resource scoped configuration without providing a resource is not expected. To get the effective value for 'C_Cpp.vcFormat.newLine.beforeOpenBrace.function', provide the URI of a resource or 'null' for any resource.
2026-06-04 15:15:59.213 [warning] [ms-vscode.cpptools] Accessing a resource scoped configuration without providing a resource is not expected. To get the effective value for 'C_Cpp.vcFormat.newLine.beforeOpenBrace.block', provide the URI of a resource or 'null' for any resource.
2026-06-04 15:15:59.213 [warning] [ms-vscode.cpptools] Accessing a resource scoped configuration without providing a resource is not expected. To get the effective value for 'C_Cpp.vcFormat.newLine.beforeOpenBrace.lambda', provide the URI of a resource or 'null' for any resource.
2026-06-04 15:15:59.214 [warning] [ms-vscode.cpptools] Accessing a resource scoped configuration without providing a resource is not expected. To get the effective value for 'C_Cpp.vcFormat.newLine.scopeBracesOnSeparateLines', provide the URI of a resource or 'null' for any resource.
2026-06-04 15:15:59.214 [warning] [ms-vscode.cpptools] Accessing a resource scoped configuration without providing a resource is not expected. To get the effective value for 'C_Cpp.vcFormat.newLine.closeBraceSameLine.emptyType', provide the URI of a resource or 'null' for any resource.
2026-06-04 15:15:59.214 [warning] [ms-vscode.cpptools] Accessing a resource scoped configuration without providing a resource is not expected. To get the effective value for 'C_Cpp.vcFormat.newLine.closeBraceSameLine.emptyFunction', provide the URI of a resource or 'null' for any resource.
2026-06-04 15:15:59.214 [warning] [ms-vscode.cpptools] Accessing a resource scoped configuration without providing a resource is not expected. To get the effective value for 'C_Cpp.vcFormat.newLine.beforeCatch', provide the URI of a resource or 'null' for any resource.
2026-06-04 15:15:59.214 [warning] [ms-vscode.cpptools] Accessing a resource scoped configuration without providing a resource is not expected. To get the effective value for 'C_Cpp.vcFormat.newLine.beforeElse', provide the URI of a resource or 'null' for any resource.
2026-06-04 15:15:59.214 [warning] [ms-vscode.cpptools] Accessing a resource scoped configuration without providing a resource is not expected. To get the effective value for 'C_Cpp.vcFormat.newLine.beforeWhileInDoWhile', provide the URI of a resource or 'null' for any resource.
2026-06-04 15:15:59.214 [warning] [ms-vscode.cpptools] Accessing a resource scoped configuration without providing a resource is not expected. To get the effective value for 'C_Cpp.vcFormat.space.beforeFunctionOpenParenthesis', provide the URI of a resource or 'null' for any resource.
2026-06-04 15:15:59.214 [warning] [ms-vscode.cpptools] Accessing a resource scoped configuration without providing a resource is not expected. To get the effective value for 'C_Cpp.vcFormat.space.withinParameterListParentheses', provide the URI of a resource or 'null' for any resource.
2026-06-04 15:15:59.214 [warning] [ms-vscode.cpptools] Accessing a resource scoped configuration without providing a resource is not expected. To get the effective value for 'C_Cpp.vcFormat.space.betweenEmptyParameterListParentheses', provide the URI of a resource or 'null' for any resource.
2026-06-04 15:15:59.214 [warning] [ms-vscode.cpptools] Accessing a resource scoped configuration without providing a resource is not expected. To get the effective value for 'C_Cpp.vcFormat.space.afterKeywordsInControlFlowStatements', provide the URI of a resource or 'null' for any resource.
2026-06-04 15:15:59.214 [warning] [ms-vscode.cpptools] Accessing a resource scoped configuration without providing a resource is not expected. To get the effective value for 'C_Cpp.vcFormat.space.withinControlFlowStatementParentheses', provide the URI of a resource or 'null' for any resource.
2026-06-04 15:15:59.214 [warning] [ms-vscode.cpptools] Accessing a resource scoped configuration without providing a resource is not expected. To get the effective value for 'C_Cpp.vcFormat.space.beforeLambdaOpenParenthesis', provide the URI of a resource or 'null' for any resource.
2026-06-04 15:15:59.214 [warning] [ms-vscode.cpptools] Accessing a resource scoped configuration without providing a resource is not expected. To get the effective value for 'C_Cpp.vcFormat.space.withinCastParentheses', provide the URI of a resource or 'null' for any resource.
2026-06-04 15:15:59.214 [warning] [ms-vscode.cpptools] Accessing a resource scoped configuration without providing a resource is not expected. To get the effective value for 'C_Cpp.vcFormat.space.afterCastCloseParenthesis', provide the URI of a resource or 'null' for any resource.
2026-06-04 15:15:59.214 [warning] [ms-vscode.cpptools] Accessing a resource scoped configuration without providing a resource is not expected. To get the effective value for 'C_Cpp.vcFormat.space.withinExpressionParentheses', provide the URI of a resource or 'null' for any resource.
2026-06-04 15:15:59.214 [warning] [ms-vscode.cpptools] Accessing a resource scoped configuration without providing a resource is not expected. To get the effective value for 'C_Cpp.vcFormat.space.beforeBlockOpenBrace', provide the URI of a resource or 'null' for any resource.
2026-06-04 15:15:59.214 [warning] [ms-vscode.cpptools] Accessing a resource scoped configuration without providing a resource is not expected. To get the effective value for 'C_Cpp.vcFormat.space.betweenEmptyBraces', provide the URI of a resource or 'null' for any resource.
2026-06-04 15:15:59.214 [warning] [ms-vscode.cpptools] Accessing a resource scoped configuration without providing a resource is not expected. To get the effective value for 'C_Cpp.vcFormat.space.beforeInitializerListOpenBrace', provide the URI of a resource or 'null' for any resource.
2026-06-04 15:15:59.214 [warning] [ms-vscode.cpptools] Accessing a resource scoped configuration without providing a resource is not expected. To get the effective value for 'C_Cpp.vcFormat.space.withinInitializerListBraces', provide the URI of a resource or 'null' for any resource.
2026-06-04 15:15:59.214 [warning] [ms-vscode.cpptools] Accessing a resource scoped configuration without providing a resource is not expected. To get the effective value for 'C_Cpp.vcFormat.space.preserveInInitializerList', provide the URI of a resource or 'null' for any resource.
2026-06-04 15:15:59.214 [warning] [ms-vscode.cpptools] Accessing a resource scoped configuration without providing a resource is not expected. To get the effective value for 'C_Cpp.vcFormat.space.beforeOpenSquareBracket', provide the URI of a resource or 'null' for any resource.
2026-06-04 15:15:59.214 [warning] [ms-vscode.cpptools] Accessing a resource scoped configuration without providing a resource is not expected. To get the effective value for 'C_Cpp.vcFormat.space.withinSquareBrackets', provide the URI of a resource or 'null' for any resource.
2026-06-04 15:15:59.214 [warning] [ms-vscode.cpptools] Accessing a resource scoped configuration without providing a resource is not expected. To get the effective value for 'C_Cpp.vcFormat.space.beforeEmptySquareBrackets', provide the URI of a resource or 'null' for any resource.
2026-06-04 15:15:59.214 [warning] [ms-vscode.cpptools] Accessing a resource scoped configuration without providing a resource is not expected. To get the effective value for 'C_Cpp.vcFormat.space.betweenEmptySquareBrackets', provide the URI of a resource or 'null' for any resource.
2026-06-04 15:15:59.214 [warning] [ms-vscode.cpptools] Accessing a resource scoped configuration without providing a resource is not expected. To get the effective value for 'C_Cpp.vcFormat.space.groupSquareBrackets', provide the URI of a resource or 'null' for any resource.
2026-06-04 15:15:59.215 [warning] [ms-vscode.cpptools] Accessing a resource scoped configuration without providing a resource is not expected. To get the effective value for 'C_Cpp.vcFormat.space.withinLambdaBrackets', provide the URI of a resource or 'null' for any resource.
2026-06-04 15:15:59.215 [warning] [ms-vscode.cpptools] Accessing a resource scoped configuration without providing a resource is not expected. To get the effective value for 'C_Cpp.vcFormat.space.betweenEmptyLambdaBrackets', provide the URI of a resource or 'null' for any resource.
2026-06-04 15:15:59.215 [warning] [ms-vscode.cpptools] Accessing a resource scoped configuration without providing a resource is not expected. To get the effective value for 'C_Cpp.vcFormat.space.beforeComma', provide the URI of a resource or 'null' for any resource.
2026-06-04 15:15:59.215 [warning] [ms-vscode.cpptools] Accessing a resource scoped configuration without providing a resource is not expected. To get the effective value for 'C_Cpp.vcFormat.space.afterComma', provide the URI of a resource or 'null' for any resource.
2026-06-04 15:15:59.215 [warning] [ms-vscode.cpptools] Accessing a resource scoped configuration without providing a resource is not expected. To get the effective value for 'C_Cpp.vcFormat.space.removeAroundMemberOperators', provide the URI of a resource or 'null' for any resource.
2026-06-04 15:15:59.215 [warning] [ms-vscode.cpptools] Accessing a resource scoped configuration without providing a resource is not expected. To get the effective value for 'C_Cpp.vcFormat.space.beforeInheritanceColon', provide the URI of a resource or 'null' for any resource.
2026-06-04 15:15:59.215 [warning] [ms-vscode.cpptools] Accessing a resource scoped configuration without providing a resource is not expected. To get the effective value for 'C_Cpp.vcFormat.space.beforeConstructorColon', provide the URI of a resource or 'null' for any resource.
2026-06-04 15:15:59.215 [warning] [ms-vscode.cpptools] Accessing a resource scoped configuration without providing a resource is not expected. To get the effective value for 'C_Cpp.vcFormat.space.removeBeforeSemicolon', provide the URI of a resource or 'null' for any resource.
2026-06-04 15:15:59.215 [warning] [ms-vscode.cpptools] Accessing a resource scoped configuration without providing a resource is not expected. To get the effective value for 'C_Cpp.vcFormat.space.insertAfterSemicolon', provide the URI of a resource or 'null' for any resource.
2026-06-04 15:15:59.215 [warning] [ms-vscode.cpptools] Accessing a resource scoped configuration without providing a resource is not expected. To get the effective value for 'C_Cpp.vcFormat.space.removeAroundUnaryOperator', provide the URI of a resource or 'null' for any resource.
2026-06-04 15:15:59.215 [warning] [ms-vscode.cpptools] Accessing a resource scoped configuration without providing a resource is not expected. To get the effective value for 'C_Cpp.vcFormat.space.aroundBinaryOperator', provide the URI of a resource or 'null' for any resource.
2026-06-04 15:15:59.215 [warning] [ms-vscode.cpptools] Accessing a resource scoped configuration without providing a resource is not expected. To get the effective value for 'C_Cpp.vcFormat.space.aroundAssignmentOperator', provide the URI of a resource or 'null' for any resource.
2026-06-04 15:15:59.215 [warning] [ms-vscode.cpptools] Accessing a resource scoped configuration without providing a resource is not expected. To get the effective value for 'C_Cpp.vcFormat.space.pointerReferenceAlignment', provide the URI of a resource or 'null' for any resource.
2026-06-04 15:15:59.215 [warning] [ms-vscode.cpptools] Accessing a resource scoped configuration without providing a resource is not expected. To get the effective value for 'C_Cpp.vcFormat.space.aroundTernaryOperator', provide the URI of a resource or 'null' for any resource.
2026-06-04 15:15:59.215 [warning] [ms-vscode.cpptools] Accessing a resource scoped configuration without providing a resource is not expected. To get the effective value for 'C_Cpp.vcFormat.wrap.preserveBlocks', provide the URI of a resource or 'null' for any resource.
2026-06-04 15:15:59.215 [warning] [ms-vscode.cpptools] Accessing a resource scoped configuration without providing a resource is not expected. To get the effective value for 'C_Cpp.clang_format_style', provide the URI of a resource or 'null' for any resource.
2026-06-04 15:15:59.215 [warning] [ms-vscode.cpptools] Accessing a resource scoped configuration without providing a resource is not expected. To get the effective value for 'C_Cpp.formatting', provide the URI of a resource or 'null' for any resource.
2026-06-04 15:15:59.215 [warning] [ms-vscode.cpptools] Accessing a resource scoped configuration without providing a resource is not expected. To get the effective value for 'C_Cpp.clang_format_fallbackStyle', provide the URI of a resource or 'null' for any resource.
2026-06-04 15:15:59.215 [warning] [ms-vscode.cpptools] Accessing a resource scoped configuration without providing a resource is not expected. To get the effective value for 'C_Cpp.clang_format_sortIncludes', provide the URI of a resource or 'null' for any resource.
2026-06-04 15:15:59.215 [warning] [ms-vscode.cpptools] Accessing a resource scoped configuration without providing a resource is not expected. To get the effective value for 'C_Cpp.doxygen.generateOnType', provide the URI of a resource or 'null' for any resource.
2026-06-04 15:15:59.215 [warning] [ms-vscode.cpptools] Accessing a resource scoped configuration without providing a resource is not expected. To get the effective value for 'C_Cpp.doxygen.generateOnCodeAction', provide the URI of a resource or 'null' for any resource.
2026-06-04 15:15:59.215 [warning] [ms-vscode.cpptools] Accessing a resource scoped configuration without providing a resource is not expected. To get the effective value for 'C_Cpp.doxygen.generatedStyle', provide the URI of a resource or 'null' for any resource.
2026-06-04 15:15:59.215 [warning] [ms-vscode.cpptools] Accessing a resource scoped configuration without providing a resource is not expected. To get the effective value for 'C_Cpp.doxygen.sectionTags', provide the URI of a resource or 'null' for any resource.
2026-06-04 15:15:59.216 [warning] [ms-vscode.cpptools] Accessing a resource scoped configuration without providing a resource is not expected. To get the effective value for 'C_Cpp.markdownInComments', provide the URI of a resource or 'null' for any resource.
2026-06-04 15:15:59.216 [warning] [ms-vscode.cpptools] Accessing a resource scoped configuration without providing a resource is not expected. To get the effective value for 'C_Cpp.codeAnalysis.exclude', provide the URI of a resource or 'null' for any resource.
2026-06-04 15:15:59.216 [warning] [ms-vscode.cpptools] Accessing a resource scoped configuration without providing a resource is not expected. To get the effective value for 'C_Cpp.codeAnalysis.clangTidy.codeAction.formatFixes', provide the URI of a resource or 'null' for any resource.
2026-06-04 15:15:59.216 [warning] [ms-vscode.cpptools] Accessing a resource scoped configuration without providing a resource is not expected. To get the effective value for 'C_Cpp.codeAnalysis.clangTidy.enabled', provide the URI of a resource or 'null' for any resource.
2026-06-04 15:15:59.216 [warning] [ms-vscode.cpptools] Accessing a resource scoped configuration without providing a resource is not expected. To get the effective value for 'C_Cpp.codeAnalysis.clangTidy.config', provide the URI of a resource or 'null' for any resource.
2026-06-04 15:15:59.216 [warning] [ms-vscode.cpptools] Accessing a resource scoped configuration without providing a resource is not expected. To get the effective value for 'C_Cpp.codeAnalysis.clangTidy.fallbackConfig', provide the URI of a resource or 'null' for any resource.
2026-06-04 15:15:59.216 [warning] [ms-vscode.cpptools] Accessing a resource scoped configuration without providing a resource is not expected. To get the effective value for 'C_Cpp.codeAnalysis.clangTidy.headerFilter', provide the URI of a resource or 'null' for any resource.
2026-06-04 15:15:59.216 [warning] [ms-vscode.cpptools] Accessing a resource scoped configuration without providing a resource is not expected. To get the effective value for 'C_Cpp.codeAnalysis.clangTidy.args', provide the URI of a resource or 'null' for any resource.
2026-06-04 15:15:59.216 [warning] [ms-vscode.cpptools] Accessing a resource scoped configuration without providing a resource is not expected. To get the effective value for 'C_Cpp.codeAnalysis.clangTidy.useBuildPath', provide the URI of a resource or 'null' for any resource.
2026-06-04 15:15:59.216 [warning] [ms-vscode.cpptools] Accessing a resource scoped configuration without providing a resource is not expected. To get the effective value for 'C_Cpp.codeAnalysis.clangTidy.checks.enabled', provide the URI of a resource or 'null' for any resource.
2026-06-04 15:15:59.217 [warning] [ms-vscode.cpptools] Accessing a resource scoped configuration without providing a resource is not expected. To get the effective value for 'C_Cpp.codeAnalysis.clangTidy.checks.disabled', provide the URI of a resource or 'null' for any resource.
2026-06-04 15:15:59.217 [warning] [ms-vscode.cpptools] Accessing a resource scoped configuration without providing a resource is not expected. To get the effective value for 'C_Cpp.codeAnalysis.runAutomatically', provide the URI of a resource or 'null' for any resource.
2026-06-04 15:15:59.217 [warning] [ms-vscode.cpptools] Accessing a resource scoped configuration without providing a resource is not expected. To get the effective value for 'C_Cpp.debugShortcut', provide the URI of a resource or 'null' for any resource.
2026-06-04 15:15:59.217 [warning] [ms-vscode.cpptools] Accessing a resource scoped configuration without providing a resource is not expected. To get the effective value for 'C_Cpp.vcpkg.enabled', provide the URI of a resource or 'null' for any resource.
2026-06-04 15:15:59.220 [warning] [ms-vscode.cpptools] Accessing a resource scoped configuration without providing a resource is not expected. To get the effective value for 'files.exclude', provide the URI of a resource or 'null' for any resource.
2026-06-04 15:15:59.220 [warning] [ms-vscode.cpptools] Accessing a resource scoped configuration without providing a resource is not expected. To get the effective value for 'search.exclude', provide the URI of a resource or 'null' for any resource.
2026-06-04 15:15:59.580 [info] ExtensionService#_doActivateExtension vscode.terminal-suggest, startup: false, activationEvent: 'onTerminalShellIntegration:*'
2026-06-04 15:15:59.658 [warning] [ms-vscode.cpptools] Accessing a resource scoped configuration without providing a resource is not expected. To get the effective value for 'C_Cpp.inlayHints.autoDeclarationTypes.enabled', provide the URI of a resource or 'null' for any resource.
2026-06-04 15:15:59.659 [warning] [ms-vscode.cpptools] Accessing a resource scoped configuration without providing a resource is not expected. To get the effective value for 'C_Cpp.inlayHints.autoDeclarationTypes.showOnLeft', provide the URI of a resource or 'null' for any resource.
2026-06-04 15:15:59.659 [warning] [ms-vscode.cpptools] Accessing a resource scoped configuration without providing a resource is not expected. To get the effective value for 'C_Cpp.inlayHints.parameterNames.enabled', provide the URI of a resource or 'null' for any resource.
2026-06-04 15:15:59.659 [warning] [ms-vscode.cpptools] Accessing a resource scoped configuration without providing a resource is not expected. To get the effective value for 'C_Cpp.inlayHints.parameterNames.suppressWhenArgumentContainsName', provide the URI of a resource or 'null' for any resource.
2026-06-04 15:15:59.659 [warning] [ms-vscode.cpptools] Accessing a resource scoped configuration without providing a resource is not expected. To get the effective value for 'C_Cpp.inlayHints.parameterNames.hideLeadingUnderscores', provide the URI of a resource or 'null' for any resource.
2026-06-04 15:15:59.659 [warning] [ms-vscode.cpptools] Accessing a resource scoped configuration without providing a resource is not expected. To get the effective value for 'C_Cpp.inlayHints.referenceOperator.enabled', provide the URI of a resource or 'null' for any resource.
2026-06-04 15:15:59.659 [warning] [ms-vscode.cpptools] Accessing a resource scoped configuration without providing a resource is not expected. To get the effective value for 'C_Cpp.inlayHints.referenceOperator.showSpace', provide the URI of a resource or 'null' for any resource.
2026-06-04 15:15:59.659 [warning] [ms-vscode.cpptools] Accessing a resource scoped configuration without providing a resource is not expected. To get the effective value for 'C_Cpp.autocompleteAddParentheses', provide the URI of a resource or 'null' for any resource.
2026-06-04 15:15:59.659 [warning] [ms-vscode.cpptools] Accessing a resource scoped configuration without providing a resource is not expected. To get the effective value for 'C_Cpp.suggestSnippets', provide the URI of a resource or 'null' for any resource.
2026-06-04 15:15:59.659 [warning] [ms-vscode.cpptools] Accessing a resource scoped configuration without providing a resource is not expected. To get the effective value for 'C_Cpp.legacyCompilerArgsBehavior', provide the URI of a resource or 'null' for any resource.
2026-06-04 15:15:59.659 [warning] [ms-vscode.cpptools] Accessing a resource scoped configuration without providing a resource is not expected. To get the effective value for 'C_Cpp.autocomplete', provide the URI of a resource or 'null' for any resource.
2026-06-04 15:15:59.659 [warning] [ms-vscode.cpptools] Accessing a resource scoped configuration without providing a resource is not expected. To get the effective value for 'C_Cpp.hover', provide the URI of a resource or 'null' for any resource.
2026-06-04 15:15:59.659 [warning] [ms-vscode.cpptools] Accessing a resource scoped configuration without providing a resource is not expected. To get the effective value for 'C_Cpp.errorSquiggles', provide the URI of a resource or 'null' for any resource.
2026-06-04 15:15:59.659 [warning] [ms-vscode.cpptools] Accessing a resource scoped configuration without providing a resource is not expected. To get the effective value for 'C_Cpp.dimInactiveRegions', provide the URI of a resource or 'null' for any resource.
2026-06-04 15:15:59.659 [warning] [ms-vscode.cpptools] Accessing a resource scoped configuration without providing a resource is not expected. To get the effective value for 'C_Cpp.inactiveRegionOpacity', provide the URI of a resource or 'null' for any resource.
2026-06-04 15:15:59.659 [warning] [ms-vscode.cpptools] Accessing a resource scoped configuration without providing a resource is not expected. To get the effective value for 'C_Cpp.inactiveRegionForegroundColor', provide the URI of a resource or 'null' for any resource.
2026-06-04 15:15:59.659 [warning] [ms-vscode.cpptools] Accessing a resource scoped configuration without providing a resource is not expected. To get the effective value for 'C_Cpp.inactiveRegionBackgroundColor', provide the URI of a resource or 'null' for any resource.
2026-06-04 15:15:59.660 [warning] [ms-vscode.cpptools] Accessing a resource scoped configuration without providing a resource is not expected. To get the effective value for 'C_Cpp.refactoring.includeHeader', provide the URI of a resource or 'null' for any resource.
2026-06-04 15:15:59.660 [warning] [ms-vscode.cpptools] Accessing a resource scoped configuration without providing a resource is not expected. To get the effective value for 'C_Cpp.default.cStandard', provide the URI of a resource or 'null' for any resource.
2026-06-04 15:15:59.660 [warning] [ms-vscode.cpptools] Accessing a resource scoped configuration without providing a resource is not expected. To get the effective value for 'C_Cpp.default.cppStandard', provide the URI of a resource or 'null' for any resource.
2026-06-04 15:15:59.660 [warning] [ms-vscode.cpptools] Accessing a resource scoped configuration without providing a resource is not expected. To get the effective value for 'C_Cpp.default.configurationProvider', provide the URI of a resource or 'null' for any resource.
2026-06-04 15:15:59.660 [warning] [ms-vscode.cpptools] Accessing a resource scoped configuration without providing a resource is not expected. To get the effective value for 'C_Cpp.default.mergeConfigurations', provide the URI of a resource or 'null' for any resource.
2026-06-04 15:15:59.661 [warning] [ms-vscode.cpptools] Accessing a resource scoped configuration without providing a resource is not expected. To get the effective value for 'C_Cpp.default.browse.limitSymbolsToIncludedHeaders', provide the URI of a resource or 'null' for any resource.
2026-06-04 15:15:59.661 [warning] [ms-vscode.cpptools] Accessing a resource scoped configuration without providing a resource is not expected. To get the effective value for 'C_Cpp.default.enableConfigurationSquiggles', provide the URI of a resource or 'null' for any resource.
2026-06-04 15:15:59.661 [warning] [ms-vscode.cpptools] Accessing a resource scoped configuration without providing a resource is not expected. To get the effective value for 'C_Cpp.default.dotConfig', provide the URI of a resource or 'null' for any resource.
2026-06-04 15:15:59.661 [warning] [ms-vscode.cpptools] Accessing a resource scoped configuration without providing a resource is not expected. To get the effective value for 'C_Cpp.default.recursiveIncludes.reduce', provide the URI of a resource or 'null' for any resource.
2026-06-04 15:15:59.661 [warning] [ms-vscode.cpptools] Accessing a resource scoped configuration without providing a resource is not expected. To get the effective value for 'C_Cpp.default.recursiveIncludes.priority', provide the URI of a resource or 'null' for any resource.
2026-06-04 15:15:59.661 [warning] [ms-vscode.cpptools] Accessing a resource scoped configuration without providing a resource is not expected. To get the effective value for 'C_Cpp.default.recursiveIncludes.order', provide the URI of a resource or 'null' for any resource.
2026-06-04 15:15:59.661 [warning] [ms-vscode.cpptools] Accessing a resource scoped configuration without providing a resource is not expected. To get the effective value for 'C_Cpp.configurationWarnings', provide the URI of a resource or 'null' for any resource.
2026-06-04 15:15:59.661 [warning] [ms-vscode.cpptools] Accessing a resource scoped configuration without providing a resource is not expected. To get the effective value for 'C_Cpp.intelliSenseEngine', provide the URI of a resource or 'null' for any resource.
2026-06-04 15:15:59.661 [warning] [ms-vscode.cpptools] Accessing a resource scoped configuration without providing a resource is not expected. To get the effective value for 'C_Cpp.exclusionPolicy', provide the URI of a resource or 'null' for any resource.
2026-06-04 15:15:59.661 [warning] [ms-vscode.cpptools] Accessing a resource scoped configuration without providing a resource is not expected. To get the effective value for 'C_Cpp.files.exclude', provide the URI of a resource or 'null' for any resource.
2026-06-04 15:15:59.662 [warning] [ms-vscode.cpptools] Accessing a resource scoped configuration without providing a resource is not expected. To get the effective value for 'C_Cpp.vcFormat.indent.braces', provide the URI of a resource or 'null' for any resource.
2026-06-04 15:15:59.662 [warning] [ms-vscode.cpptools] Accessing a resource scoped configuration without providing a resource is not expected. To get the effective value for 'C_Cpp.vcFormat.indent.multiLineRelativeTo', provide the URI of a resource or 'null' for any resource.
2026-06-04 15:15:59.662 [warning] [ms-vscode.cpptools] Accessing a resource scoped configuration without providing a resource is not expected. To get the effective value for 'C_Cpp.vcFormat.indent.withinParentheses', provide the URI of a resource or 'null' for any resource.
2026-06-04 15:15:59.662 [warning] [ms-vscode.cpptools] Accessing a resource scoped configuration without providing a resource is not expected. To get the effective value for 'C_Cpp.vcFormat.indent.preserveWithinParentheses', provide the URI of a resource or 'null' for any resource.
2026-06-04 15:15:59.662 [warning] [ms-vscode.cpptools] Accessing a resource scoped configuration without providing a resource is not expected. To get the effective value for 'C_Cpp.vcFormat.indent.caseLabels', provide the URI of a resource or 'null' for any resource.
2026-06-04 15:15:59.662 [warning] [ms-vscode.cpptools] Accessing a resource scoped configuration without providing a resource is not expected. To get the effective value for 'C_Cpp.vcFormat.indent.caseContents', provide the URI of a resource or 'null' for any resource.
2026-06-04 15:15:59.662 [warning] [ms-vscode.cpptools] Accessing a resource scoped configuration without providing a resource is not expected. To get the effective value for 'C_Cpp.vcFormat.indent.caseContentsWhenBlock', provide the URI of a resource or 'null' for any resource.
2026-06-04 15:15:59.662 [warning] [ms-vscode.cpptools] Accessing a resource scoped configuration without providing a resource is not expected. To get the effective value for 'C_Cpp.vcFormat.indent.lambdaBracesWhenParameter', provide the URI of a resource or 'null' for any resource.
2026-06-04 15:15:59.662 [warning] [ms-vscode.cpptools] Accessing a resource scoped configuration without providing a resource is not expected. To get the effective value for 'C_Cpp.vcFormat.indent.gotoLabels', provide the URI of a resource or 'null' for any resource.
2026-06-04 15:15:59.662 [warning] [ms-vscode.cpptools] Accessing a resource scoped configuration without providing a resource is not expected. To get the effective value for 'C_Cpp.vcFormat.indent.preprocessor', provide the URI of a resource or 'null' for any resource.
2026-06-04 15:15:59.662 [warning] [ms-vscode.cpptools] Accessing a resource scoped configuration without providing a resource is not expected. To get the effective value for 'C_Cpp.vcFormat.indent.accessSpecifiers', provide the URI of a resource or 'null' for any resource.
2026-06-04 15:15:59.662 [warning] [ms-vscode.cpptools] Accessing a resource scoped configuration without providing a resource is not expected. To get the effective value for 'C_Cpp.vcFormat.indent.namespaceContents', provide the URI of a resource or 'null' for any resource.
2026-06-04 15:15:59.662 [warning] [ms-vscode.cpptools] Accessing a resource scoped configuration without providing a resource is not expected. To get the effective value for 'C_Cpp.vcFormat.indent.preserveComments', provide the URI of a resource or 'null' for any resource.
2026-06-04 15:15:59.662 [warning] [ms-vscode.cpptools] Accessing a resource scoped configuration without providing a resource is not expected. To get the effective value for 'C_Cpp.vcFormat.newLine.beforeOpenBrace.namespace', provide the URI of a resource or 'null' for any resource.
2026-06-04 15:15:59.662 [warning] [ms-vscode.cpptools] Accessing a resource scoped configuration without providing a resource is not expected. To get the effective value for 'C_Cpp.vcFormat.newLine.beforeOpenBrace.type', provide the URI of a resource or 'null' for any resource.
2026-06-04 15:15:59.662 [warning] [ms-vscode.cpptools] Accessing a resource scoped configuration without providing a resource is not expected. To get the effective value for 'C_Cpp.vcFormat.newLine.beforeOpenBrace.function', provide the URI of a resource or 'null' for any resource.
2026-06-04 15:15:59.662 [warning] [ms-vscode.cpptools] Accessing a resource scoped configuration without providing a resource is not expected. To get the effective value for 'C_Cpp.vcFormat.newLine.beforeOpenBrace.block', provide the URI of a resource or 'null' for any resource.
2026-06-04 15:15:59.662 [warning] [ms-vscode.cpptools] Accessing a resource scoped configuration without providing a resource is not expected. To get the effective value for 'C_Cpp.vcFormat.newLine.beforeOpenBrace.lambda', provide the URI of a resource or 'null' for any resource.
2026-06-04 15:15:59.663 [warning] [ms-vscode.cpptools] Accessing a resource scoped configuration without providing a resource is not expected. To get the effective value for 'C_Cpp.vcFormat.newLine.scopeBracesOnSeparateLines', provide the URI of a resource or 'null' for any resource.
2026-06-04 15:15:59.663 [warning] [ms-vscode.cpptools] Accessing a resource scoped configuration without providing a resource is not expected. To get the effective value for 'C_Cpp.vcFormat.newLine.closeBraceSameLine.emptyType', provide the URI of a resource or 'null' for any resource.
2026-06-04 15:15:59.663 [warning] [ms-vscode.cpptools] Accessing a resource scoped configuration without providing a resource is not expected. To get the effective value for 'C_Cpp.vcFormat.newLine.closeBraceSameLine.emptyFunction', provide the URI of a resource or 'null' for any resource.
2026-06-04 15:15:59.663 [warning] [ms-vscode.cpptools] Accessing a resource scoped configuration without providing a resource is not expected. To get the effective value for 'C_Cpp.vcFormat.newLine.beforeCatch', provide the URI of a resource or 'null' for any resource.
2026-06-04 15:15:59.663 [warning] [ms-vscode.cpptools] Accessing a resource scoped configuration without providing a resource is not expected. To get the effective value for 'C_Cpp.vcFormat.newLine.beforeElse', provide the URI of a resource or 'null' for any resource.
2026-06-04 15:15:59.663 [warning] [ms-vscode.cpptools] Accessing a resource scoped configuration without providing a resource is not expected. To get the effective value for 'C_Cpp.vcFormat.newLine.beforeWhileInDoWhile', provide the URI of a resource or 'null' for any resource.
2026-06-04 15:15:59.663 [warning] [ms-vscode.cpptools] Accessing a resource scoped configuration without providing a resource is not expected. To get the effective value for 'C_Cpp.vcFormat.space.beforeFunctionOpenParenthesis', provide the URI of a resource or 'null' for any resource.
2026-06-04 15:15:59.663 [warning] [ms-vscode.cpptools] Accessing a resource scoped configuration without providing a resource is not expected. To get the effective value for 'C_Cpp.vcFormat.space.withinParameterListParentheses', provide the URI of a resource or 'null' for any resource.
2026-06-04 15:15:59.663 [warning] [ms-vscode.cpptools] Accessing a resource scoped configuration without providing a resource is not expected. To get the effective value for 'C_Cpp.vcFormat.space.betweenEmptyParameterListParentheses', provide the URI of a resource or 'null' for any resource.
2026-06-04 15:15:59.663 [warning] [ms-vscode.cpptools] Accessing a resource scoped configuration without providing a resource is not expected. To get the effective value for 'C_Cpp.vcFormat.space.afterKeywordsInControlFlowStatements', provide the URI of a resource or 'null' for any resource.
2026-06-04 15:15:59.663 [warning] [ms-vscode.cpptools] Accessing a resource scoped configuration without providing a resource is not expected. To get the effective value for 'C_Cpp.vcFormat.space.withinControlFlowStatementParentheses', provide the URI of a resource or 'null' for any resource.
2026-06-04 15:15:59.663 [warning] [ms-vscode.cpptools] Accessing a resource scoped configuration without providing a resource is not expected. To get the effective value for 'C_Cpp.vcFormat.space.beforeLambdaOpenParenthesis', provide the URI of a resource or 'null' for any resource.
2026-06-04 15:15:59.663 [warning] [ms-vscode.cpptools] Accessing a resource scoped configuration without providing a resource is not expected. To get the effective value for 'C_Cpp.vcFormat.space.withinCastParentheses', provide the URI of a resource or 'null' for any resource.
2026-06-04 15:15:59.663 [warning] [ms-vscode.cpptools] Accessing a resource scoped configuration without providing a resource is not expected. To get the effective value for 'C_Cpp.vcFormat.space.afterCastCloseParenthesis', provide the URI of a resource or 'null' for any resource.
2026-06-04 15:15:59.663 [warning] [ms-vscode.cpptools] Accessing a resource scoped configuration without providing a resource is not expected. To get the effective value for 'C_Cpp.vcFormat.space.withinExpressionParentheses', provide the URI of a resource or 'null' for any resource.
2026-06-04 15:15:59.663 [warning] [ms-vscode.cpptools] Accessing a resource scoped configuration without providing a resource is not expected. To get the effective value for 'C_Cpp.vcFormat.space.beforeBlockOpenBrace', provide the URI of a resource or 'null' for any resource.
2026-06-04 15:15:59.663 [warning] [ms-vscode.cpptools] Accessing a resource scoped configuration without providing a resource is not expected. To get the effective value for 'C_Cpp.vcFormat.space.betweenEmptyBraces', provide the URI of a resource or 'null' for any resource.
2026-06-04 15:15:59.663 [warning] [ms-vscode.cpptools] Accessing a resource scoped configuration without providing a resource is not expected. To get the effective value for 'C_Cpp.vcFormat.space.beforeInitializerListOpenBrace', provide the URI of a resource or 'null' for any resource.
2026-06-04 15:15:59.664 [warning] [ms-vscode.cpptools] Accessing a resource scoped configuration without providing a resource is not expected. To get the effective value for 'C_Cpp.vcFormat.space.withinInitializerListBraces', provide the URI of a resource or 'null' for any resource.
2026-06-04 15:15:59.664 [warning] [ms-vscode.cpptools] Accessing a resource scoped configuration without providing a resource is not expected. To get the effective value for 'C_Cpp.vcFormat.space.preserveInInitializerList', provide the URI of a resource or 'null' for any resource.
2026-06-04 15:15:59.664 [warning] [ms-vscode.cpptools] Accessing a resource scoped configuration without providing a resource is not expected. To get the effective value for 'C_Cpp.vcFormat.space.beforeOpenSquareBracket', provide the URI of a resource or 'null' for any resource.
2026-06-04 15:15:59.664 [warning] [ms-vscode.cpptools] Accessing a resource scoped configuration without providing a resource is not expected. To get the effective value for 'C_Cpp.vcFormat.space.withinSquareBrackets', provide the URI of a resource or 'null' for any resource.
2026-06-04 15:15:59.664 [warning] [ms-vscode.cpptools] Accessing a resource scoped configuration without providing a resource is not expected. To get the effective value for 'C_Cpp.vcFormat.space.beforeEmptySquareBrackets', provide the URI of a resource or 'null' for any resource.
2026-06-04 15:15:59.664 [warning] [ms-vscode.cpptools] Accessing a resource scoped configuration without providing a resource is not expected. To get the effective value for 'C_Cpp.vcFormat.space.betweenEmptySquareBrackets', provide the URI of a resource or 'null' for any resource.
2026-06-04 15:15:59.664 [warning] [ms-vscode.cpptools] Accessing a resource scoped configuration without providing a resource is not expected. To get the effective value for 'C_Cpp.vcFormat.space.groupSquareBrackets', provide the URI of a resource or 'null' for any resource.
2026-06-04 15:15:59.664 [warning] [ms-vscode.cpptools] Accessing a resource scoped configuration without providing a resource is not expected. To get the effective value for 'C_Cpp.vcFormat.space.withinLambdaBrackets', provide the URI of a resource or 'null' for any resource.
2026-06-04 15:15:59.664 [warning] [ms-vscode.cpptools] Accessing a resource scoped configuration without providing a resource is not expected. To get the effective value for 'C_Cpp.vcFormat.space.betweenEmptyLambdaBrackets', provide the URI of a resource or 'null' for any resource.
2026-06-04 15:15:59.664 [warning] [ms-vscode.cpptools] Accessing a resource scoped configuration without providing a resource is not expected. To get the effective value for 'C_Cpp.vcFormat.space.beforeComma', provide the URI of a resource or 'null' for any resource.
2026-06-04 15:15:59.664 [warning] [ms-vscode.cpptools] Accessing a resource scoped configuration without providing a resource is not expected. To get the effective value for 'C_Cpp.vcFormat.space.afterComma', provide the URI of a resource or 'null' for any resource.
2026-06-04 15:15:59.664 [warning] [ms-vscode.cpptools] Accessing a resource scoped configuration without providing a resource is not expected. To get the effective value for 'C_Cpp.vcFormat.space.removeAroundMemberOperators', provide the URI of a resource or 'null' for any resource.
2026-06-04 15:15:59.664 [warning] [ms-vscode.cpptools] Accessing a resource scoped configuration without providing a resource is not expected. To get the effective value for 'C_Cpp.vcFormat.space.beforeInheritanceColon', provide the URI of a resource or 'null' for any resource.
2026-06-04 15:15:59.664 [warning] [ms-vscode.cpptools] Accessing a resource scoped configuration without providing a resource is not expected. To get the effective value for 'C_Cpp.vcFormat.space.beforeConstructorColon', provide the URI of a resource or 'null' for any resource.
2026-06-04 15:15:59.664 [warning] [ms-vscode.cpptools] Accessing a resource scoped configuration without providing a resource is not expected. To get the effective value for 'C_Cpp.vcFormat.space.removeBeforeSemicolon', provide the URI of a resource or 'null' for any resource.
2026-06-04 15:15:59.664 [warning] [ms-vscode.cpptools] Accessing a resource scoped configuration without providing a resource is not expected. To get the effective value for 'C_Cpp.vcFormat.space.insertAfterSemicolon', provide the URI of a resource or 'null' for any resource.
2026-06-04 15:15:59.664 [warning] [ms-vscode.cpptools] Accessing a resource scoped configuration without providing a resource is not expected. To get the effective value for 'C_Cpp.vcFormat.space.removeAroundUnaryOperator', provide the URI of a resource or 'null' for any resource.
2026-06-04 15:15:59.664 [warning] [ms-vscode.cpptools] Accessing a resource scoped configuration without providing a resource is not expected. To get the effective value for 'C_Cpp.vcFormat.space.aroundBinaryOperator', provide the URI of a resource or 'null' for any resource.
2026-06-04 15:15:59.664 [warning] [ms-vscode.cpptools] Accessing a resource scoped configuration without providing a resource is not expected. To get the effective value for 'C_Cpp.vcFormat.space.aroundAssignmentOperator', provide the URI of a resource or 'null' for any resource.
2026-06-04 15:15:59.664 [warning] [ms-vscode.cpptools] Accessing a resource scoped configuration without providing a resource is not expected. To get the effective value for 'C_Cpp.vcFormat.space.pointerReferenceAlignment', provide the URI of a resource or 'null' for any resource.
2026-06-04 15:15:59.664 [warning] [ms-vscode.cpptools] Accessing a resource scoped configuration without providing a resource is not expected. To get the effective value for 'C_Cpp.vcFormat.space.aroundTernaryOperator', provide the URI of a resource or 'null' for any resource.
2026-06-04 15:15:59.665 [warning] [ms-vscode.cpptools] Accessing a resource scoped configuration without providing a resource is not expected. To get the effective value for 'C_Cpp.vcFormat.wrap.preserveBlocks', provide the URI of a resource or 'null' for any resource.
2026-06-04 15:15:59.665 [warning] [ms-vscode.cpptools] Accessing a resource scoped configuration without providing a resource is not expected. To get the effective value for 'C_Cpp.clang_format_style', provide the URI of a resource or 'null' for any resource.
2026-06-04 15:15:59.665 [warning] [ms-vscode.cpptools] Accessing a resource scoped configuration without providing a resource is not expected. To get the effective value for 'C_Cpp.formatting', provide the URI of a resource or 'null' for any resource.
2026-06-04 15:15:59.665 [warning] [ms-vscode.cpptools] Accessing a resource scoped configuration without providing a resource is not expected. To get the effective value for 'C_Cpp.clang_format_fallbackStyle', provide the URI of a resource or 'null' for any resource.
2026-06-04 15:15:59.665 [warning] [ms-vscode.cpptools] Accessing a resource scoped configuration without providing a resource is not expected. To get the effective value for 'C_Cpp.clang_format_sortIncludes', provide the URI of a resource or 'null' for any resource.
2026-06-04 15:15:59.665 [warning] [ms-vscode.cpptools] Accessing a resource scoped configuration without providing a resource is not expected. To get the effective value for 'C_Cpp.doxygen.generateOnType', provide the URI of a resource or 'null' for any resource.
2026-06-04 15:15:59.665 [warning] [ms-vscode.cpptools] Accessing a resource scoped configuration without providing a resource is not expected. To get the effective value for 'C_Cpp.doxygen.generateOnCodeAction', provide the URI of a resource or 'null' for any resource.
2026-06-04 15:15:59.665 [warning] [ms-vscode.cpptools] Accessing a resource scoped configuration without providing a resource is not expected. To get the effective value for 'C_Cpp.doxygen.generatedStyle', provide the URI of a resource or 'null' for any resource.
2026-06-04 15:15:59.665 [warning] [ms-vscode.cpptools] Accessing a resource scoped configuration without providing a resource is not expected. To get the effective value for 'C_Cpp.doxygen.sectionTags', provide the URI of a resource or 'null' for any resource.
2026-06-04 15:15:59.665 [warning] [ms-vscode.cpptools] Accessing a resource scoped configuration without providing a resource is not expected. To get the effective value for 'C_Cpp.markdownInComments', provide the URI of a resource or 'null' for any resource.
2026-06-04 15:15:59.665 [warning] [ms-vscode.cpptools] Accessing a resource scoped configuration without providing a resource is not expected. To get the effective value for 'C_Cpp.codeAnalysis.exclude', provide the URI of a resource or 'null' for any resource.
2026-06-04 15:15:59.666 [warning] [ms-vscode.cpptools] Accessing a resource scoped configuration without providing a resource is not expected. To get the effective value for 'C_Cpp.codeAnalysis.clangTidy.codeAction.formatFixes', provide the URI of a resource or 'null' for any resource.
2026-06-04 15:15:59.666 [warning] [ms-vscode.cpptools] Accessing a resource scoped configuration without providing a resource is not expected. To get the effective value for 'C_Cpp.codeAnalysis.clangTidy.enabled', provide the URI of a resource or 'null' for any resource.
2026-06-04 15:15:59.666 [warning] [ms-vscode.cpptools] Accessing a resource scoped configuration without providing a resource is not expected. To get the effective value for 'C_Cpp.codeAnalysis.clangTidy.config', provide the URI of a resource or 'null' for any resource.
2026-06-04 15:15:59.666 [warning] [ms-vscode.cpptools] Accessing a resource scoped configuration without providing a resource is not expected. To get the effective value for 'C_Cpp.codeAnalysis.clangTidy.fallbackConfig', provide the URI of a resource or 'null' for any resource.
2026-06-04 15:15:59.666 [warning] [ms-vscode.cpptools] Accessing a resource scoped configuration without providing a resource is not expected. To get the effective value for 'C_Cpp.codeAnalysis.clangTidy.headerFilter', provide the URI of a resource or 'null' for any resource.
2026-06-04 15:15:59.666 [warning] [ms-vscode.cpptools] Accessing a resource scoped configuration without providing a resource is not expected. To get the effective value for 'C_Cpp.codeAnalysis.clangTidy.args', provide the URI of a resource or 'null' for any resource.
2026-06-04 15:15:59.666 [warning] [ms-vscode.cpptools] Accessing a resource scoped configuration without providing a resource is not expected. To get the effective value for 'C_Cpp.codeAnalysis.clangTidy.useBuildPath', provide the URI of a resource or 'null' for any resource.
2026-06-04 15:15:59.666 [warning] [ms-vscode.cpptools] Accessing a resource scoped configuration without providing a resource is not expected. To get the effective value for 'C_Cpp.codeAnalysis.clangTidy.checks.enabled', provide the URI of a resource or 'null' for any resource.
2026-06-04 15:15:59.666 [warning] [ms-vscode.cpptools] Accessing a resource scoped configuration without providing a resource is not expected. To get the effective value for 'C_Cpp.codeAnalysis.clangTidy.checks.disabled', provide the URI of a resource or 'null' for any resource.
2026-06-04 15:15:59.666 [warning] [ms-vscode.cpptools] Accessing a resource scoped configuration without providing a resource is not expected. To get the effective value for 'C_Cpp.codeAnalysis.runAutomatically', provide the URI of a resource or 'null' for any resource.
2026-06-04 15:15:59.667 [warning] [ms-vscode.cpptools] Accessing a resource scoped configuration without providing a resource is not expected. To get the effective value for 'C_Cpp.debugShortcut', provide the URI of a resource or 'null' for any resource.
2026-06-04 15:15:59.667 [warning] [ms-vscode.cpptools] Accessing a resource scoped configuration without providing a resource is not expected. To get the effective value for 'C_Cpp.vcpkg.enabled', provide the URI of a resource or 'null' for any resource.
2026-06-04 15:15:59.670 [warning] [ms-vscode.cpptools] Accessing a resource scoped configuration without providing a resource is not expected. To get the effective value for 'files.exclude', provide the URI of a resource or 'null' for any resource.
2026-06-04 15:15:59.670 [warning] [ms-vscode.cpptools] Accessing a resource scoped configuration without providing a resource is not expected. To get the effective value for 'search.exclude', provide the URI of a resource or 'null' for any resource.
2026-06-04 15:17:47.584 [info] Extension host terminating: received terminate message from renderer
2026-06-04 15:17:47.625 [info] Extension host with pid 38296 exiting with code 0
2026-06-04 15:17:49.854 [info] Extension host with pid 38787 started
2026-06-04 15:17:49.875 [info] ExtensionService#_doActivateExtension vscode.github-authentication, startup: false, activationEvent: 'onAuthenticationRequest:github'
2026-06-04 15:17:49.898 [info] ExtensionService#_doActivateExtension vscode.emmet, startup: false, activationEvent: 'onLanguage'
2026-06-04 15:17:49.910 [info] ExtensionService#_doActivateExtension ms-vscode.cpp-devtools, startup: false, activationEvent: 'onLanguage:c'
2026-06-04 15:17:49.920 [info] ExtensionService#_doActivateExtension ms-vscode.cpptools, startup: false, activationEvent: 'onLanguage:c'
2026-06-04 15:17:50.062 [info] ExtensionService#_doActivateExtension college.mpi-sanitizer-vscode, startup: false, activationEvent: 'onLanguage:c'
2026-06-04 15:17:50.114 [info] ExtensionService#_doActivateExtension vscode.terminal-suggest, startup: false, activationEvent: 'onTerminalShellIntegration:*'
2026-06-04 15:17:50.493 [warning] [ms-vscode.cpptools] Accessing a resource scoped configuration without providing a resource is not expected. To get the effective value for 'C_Cpp.inlayHints.autoDeclarationTypes.enabled', provide the URI of a resource or 'null' for any resource.
2026-06-04 15:17:50.493 [warning] [ms-vscode.cpptools] Accessing a resource scoped configuration without providing a resource is not expected. To get the effective value for 'C_Cpp.inlayHints.autoDeclarationTypes.showOnLeft', provide the URI of a resource or 'null' for any resource.
2026-06-04 15:17:50.493 [warning] [ms-vscode.cpptools] Accessing a resource scoped configuration without providing a resource is not expected. To get the effective value for 'C_Cpp.inlayHints.parameterNames.enabled', provide the URI of a resource or 'null' for any resource.
2026-06-04 15:17:50.493 [warning] [ms-vscode.cpptools] Accessing a resource scoped configuration without providing a resource is not expected. To get the effective value for 'C_Cpp.inlayHints.parameterNames.suppressWhenArgumentContainsName', provide the URI of a resource or 'null' for any resource.
2026-06-04 15:17:50.493 [warning] [ms-vscode.cpptools] Accessing a resource scoped configuration without providing a resource is not expected. To get the effective value for 'C_Cpp.inlayHints.parameterNames.hideLeadingUnderscores', provide the URI of a resource or 'null' for any resource.
2026-06-04 15:17:50.494 [warning] [ms-vscode.cpptools] Accessing a resource scoped configuration without providing a resource is not expected. To get the effective value for 'C_Cpp.inlayHints.referenceOperator.enabled', provide the URI of a resource or 'null' for any resource.
2026-06-04 15:17:50.494 [warning] [ms-vscode.cpptools] Accessing a resource scoped configuration without providing a resource is not expected. To get the effective value for 'C_Cpp.inlayHints.referenceOperator.showSpace', provide the URI of a resource or 'null' for any resource.
2026-06-04 15:17:50.494 [warning] [ms-vscode.cpptools] Accessing a resource scoped configuration without providing a resource is not expected. To get the effective value for 'C_Cpp.autocompleteAddParentheses', provide the URI of a resource or 'null' for any resource.
2026-06-04 15:17:50.494 [warning] [ms-vscode.cpptools] Accessing a resource scoped configuration without providing a resource is not expected. To get the effective value for 'C_Cpp.suggestSnippets', provide the URI of a resource or 'null' for any resource.
2026-06-04 15:17:50.494 [warning] [ms-vscode.cpptools] Accessing a resource scoped configuration without providing a resource is not expected. To get the effective value for 'C_Cpp.legacyCompilerArgsBehavior', provide the URI of a resource or 'null' for any resource.
2026-06-04 15:17:50.494 [warning] [ms-vscode.cpptools] Accessing a resource scoped configuration without providing a resource is not expected. To get the effective value for 'C_Cpp.autocomplete', provide the URI of a resource or 'null' for any resource.
2026-06-04 15:17:50.495 [warning] [ms-vscode.cpptools] Accessing a resource scoped configuration without providing a resource is not expected. To get the effective value for 'C_Cpp.hover', provide the URI of a resource or 'null' for any resource.
2026-06-04 15:17:50.495 [warning] [ms-vscode.cpptools] Accessing a resource scoped configuration without providing a resource is not expected. To get the effective value for 'C_Cpp.errorSquiggles', provide the URI of a resource or 'null' for any resource.
2026-06-04 15:17:50.495 [warning] [ms-vscode.cpptools] Accessing a resource scoped configuration without providing a resource is not expected. To get the effective value for 'C_Cpp.dimInactiveRegions', provide the URI of a resource or 'null' for any resource.
2026-06-04 15:17:50.495 [warning] [ms-vscode.cpptools] Accessing a resource scoped configuration without providing a resource is not expected. To get the effective value for 'C_Cpp.inactiveRegionOpacity', provide the URI of a resource or 'null' for any resource.
2026-06-04 15:17:50.495 [warning] [ms-vscode.cpptools] Accessing a resource scoped configuration without providing a resource is not expected. To get the effective value for 'C_Cpp.inactiveRegionForegroundColor', provide the URI of a resource or 'null' for any resource.
2026-06-04 15:17:50.495 [warning] [ms-vscode.cpptools] Accessing a resource scoped configuration without providing a resource is not expected. To get the effective value for 'C_Cpp.inactiveRegionBackgroundColor', provide the URI of a resource or 'null' for any resource.
2026-06-04 15:17:50.495 [warning] [ms-vscode.cpptools] Accessing a resource scoped configuration without providing a resource is not expected. To get the effective value for 'C_Cpp.refactoring.includeHeader', provide the URI of a resource or 'null' for any resource.
2026-06-04 15:17:50.498 [warning] [ms-vscode.cpptools] Accessing a resource scoped configuration without providing a resource is not expected. To get the effective value for 'C_Cpp.default.cStandard', provide the URI of a resource or 'null' for any resource.
2026-06-04 15:17:50.498 [warning] [ms-vscode.cpptools] Accessing a resource scoped configuration without providing a resource is not expected. To get the effective value for 'C_Cpp.default.cppStandard', provide the URI of a resource or 'null' for any resource.
2026-06-04 15:17:50.498 [warning] [ms-vscode.cpptools] Accessing a resource scoped configuration without providing a resource is not expected. To get the effective value for 'C_Cpp.default.configurationProvider', provide the URI of a resource or 'null' for any resource.
2026-06-04 15:17:50.499 [warning] [ms-vscode.cpptools] Accessing a resource scoped configuration without providing a resource is not expected. To get the effective value for 'C_Cpp.default.mergeConfigurations', provide the URI of a resource or 'null' for any resource.
2026-06-04 15:17:50.499 [warning] [ms-vscode.cpptools] Accessing a resource scoped configuration without providing a resource is not expected. To get the effective value for 'C_Cpp.default.browse.limitSymbolsToIncludedHeaders', provide the URI of a resource or 'null' for any resource.
2026-06-04 15:17:50.500 [warning] [ms-vscode.cpptools] Accessing a resource scoped configuration without providing a resource is not expected. To get the effective value for 'C_Cpp.default.enableConfigurationSquiggles', provide the URI of a resource or 'null' for any resource.
2026-06-04 15:17:50.500 [warning] [ms-vscode.cpptools] Accessing a resource scoped configuration without providing a resource is not expected. To get the effective value for 'C_Cpp.default.dotConfig', provide the URI of a resource or 'null' for any resource.
2026-06-04 15:17:50.500 [warning] [ms-vscode.cpptools] Accessing a resource scoped configuration without providing a resource is not expected. To get the effective value for 'C_Cpp.default.recursiveIncludes.reduce', provide the URI of a resource or 'null' for any resource.
2026-06-04 15:17:50.500 [warning] [ms-vscode.cpptools] Accessing a resource scoped configuration without providing a resource is not expected. To get the effective value for 'C_Cpp.default.recursiveIncludes.priority', provide the URI of a resource or 'null' for any resource.
2026-06-04 15:17:50.501 [warning] [ms-vscode.cpptools] Accessing a resource scoped configuration without providing a resource is not expected. To get the effective value for 'C_Cpp.default.recursiveIncludes.order', provide the URI of a resource or 'null' for any resource.
2026-06-04 15:17:50.501 [warning] [ms-vscode.cpptools] Accessing a resource scoped configuration without providing a resource is not expected. To get the effective value for 'C_Cpp.configurationWarnings', provide the URI of a resource or 'null' for any resource.
2026-06-04 15:17:50.501 [warning] [ms-vscode.cpptools] Accessing a resource scoped configuration without providing a resource is not expected. To get the effective value for 'C_Cpp.intelliSenseEngine', provide the URI of a resource or 'null' for any resource.
2026-06-04 15:17:50.501 [warning] [ms-vscode.cpptools] Accessing a resource scoped configuration without providing a resource is not expected. To get the effective value for 'C_Cpp.exclusionPolicy', provide the URI of a resource or 'null' for any resource.
2026-06-04 15:17:50.501 [warning] [ms-vscode.cpptools] Accessing a resource scoped configuration without providing a resource is not expected. To get the effective value for 'C_Cpp.files.exclude', provide the URI of a resource or 'null' for any resource.
2026-06-04 15:17:50.502 [warning] [ms-vscode.cpptools] Accessing a resource scoped configuration without providing a resource is not expected. To get the effective value for 'C_Cpp.vcFormat.indent.braces', provide the URI of a resource or 'null' for any resource.
2026-06-04 15:17:50.502 [warning] [ms-vscode.cpptools] Accessing a resource scoped configuration without providing a resource is not expected. To get the effective value for 'C_Cpp.vcFormat.indent.multiLineRelativeTo', provide the URI of a resource or 'null' for any resource.
2026-06-04 15:17:50.502 [warning] [ms-vscode.cpptools] Accessing a resource scoped configuration without providing a resource is not expected. To get the effective value for 'C_Cpp.vcFormat.indent.withinParentheses', provide the URI of a resource or 'null' for any resource.
2026-06-04 15:17:50.502 [warning] [ms-vscode.cpptools] Accessing a resource scoped configuration without providing a resource is not expected. To get the effective value for 'C_Cpp.vcFormat.indent.preserveWithinParentheses', provide the URI of a resource or 'null' for any resource.
2026-06-04 15:17:50.502 [warning] [ms-vscode.cpptools] Accessing a resource scoped configuration without providing a resource is not expected. To get the effective value for 'C_Cpp.vcFormat.indent.caseLabels', provide the URI of a resource or 'null' for any resource.
2026-06-04 15:17:50.502 [warning] [ms-vscode.cpptools] Accessing a resource scoped configuration without providing a resource is not expected. To get the effective value for 'C_Cpp.vcFormat.indent.caseContents', provide the URI of a resource or 'null' for any resource.
2026-06-04 15:17:50.502 [warning] [ms-vscode.cpptools] Accessing a resource scoped configuration without providing a resource is not expected. To get the effective value for 'C_Cpp.vcFormat.indent.caseContentsWhenBlock', provide the URI of a resource or 'null' for any resource.
2026-06-04 15:17:50.503 [warning] [ms-vscode.cpptools] Accessing a resource scoped configuration without providing a resource is not expected. To get the effective value for 'C_Cpp.vcFormat.indent.lambdaBracesWhenParameter', provide the URI of a resource or 'null' for any resource.
2026-06-04 15:17:50.503 [warning] [ms-vscode.cpptools] Accessing a resource scoped configuration without providing a resource is not expected. To get the effective value for 'C_Cpp.vcFormat.indent.gotoLabels', provide the URI of a resource or 'null' for any resource.
2026-06-04 15:17:50.503 [warning] [ms-vscode.cpptools] Accessing a resource scoped configuration without providing a resource is not expected. To get the effective value for 'C_Cpp.vcFormat.indent.preprocessor', provide the URI of a resource or 'null' for any resource.
2026-06-04 15:17:50.503 [warning] [ms-vscode.cpptools] Accessing a resource scoped configuration without providing a resource is not expected. To get the effective value for 'C_Cpp.vcFormat.indent.accessSpecifiers', provide the URI of a resource or 'null' for any resource.
2026-06-04 15:17:50.503 [warning] [ms-vscode.cpptools] Accessing a resource scoped configuration without providing a resource is not expected. To get the effective value for 'C_Cpp.vcFormat.indent.namespaceContents', provide the URI of a resource or 'null' for any resource.
2026-06-04 15:17:50.503 [warning] [ms-vscode.cpptools] Accessing a resource scoped configuration without providing a resource is not expected. To get the effective value for 'C_Cpp.vcFormat.indent.preserveComments', provide the URI of a resource or 'null' for any resource.
2026-06-04 15:17:50.503 [warning] [ms-vscode.cpptools] Accessing a resource scoped configuration without providing a resource is not expected. To get the effective value for 'C_Cpp.vcFormat.newLine.beforeOpenBrace.namespace', provide the URI of a resource or 'null' for any resource.
2026-06-04 15:17:50.503 [warning] [ms-vscode.cpptools] Accessing a resource scoped configuration without providing a resource is not expected. To get the effective value for 'C_Cpp.vcFormat.newLine.beforeOpenBrace.type', provide the URI of a resource or 'null' for any resource.
2026-06-04 15:17:50.503 [warning] [ms-vscode.cpptools] Accessing a resource scoped configuration without providing a resource is not expected. To get the effective value for 'C_Cpp.vcFormat.newLine.beforeOpenBrace.function', provide the URI of a resource or 'null' for any resource.
2026-06-04 15:17:50.503 [warning] [ms-vscode.cpptools] Accessing a resource scoped configuration without providing a resource is not expected. To get the effective value for 'C_Cpp.vcFormat.newLine.beforeOpenBrace.block', provide the URI of a resource or 'null' for any resource.
2026-06-04 15:17:50.503 [warning] [ms-vscode.cpptools] Accessing a resource scoped configuration without providing a resource is not expected. To get the effective value for 'C_Cpp.vcFormat.newLine.beforeOpenBrace.lambda', provide the URI of a resource or 'null' for any resource.
2026-06-04 15:17:50.503 [warning] [ms-vscode.cpptools] Accessing a resource scoped configuration without providing a resource is not expected. To get the effective value for 'C_Cpp.vcFormat.newLine.scopeBracesOnSeparateLines', provide the URI of a resource or 'null' for any resource.
2026-06-04 15:17:50.504 [warning] [ms-vscode.cpptools] Accessing a resource scoped configuration without providing a resource is not expected. To get the effective value for 'C_Cpp.vcFormat.newLine.closeBraceSameLine.emptyType', provide the URI of a resource or 'null' for any resource.
2026-06-04 15:17:50.504 [warning] [ms-vscode.cpptools] Accessing a resource scoped configuration without providing a resource is not expected. To get the effective value for 'C_Cpp.vcFormat.newLine.closeBraceSameLine.emptyFunction', provide the URI of a resource or 'null' for any resource.
2026-06-04 15:17:50.504 [warning] [ms-vscode.cpptools] Accessing a resource scoped configuration without providing a resource is not expected. To get the effective value for 'C_Cpp.vcFormat.newLine.beforeCatch', provide the URI of a resource or 'null' for any resource.
2026-06-04 15:17:50.504 [warning] [ms-vscode.cpptools] Accessing a resource scoped configuration without providing a resource is not expected. To get the effective value for 'C_Cpp.vcFormat.newLine.beforeElse', provide the URI of a resource or 'null' for any resource.
2026-06-04 15:17:50.505 [warning] [ms-vscode.cpptools] Accessing a resource scoped configuration without providing a resource is not expected. To get the effective value for 'C_Cpp.vcFormat.newLine.beforeWhileInDoWhile', provide the URI of a resource or 'null' for any resource.
2026-06-04 15:17:50.505 [warning] [ms-vscode.cpptools] Accessing a resource scoped configuration without providing a resource is not expected. To get the effective value for 'C_Cpp.vcFormat.space.beforeFunctionOpenParenthesis', provide the URI of a resource or 'null' for any resource.
2026-06-04 15:17:50.505 [warning] [ms-vscode.cpptools] Accessing a resource scoped configuration without providing a resource is not expected. To get the effective value for 'C_Cpp.vcFormat.space.withinParameterListParentheses', provide the URI of a resource or 'null' for any resource.
2026-06-04 15:17:50.505 [warning] [ms-vscode.cpptools] Accessing a resource scoped configuration without providing a resource is not expected. To get the effective value for 'C_Cpp.vcFormat.space.betweenEmptyParameterListParentheses', provide the URI of a resource or 'null' for any resource.
2026-06-04 15:17:50.505 [warning] [ms-vscode.cpptools] Accessing a resource scoped configuration without providing a resource is not expected. To get the effective value for 'C_Cpp.vcFormat.space.afterKeywordsInControlFlowStatements', provide the URI of a resource or 'null' for any resource.
2026-06-04 15:17:50.505 [warning] [ms-vscode.cpptools] Accessing a resource scoped configuration without providing a resource is not expected. To get the effective value for 'C_Cpp.vcFormat.space.withinControlFlowStatementParentheses', provide the URI of a resource or 'null' for any resource.
2026-06-04 15:17:50.505 [warning] [ms-vscode.cpptools] Accessing a resource scoped configuration without providing a resource is not expected. To get the effective value for 'C_Cpp.vcFormat.space.beforeLambdaOpenParenthesis', provide the URI of a resource or 'null' for any resource.
2026-06-04 15:17:50.505 [warning] [ms-vscode.cpptools] Accessing a resource scoped configuration without providing a resource is not expected. To get the effective value for 'C_Cpp.vcFormat.space.withinCastParentheses', provide the URI of a resource or 'null' for any resource.
2026-06-04 15:17:50.505 [warning] [ms-vscode.cpptools] Accessing a resource scoped configuration without providing a resource is not expected. To get the effective value for 'C_Cpp.vcFormat.space.afterCastCloseParenthesis', provide the URI of a resource or 'null' for any resource.
2026-06-04 15:17:50.505 [warning] [ms-vscode.cpptools] Accessing a resource scoped configuration without providing a resource is not expected. To get the effective value for 'C_Cpp.vcFormat.space.withinExpressionParentheses', provide the URI of a resource or 'null' for any resource.
2026-06-04 15:17:50.505 [warning] [ms-vscode.cpptools] Accessing a resource scoped configuration without providing a resource is not expected. To get the effective value for 'C_Cpp.vcFormat.space.beforeBlockOpenBrace', provide the URI of a resource or 'null' for any resource.
2026-06-04 15:17:50.505 [warning] [ms-vscode.cpptools] Accessing a resource scoped configuration without providing a resource is not expected. To get the effective value for 'C_Cpp.vcFormat.space.betweenEmptyBraces', provide the URI of a resource or 'null' for any resource.
2026-06-04 15:17:50.505 [warning] [ms-vscode.cpptools] Accessing a resource scoped configuration without providing a resource is not expected. To get the effective value for 'C_Cpp.vcFormat.space.beforeInitializerListOpenBrace', provide the URI of a resource or 'null' for any resource.
2026-06-04 15:17:50.506 [warning] [ms-vscode.cpptools] Accessing a resource scoped configuration without providing a resource is not expected. To get the effective value for 'C_Cpp.vcFormat.space.withinInitializerListBraces', provide the URI of a resource or 'null' for any resource.
2026-06-04 15:17:50.506 [warning] [ms-vscode.cpptools] Accessing a resource scoped configuration without providing a resource is not expected. To get the effective value for 'C_Cpp.vcFormat.space.preserveInInitializerList', provide the URI of a resource or 'null' for any resource.
2026-06-04 15:17:50.506 [warning] [ms-vscode.cpptools] Accessing a resource scoped configuration without providing a resource is not expected. To get the effective value for 'C_Cpp.vcFormat.space.beforeOpenSquareBracket', provide the URI of a resource or 'null' for any resource.
2026-06-04 15:17:50.506 [warning] [ms-vscode.cpptools] Accessing a resource scoped configuration without providing a resource is not expected. To get the effective value for 'C_Cpp.vcFormat.space.withinSquareBrackets', provide the URI of a resource or 'null' for any resource.
2026-06-04 15:17:50.506 [warning] [ms-vscode.cpptools] Accessing a resource scoped configuration without providing a resource is not expected. To get the effective value for 'C_Cpp.vcFormat.space.beforeEmptySquareBrackets', provide the URI of a resource or 'null' for any resource.
2026-06-04 15:17:50.506 [warning] [ms-vscode.cpptools] Accessing a resource scoped configuration without providing a resource is not expected. To get the effective value for 'C_Cpp.vcFormat.space.betweenEmptySquareBrackets', provide the URI of a resource or 'null' for any resource.
2026-06-04 15:17:50.506 [warning] [ms-vscode.cpptools] Accessing a resource scoped configuration without providing a resource is not expected. To get the effective value for 'C_Cpp.vcFormat.space.groupSquareBrackets', provide the URI of a resource or 'null' for any resource.
2026-06-04 15:17:50.506 [warning] [ms-vscode.cpptools] Accessing a resource scoped configuration without providing a resource is not expected. To get the effective value for 'C_Cpp.vcFormat.space.withinLambdaBrackets', provide the URI of a resource or 'null' for any resource.
2026-06-04 15:17:50.506 [warning] [ms-vscode.cpptools] Accessing a resource scoped configuration without providing a resource is not expected. To get the effective value for 'C_Cpp.vcFormat.space.betweenEmptyLambdaBrackets', provide the URI of a resource or 'null' for any resource.
2026-06-04 15:17:50.506 [warning] [ms-vscode.cpptools] Accessing a resource scoped configuration without providing a resource is not expected. To get the effective value for 'C_Cpp.vcFormat.space.beforeComma', provide the URI of a resource or 'null' for any resource.
2026-06-04 15:17:50.506 [warning] [ms-vscode.cpptools] Accessing a resource scoped configuration without providing a resource is not expected. To get the effective value for 'C_Cpp.vcFormat.space.afterComma', provide the URI of a resource or 'null' for any resource.
2026-06-04 15:17:50.506 [warning] [ms-vscode.cpptools] Accessing a resource scoped configuration without providing a resource is not expected. To get the effective value for 'C_Cpp.vcFormat.space.removeAroundMemberOperators', provide the URI of a resource or 'null' for any resource.
2026-06-04 15:17:50.506 [warning] [ms-vscode.cpptools] Accessing a resource scoped configuration without providing a resource is not expected. To get the effective value for 'C_Cpp.vcFormat.space.beforeInheritanceColon', provide the URI of a resource or 'null' for any resource.
2026-06-04 15:17:50.506 [warning] [ms-vscode.cpptools] Accessing a resource scoped configuration without providing a resource is not expected. To get the effective value for 'C_Cpp.vcFormat.space.beforeConstructorColon', provide the URI of a resource or 'null' for any resource.
2026-06-04 15:17:50.506 [warning] [ms-vscode.cpptools] Accessing a resource scoped configuration without providing a resource is not expected. To get the effective value for 'C_Cpp.vcFormat.space.removeBeforeSemicolon', provide the URI of a resource or 'null' for any resource.
2026-06-04 15:17:50.507 [warning] [ms-vscode.cpptools] Accessing a resource scoped configuration without providing a resource is not expected. To get the effective value for 'C_Cpp.vcFormat.space.insertAfterSemicolon', provide the URI of a resource or 'null' for any resource.
2026-06-04 15:17:50.507 [warning] [ms-vscode.cpptools] Accessing a resource scoped configuration without providing a resource is not expected. To get the effective value for 'C_Cpp.vcFormat.space.removeAroundUnaryOperator', provide the URI of a resource or 'null' for any resource.
2026-06-04 15:17:50.507 [warning] [ms-vscode.cpptools] Accessing a resource scoped configuration without providing a resource is not expected. To get the effective value for 'C_Cpp.vcFormat.space.aroundBinaryOperator', provide the URI of a resource or 'null' for any resource.
2026-06-04 15:17:50.507 [warning] [ms-vscode.cpptools] Accessing a resource scoped configuration without providing a resource is not expected. To get the effective value for 'C_Cpp.vcFormat.space.aroundAssignmentOperator', provide the URI of a resource or 'null' for any resource.
2026-06-04 15:17:50.507 [warning] [ms-vscode.cpptools] Accessing a resource scoped configuration without providing a resource is not expected. To get the effective value for 'C_Cpp.vcFormat.space.pointerReferenceAlignment', provide the URI of a resource or 'null' for any resource.
2026-06-04 15:17:50.507 [warning] [ms-vscode.cpptools] Accessing a resource scoped configuration without providing a resource is not expected. To get the effective value for 'C_Cpp.vcFormat.space.aroundTernaryOperator', provide the URI of a resource or 'null' for any resource.
2026-06-04 15:17:50.507 [warning] [ms-vscode.cpptools] Accessing a resource scoped configuration without providing a resource is not expected. To get the effective value for 'C_Cpp.vcFormat.wrap.preserveBlocks', provide the URI of a resource or 'null' for any resource.
2026-06-04 15:17:50.507 [warning] [ms-vscode.cpptools] Accessing a resource scoped configuration without providing a resource is not expected. To get the effective value for 'C_Cpp.clang_format_style', provide the URI of a resource or 'null' for any resource.
2026-06-04 15:17:50.507 [warning] [ms-vscode.cpptools] Accessing a resource scoped configuration without providing a resource is not expected. To get the effective value for 'C_Cpp.formatting', provide the URI of a resource or 'null' for any resource.
2026-06-04 15:17:50.507 [warning] [ms-vscode.cpptools] Accessing a resource scoped configuration without providing a resource is not expected. To get the effective value for 'C_Cpp.clang_format_fallbackStyle', provide the URI of a resource or 'null' for any resource.
2026-06-04 15:17:50.507 [warning] [ms-vscode.cpptools] Accessing a resource scoped configuration without providing a resource is not expected. To get the effective value for 'C_Cpp.clang_format_sortIncludes', provide the URI of a resource or 'null' for any resource.
2026-06-04 15:17:50.508 [warning] [ms-vscode.cpptools] Accessing a resource scoped configuration without providing a resource is not expected. To get the effective value for 'C_Cpp.doxygen.generateOnType', provide the URI of a resource or 'null' for any resource.
2026-06-04 15:17:50.508 [warning] [ms-vscode.cpptools] Accessing a resource scoped configuration without providing a resource is not expected. To get the effective value for 'C_Cpp.doxygen.generateOnCodeAction', provide the URI of a resource or 'null' for any resource.
2026-06-04 15:17:50.508 [warning] [ms-vscode.cpptools] Accessing a resource scoped configuration without providing a resource is not expected. To get the effective value for 'C_Cpp.doxygen.generatedStyle', provide the URI of a resource or 'null' for any resource.
2026-06-04 15:17:50.508 [warning] [ms-vscode.cpptools] Accessing a resource scoped configuration without providing a resource is not expected. To get the effective value for 'C_Cpp.doxygen.sectionTags', provide the URI of a resource or 'null' for any resource.
2026-06-04 15:17:50.508 [warning] [ms-vscode.cpptools] Accessing a resource scoped configuration without providing a resource is not expected. To get the effective value for 'C_Cpp.markdownInComments', provide the URI of a resource or 'null' for any resource.
2026-06-04 15:17:50.508 [warning] [ms-vscode.cpptools] Accessing a resource scoped configuration without providing a resource is not expected. To get the effective value for 'C_Cpp.codeAnalysis.exclude', provide the URI of a resource or 'null' for any resource.
2026-06-04 15:17:50.509 [warning] [ms-vscode.cpptools] Accessing a resource scoped configuration without providing a resource is not expected. To get the effective value for 'C_Cpp.codeAnalysis.clangTidy.codeAction.formatFixes', provide the URI of a resource or 'null' for any resource.
2026-06-04 15:17:50.509 [warning] [ms-vscode.cpptools] Accessing a resource scoped configuration without providing a resource is not expected. To get the effective value for 'C_Cpp.codeAnalysis.clangTidy.enabled', provide the URI of a resource or 'null' for any resource.
2026-06-04 15:17:50.509 [warning] [ms-vscode.cpptools] Accessing a resource scoped configuration without providing a resource is not expected. To get the effective value for 'C_Cpp.codeAnalysis.clangTidy.config', provide the URI of a resource or 'null' for any resource.
2026-06-04 15:17:50.509 [warning] [ms-vscode.cpptools] Accessing a resource scoped configuration without providing a resource is not expected. To get the effective value for 'C_Cpp.codeAnalysis.clangTidy.fallbackConfig', provide the URI of a resource or 'null' for any resource.
2026-06-04 15:17:50.510 [warning] [ms-vscode.cpptools] Accessing a resource scoped configuration without providing a resource is not expected. To get the effective value for 'C_Cpp.codeAnalysis.clangTidy.headerFilter', provide the URI of a resource or 'null' for any resource.
2026-06-04 15:17:50.510 [warning] [ms-vscode.cpptools] Accessing a resource scoped configuration without providing a resource is not expected. To get the effective value for 'C_Cpp.codeAnalysis.clangTidy.args', provide the URI of a resource or 'null' for any resource.
2026-06-04 15:17:50.510 [warning] [ms-vscode.cpptools] Accessing a resource scoped configuration without providing a resource is not expected. To get the effective value for 'C_Cpp.codeAnalysis.clangTidy.useBuildPath', provide the URI of a resource or 'null' for any resource.
2026-06-04 15:17:50.510 [warning] [ms-vscode.cpptools] Accessing a resource scoped configuration without providing a resource is not expected. To get the effective value for 'C_Cpp.codeAnalysis.clangTidy.checks.enabled', provide the URI of a resource or 'null' for any resource.
2026-06-04 15:17:50.510 [warning] [ms-vscode.cpptools] Accessing a resource scoped configuration without providing a resource is not expected. To get the effective value for 'C_Cpp.codeAnalysis.clangTidy.checks.disabled', provide the URI of a resource or 'null' for any resource.
2026-06-04 15:17:50.510 [warning] [ms-vscode.cpptools] Accessing a resource scoped configuration without providing a resource is not expected. To get the effective value for 'C_Cpp.codeAnalysis.runAutomatically', provide the URI of a resource or 'null' for any resource.
2026-06-04 15:17:50.510 [warning] [ms-vscode.cpptools] Accessing a resource scoped configuration without providing a resource is not expected. To get the effective value for 'C_Cpp.debugShortcut', provide the URI of a resource or 'null' for any resource.
2026-06-04 15:17:50.512 [warning] [ms-vscode.cpptools] Accessing a resource scoped configuration without providing a resource is not expected. To get the effective value for 'C_Cpp.vcpkg.enabled', provide the URI of a resource or 'null' for any resource.
2026-06-04 15:17:50.517 [warning] [ms-vscode.cpptools] Accessing a resource scoped configuration without providing a resource is not expected. To get the effective value for 'files.exclude', provide the URI of a resource or 'null' for any resource.
2026-06-04 15:17:50.517 [warning] [ms-vscode.cpptools] Accessing a resource scoped configuration without providing a resource is not expected. To get the effective value for 'search.exclude', provide the URI of a resource or 'null' for any resource.
2026-06-04 15:17:50.554 [info] ExtensionService#_doActivateExtension vscode.git-base, startup: true, activationEvent: '*', root cause: vscode.git
2026-06-04 15:17:50.568 [info] ExtensionService#_doActivateExtension vscode.git, startup: true, activationEvent: '*'
2026-06-04 15:17:50.618 [info] ExtensionService#_doActivateExtension vscode.github, startup: true, activationEvent: '*'
2026-06-04 15:17:50.681 [warning] [vscode.git] Accessing a resource scoped configuration without providing a resource is not expected. To get the effective value for 'git.openRepositoryInParentFolders', provide the URI of a resource or 'null' for any resource.
2026-06-04 15:17:50.681 [warning] [vscode.git] Accessing a resource scoped configuration without providing a resource is not expected. To get the effective value for 'git.showProgress', provide the URI of a resource or 'null' for any resource.
2026-06-04 15:17:50.690 [info] Eager extensions activated
2026-06-04 15:17:50.702 [info] ExtensionService#_doActivateExtension GitHub.copilot-chat, startup: false, activationEvent: 'onStartupFinished'
2026-06-04 15:17:51.637 [info] ExtensionService#_doActivateExtension vscode.debug-auto-launch, startup: false, activationEvent: 'onStartupFinished'
2026-06-04 15:17:51.639 [info] ExtensionService#_doActivateExtension vscode.merge-conflict, startup: false, activationEvent: 'onStartupFinished'
2026-06-04 15:17:51.706 [warning] [ms-vscode.cpptools] Accessing a resource scoped configuration without providing a resource is not expected. To get the effective value for 'C_Cpp.inlayHints.autoDeclarationTypes.enabled', provide the URI of a resource or 'null' for any resource.
2026-06-04 15:17:51.706 [warning] [ms-vscode.cpptools] Accessing a resource scoped configuration without providing a resource is not expected. To get the effective value for 'C_Cpp.inlayHints.autoDeclarationTypes.showOnLeft', provide the URI of a resource or 'null' for any resource.
2026-06-04 15:17:51.707 [warning] [ms-vscode.cpptools] Accessing a resource scoped configuration without providing a resource is not expected. To get the effective value for 'C_Cpp.inlayHints.parameterNames.enabled', provide the URI of a resource or 'null' for any resource.
2026-06-04 15:17:51.707 [warning] [ms-vscode.cpptools] Accessing a resource scoped configuration without providing a resource is not expected. To get the effective value for 'C_Cpp.inlayHints.parameterNames.suppressWhenArgumentContainsName', provide the URI of a resource or 'null' for any resource.
2026-06-04 15:17:51.707 [warning] [ms-vscode.cpptools] Accessing a resource scoped configuration without providing a resource is not expected. To get the effective value for 'C_Cpp.inlayHints.parameterNames.hideLeadingUnderscores', provide the URI of a resource or 'null' for any resource.
2026-06-04 15:17:51.707 [warning] [ms-vscode.cpptools] Accessing a resource scoped configuration without providing a resource is not expected. To get the effective value for 'C_Cpp.inlayHints.referenceOperator.enabled', provide the URI of a resource or 'null' for any resource.
2026-06-04 15:17:51.707 [warning] [ms-vscode.cpptools] Accessing a resource scoped configuration without providing a resource is not expected. To get the effective value for 'C_Cpp.inlayHints.referenceOperator.showSpace', provide the URI of a resource or 'null' for any resource.
2026-06-04 15:17:51.707 [warning] [ms-vscode.cpptools] Accessing a resource scoped configuration without providing a resource is not expected. To get the effective value for 'C_Cpp.autocompleteAddParentheses', provide the URI of a resource or 'null' for any resource.
2026-06-04 15:17:51.707 [warning] [ms-vscode.cpptools] Accessing a resource scoped configuration without providing a resource is not expected. To get the effective value for 'C_Cpp.suggestSnippets', provide the URI of a resource or 'null' for any resource.
2026-06-04 15:17:51.707 [warning] [ms-vscode.cpptools] Accessing a resource scoped configuration without providing a resource is not expected. To get the effective value for 'C_Cpp.legacyCompilerArgsBehavior', provide the URI of a resource or 'null' for any resource.
2026-06-04 15:17:51.707 [warning] [ms-vscode.cpptools] Accessing a resource scoped configuration without providing a resource is not expected. To get the effective value for 'C_Cpp.autocomplete', provide the URI of a resource or 'null' for any resource.
2026-06-04 15:17:51.707 [warning] [ms-vscode.cpptools] Accessing a resource scoped configuration without providing a resource is not expected. To get the effective value for 'C_Cpp.hover', provide the URI of a resource or 'null' for any resource.
2026-06-04 15:17:51.707 [warning] [ms-vscode.cpptools] Accessing a resource scoped configuration without providing a resource is not expected. To get the effective value for 'C_Cpp.errorSquiggles', provide the URI of a resource or 'null' for any resource.
2026-06-04 15:17:51.707 [warning] [ms-vscode.cpptools] Accessing a resource scoped configuration without providing a resource is not expected. To get the effective value for 'C_Cpp.dimInactiveRegions', provide the URI of a resource or 'null' for any resource.
2026-06-04 15:17:51.707 [warning] [ms-vscode.cpptools] Accessing a resource scoped configuration without providing a resource is not expected. To get the effective value for 'C_Cpp.inactiveRegionOpacity', provide the URI of a resource or 'null' for any resource.
2026-06-04 15:17:51.707 [warning] [ms-vscode.cpptools] Accessing a resource scoped configuration without providing a resource is not expected. To get the effective value for 'C_Cpp.inactiveRegionForegroundColor', provide the URI of a resource or 'null' for any resource.
2026-06-04 15:17:51.707 [warning] [ms-vscode.cpptools] Accessing a resource scoped configuration without providing a resource is not expected. To get the effective value for 'C_Cpp.inactiveRegionBackgroundColor', provide the URI of a resource or 'null' for any resource.
2026-06-04 15:17:51.708 [warning] [ms-vscode.cpptools] Accessing a resource scoped configuration without providing a resource is not expected. To get the effective value for 'C_Cpp.refactoring.includeHeader', provide the URI of a resource or 'null' for any resource.
2026-06-04 15:17:51.708 [warning] [ms-vscode.cpptools] Accessing a resource scoped configuration without providing a resource is not expected. To get the effective value for 'C_Cpp.default.cStandard', provide the URI of a resource or 'null' for any resource.
2026-06-04 15:17:51.708 [warning] [ms-vscode.cpptools] Accessing a resource scoped configuration without providing a resource is not expected. To get the effective value for 'C_Cpp.default.cppStandard', provide the URI of a resource or 'null' for any resource.
2026-06-04 15:17:51.708 [warning] [ms-vscode.cpptools] Accessing a resource scoped configuration without providing a resource is not expected. To get the effective value for 'C_Cpp.default.configurationProvider', provide the URI of a resource or 'null' for any resource.
2026-06-04 15:17:51.708 [warning] [ms-vscode.cpptools] Accessing a resource scoped configuration without providing a resource is not expected. To get the effective value for 'C_Cpp.default.mergeConfigurations', provide the URI of a resource or 'null' for any resource.
2026-06-04 15:17:51.708 [warning] [ms-vscode.cpptools] Accessing a resource scoped configuration without providing a resource is not expected. To get the effective value for 'C_Cpp.default.browse.limitSymbolsToIncludedHeaders', provide the URI of a resource or 'null' for any resource.
2026-06-04 15:17:51.709 [warning] [ms-vscode.cpptools] Accessing a resource scoped configuration without providing a resource is not expected. To get the effective value for 'C_Cpp.default.enableConfigurationSquiggles', provide the URI of a resource or 'null' for any resource.
2026-06-04 15:17:51.709 [warning] [ms-vscode.cpptools] Accessing a resource scoped configuration without providing a resource is not expected. To get the effective value for 'C_Cpp.default.dotConfig', provide the URI of a resource or 'null' for any resource.
2026-06-04 15:17:51.709 [warning] [ms-vscode.cpptools] Accessing a resource scoped configuration without providing a resource is not expected. To get the effective value for 'C_Cpp.default.recursiveIncludes.reduce', provide the URI of a resource or 'null' for any resource.
2026-06-04 15:17:51.709 [warning] [ms-vscode.cpptools] Accessing a resource scoped configuration without providing a resource is not expected. To get the effective value for 'C_Cpp.default.recursiveIncludes.priority', provide the URI of a resource or 'null' for any resource.
2026-06-04 15:17:51.709 [warning] [ms-vscode.cpptools] Accessing a resource scoped configuration without providing a resource is not expected. To get the effective value for 'C_Cpp.default.recursiveIncludes.order', provide the URI of a resource or 'null' for any resource.
2026-06-04 15:17:51.709 [warning] [ms-vscode.cpptools] Accessing a resource scoped configuration without providing a resource is not expected. To get the effective value for 'C_Cpp.configurationWarnings', provide the URI of a resource or 'null' for any resource.
2026-06-04 15:17:51.709 [warning] [ms-vscode.cpptools] Accessing a resource scoped configuration without providing a resource is not expected. To get the effective value for 'C_Cpp.intelliSenseEngine', provide the URI of a resource or 'null' for any resource.
2026-06-04 15:17:51.709 [warning] [ms-vscode.cpptools] Accessing a resource scoped configuration without providing a resource is not expected. To get the effective value for 'C_Cpp.exclusionPolicy', provide the URI of a resource or 'null' for any resource.
2026-06-04 15:17:51.709 [warning] [ms-vscode.cpptools] Accessing a resource scoped configuration without providing a resource is not expected. To get the effective value for 'C_Cpp.files.exclude', provide the URI of a resource or 'null' for any resource.
2026-06-04 15:17:51.709 [warning] [ms-vscode.cpptools] Accessing a resource scoped configuration without providing a resource is not expected. To get the effective value for 'C_Cpp.vcFormat.indent.braces', provide the URI of a resource or 'null' for any resource.
2026-06-04 15:17:51.709 [warning] [ms-vscode.cpptools] Accessing a resource scoped configuration without providing a resource is not expected. To get the effective value for 'C_Cpp.vcFormat.indent.multiLineRelativeTo', provide the URI of a resource or 'null' for any resource.
2026-06-04 15:17:51.709 [warning] [ms-vscode.cpptools] Accessing a resource scoped configuration without providing a resource is not expected. To get the effective value for 'C_Cpp.vcFormat.indent.withinParentheses', provide the URI of a resource or 'null' for any resource.
2026-06-04 15:17:51.710 [warning] [ms-vscode.cpptools] Accessing a resource scoped configuration without providing a resource is not expected. To get the effective value for 'C_Cpp.vcFormat.indent.preserveWithinParentheses', provide the URI of a resource or 'null' for any resource.
2026-06-04 15:17:51.710 [warning] [ms-vscode.cpptools] Accessing a resource scoped configuration without providing a resource is not expected. To get the effective value for 'C_Cpp.vcFormat.indent.caseLabels', provide the URI of a resource or 'null' for any resource.
2026-06-04 15:17:51.710 [warning] [ms-vscode.cpptools] Accessing a resource scoped configuration without providing a resource is not expected. To get the effective value for 'C_Cpp.vcFormat.indent.caseContents', provide the URI of a resource or 'null' for any resource.
2026-06-04 15:17:51.710 [warning] [ms-vscode.cpptools] Accessing a resource scoped configuration without providing a resource is not expected. To get the effective value for 'C_Cpp.vcFormat.indent.caseContentsWhenBlock', provide the URI of a resource or 'null' for any resource.
2026-06-04 15:17:51.710 [warning] [ms-vscode.cpptools] Accessing a resource scoped configuration without providing a resource is not expected. To get the effective value for 'C_Cpp.vcFormat.indent.lambdaBracesWhenParameter', provide the URI of a resource or 'null' for any resource.
2026-06-04 15:17:51.710 [warning] [ms-vscode.cpptools] Accessing a resource scoped configuration without providing a resource is not expected. To get the effective value for 'C_Cpp.vcFormat.indent.gotoLabels', provide the URI of a resource or 'null' for any resource.
2026-06-04 15:17:51.710 [warning] [ms-vscode.cpptools] Accessing a resource scoped configuration without providing a resource is not expected. To get the effective value for 'C_Cpp.vcFormat.indent.preprocessor', provide the URI of a resource or 'null' for any resource.
2026-06-04 15:17:51.710 [warning] [ms-vscode.cpptools] Accessing a resource scoped configuration without providing a resource is not expected. To get the effective value for 'C_Cpp.vcFormat.indent.accessSpecifiers', provide the URI of a resource or 'null' for any resource.
2026-06-04 15:17:51.710 [warning] [ms-vscode.cpptools] Accessing a resource scoped configuration without providing a resource is not expected. To get the effective value for 'C_Cpp.vcFormat.indent.namespaceContents', provide the URI of a resource or 'null' for any resource.
2026-06-04 15:17:51.710 [warning] [ms-vscode.cpptools] Accessing a resource scoped configuration without providing a resource is not expected. To get the effective value for 'C_Cpp.vcFormat.indent.preserveComments', provide the URI of a resource or 'null' for any resource.
2026-06-04 15:17:51.710 [warning] [ms-vscode.cpptools] Accessing a resource scoped configuration without providing a resource is not expected. To get the effective value for 'C_Cpp.vcFormat.newLine.beforeOpenBrace.namespace', provide the URI of a resource or 'null' for any resource.
2026-06-04 15:17:51.710 [warning] [ms-vscode.cpptools] Accessing a resource scoped configuration without providing a resource is not expected. To get the effective value for 'C_Cpp.vcFormat.newLine.beforeOpenBrace.type', provide the URI of a resource or 'null' for any resource.
2026-06-04 15:17:51.710 [warning] [ms-vscode.cpptools] Accessing a resource scoped configuration without providing a resource is not expected. To get the effective value for 'C_Cpp.vcFormat.newLine.beforeOpenBrace.function', provide the URI of a resource or 'null' for any resource.
2026-06-04 15:17:51.710 [warning] [ms-vscode.cpptools] Accessing a resource scoped configuration without providing a resource is not expected. To get the effective value for 'C_Cpp.vcFormat.newLine.beforeOpenBrace.block', provide the URI of a resource or 'null' for any resource.
2026-06-04 15:17:51.710 [warning] [ms-vscode.cpptools] Accessing a resource scoped configuration without providing a resource is not expected. To get the effective value for 'C_Cpp.vcFormat.newLine.beforeOpenBrace.lambda', provide the URI of a resource or 'null' for any resource.
2026-06-04 15:17:51.710 [warning] [ms-vscode.cpptools] Accessing a resource scoped configuration without providing a resource is not expected. To get the effective value for 'C_Cpp.vcFormat.newLine.scopeBracesOnSeparateLines', provide the URI of a resource or 'null' for any resource.
2026-06-04 15:17:51.710 [warning] [ms-vscode.cpptools] Accessing a resource scoped configuration without providing a resource is not expected. To get the effective value for 'C_Cpp.vcFormat.newLine.closeBraceSameLine.emptyType', provide the URI of a resource or 'null' for any resource.
2026-06-04 15:17:51.710 [warning] [ms-vscode.cpptools] Accessing a resource scoped configuration without providing a resource is not expected. To get the effective value for 'C_Cpp.vcFormat.newLine.closeBraceSameLine.emptyFunction', provide the URI of a resource or 'null' for any resource.
2026-06-04 15:17:51.711 [warning] [ms-vscode.cpptools] Accessing a resource scoped configuration without providing a resource is not expected. To get the effective value for 'C_Cpp.vcFormat.newLine.beforeCatch', provide the URI of a resource or 'null' for any resource.
2026-06-04 15:17:51.711 [warning] [ms-vscode.cpptools] Accessing a resource scoped configuration without providing a resource is not expected. To get the effective value for 'C_Cpp.vcFormat.newLine.beforeElse', provide the URI of a resource or 'null' for any resource.
2026-06-04 15:17:51.711 [warning] [ms-vscode.cpptools] Accessing a resource scoped configuration without providing a resource is not expected. To get the effective value for 'C_Cpp.vcFormat.newLine.beforeWhileInDoWhile', provide the URI of a resource or 'null' for any resource.
2026-06-04 15:17:51.711 [warning] [ms-vscode.cpptools] Accessing a resource scoped configuration without providing a resource is not expected. To get the effective value for 'C_Cpp.vcFormat.space.beforeFunctionOpenParenthesis', provide the URI of a resource or 'null' for any resource.
2026-06-04 15:17:51.711 [warning] [ms-vscode.cpptools] Accessing a resource scoped configuration without providing a resource is not expected. To get the effective value for 'C_Cpp.vcFormat.space.withinParameterListParentheses', provide the URI of a resource or 'null' for any resource.
2026-06-04 15:17:51.711 [warning] [ms-vscode.cpptools] Accessing a resource scoped configuration without providing a resource is not expected. To get the effective value for 'C_Cpp.vcFormat.space.betweenEmptyParameterListParentheses', provide the URI of a resource or 'null' for any resource.
2026-06-04 15:17:51.711 [warning] [ms-vscode.cpptools] Accessing a resource scoped configuration without providing a resource is not expected. To get the effective value for 'C_Cpp.vcFormat.space.afterKeywordsInControlFlowStatements', provide the URI of a resource or 'null' for any resource.
2026-06-04 15:17:51.711 [warning] [ms-vscode.cpptools] Accessing a resource scoped configuration without providing a resource is not expected. To get the effective value for 'C_Cpp.vcFormat.space.withinControlFlowStatementParentheses', provide the URI of a resource or 'null' for any resource.
2026-06-04 15:17:51.711 [warning] [ms-vscode.cpptools] Accessing a resource scoped configuration without providing a resource is not expected. To get the effective value for 'C_Cpp.vcFormat.space.beforeLambdaOpenParenthesis', provide the URI of a resource or 'null' for any resource.
2026-06-04 15:17:51.711 [warning] [ms-vscode.cpptools] Accessing a resource scoped configuration without providing a resource is not expected. To get the effective value for 'C_Cpp.vcFormat.space.withinCastParentheses', provide the URI of a resource or 'null' for any resource.
2026-06-04 15:17:51.711 [warning] [ms-vscode.cpptools] Accessing a resource scoped configuration without providing a resource is not expected. To get the effective value for 'C_Cpp.vcFormat.space.afterCastCloseParenthesis', provide the URI of a resource or 'null' for any resource.
2026-06-04 15:17:51.711 [warning] [ms-vscode.cpptools] Accessing a resource scoped configuration without providing a resource is not expected. To get the effective value for 'C_Cpp.vcFormat.space.withinExpressionParentheses', provide the URI of a resource or 'null' for any resource.
2026-06-04 15:17:51.711 [warning] [ms-vscode.cpptools] Accessing a resource scoped configuration without providing a resource is not expected. To get the effective value for 'C_Cpp.vcFormat.space.beforeBlockOpenBrace', provide the URI of a resource or 'null' for any resource.
2026-06-04 15:17:51.711 [warning] [ms-vscode.cpptools] Accessing a resource scoped configuration without providing a resource is not expected. To get the effective value for 'C_Cpp.vcFormat.space.betweenEmptyBraces', provide the URI of a resource or 'null' for any resource.
2026-06-04 15:17:51.711 [warning] [ms-vscode.cpptools] Accessing a resource scoped configuration without providing a resource is not expected. To get the effective value for 'C_Cpp.vcFormat.space.beforeInitializerListOpenBrace', provide the URI of a resource or 'null' for any resource.
2026-06-04 15:17:51.711 [warning] [ms-vscode.cpptools] Accessing a resource scoped configuration without providing a resource is not expected. To get the effective value for 'C_Cpp.vcFormat.space.withinInitializerListBraces', provide the URI of a resource or 'null' for any resource.
2026-06-04 15:17:51.711 [warning] [ms-vscode.cpptools] Accessing a resource scoped configuration without providing a resource is not expected. To get the effective value for 'C_Cpp.vcFormat.space.preserveInInitializerList', provide the URI of a resource or 'null' for any resource.
2026-06-04 15:17:51.711 [warning] [ms-vscode.cpptools] Accessing a resource scoped configuration without providing a resource is not expected. To get the effective value for 'C_Cpp.vcFormat.space.beforeOpenSquareBracket', provide the URI of a resource or 'null' for any resource.
2026-06-04 15:17:51.711 [warning] [ms-vscode.cpptools] Accessing a resource scoped configuration without providing a resource is not expected. To get the effective value for 'C_Cpp.vcFormat.space.withinSquareBrackets', provide the URI of a resource or 'null' for any resource.
2026-06-04 15:17:51.711 [warning] [ms-vscode.cpptools] Accessing a resource scoped configuration without providing a resource is not expected. To get the effective value for 'C_Cpp.vcFormat.space.beforeEmptySquareBrackets', provide the URI of a resource or 'null' for any resource.
2026-06-04 15:17:51.712 [warning] [ms-vscode.cpptools] Accessing a resource scoped configuration without providing a resource is not expected. To get the effective value for 'C_Cpp.vcFormat.space.betweenEmptySquareBrackets', provide the URI of a resource or 'null' for any resource.
2026-06-04 15:17:51.712 [warning] [ms-vscode.cpptools] Accessing a resource scoped configuration without providing a resource is not expected. To get the effective value for 'C_Cpp.vcFormat.space.groupSquareBrackets', provide the URI of a resource or 'null' for any resource.
2026-06-04 15:17:51.712 [warning] [ms-vscode.cpptools] Accessing a resource scoped configuration without providing a resource is not expected. To get the effective value for 'C_Cpp.vcFormat.space.withinLambdaBrackets', provide the URI of a resource or 'null' for any resource.
2026-06-04 15:17:51.712 [warning] [ms-vscode.cpptools] Accessing a resource scoped configuration without providing a resource is not expected. To get the effective value for 'C_Cpp.vcFormat.space.betweenEmptyLambdaBrackets', provide the URI of a resource or 'null' for any resource.
2026-06-04 15:17:51.712 [warning] [ms-vscode.cpptools] Accessing a resource scoped configuration without providing a resource is not expected. To get the effective value for 'C_Cpp.vcFormat.space.beforeComma', provide the URI of a resource or 'null' for any resource.
2026-06-04 15:17:51.712 [warning] [ms-vscode.cpptools] Accessing a resource scoped configuration without providing a resource is not expected. To get the effective value for 'C_Cpp.vcFormat.space.afterComma', provide the URI of a resource or 'null' for any resource.
2026-06-04 15:17:51.712 [warning] [ms-vscode.cpptools] Accessing a resource scoped configuration without providing a resource is not expected. To get the effective value for 'C_Cpp.vcFormat.space.removeAroundMemberOperators', provide the URI of a resource or 'null' for any resource.
2026-06-04 15:17:51.712 [warning] [ms-vscode.cpptools] Accessing a resource scoped configuration without providing a resource is not expected. To get the effective value for 'C_Cpp.vcFormat.space.beforeInheritanceColon', provide the URI of a resource or 'null' for any resource.
2026-06-04 15:17:51.712 [warning] [ms-vscode.cpptools] Accessing a resource scoped configuration without providing a resource is not expected. To get the effective value for 'C_Cpp.vcFormat.space.beforeConstructorColon', provide the URI of a resource or 'null' for any resource.
2026-06-04 15:17:51.712 [warning] [ms-vscode.cpptools] Accessing a resource scoped configuration without providing a resource is not expected. To get the effective value for 'C_Cpp.vcFormat.space.removeBeforeSemicolon', provide the URI of a resource or 'null' for any resource.
2026-06-04 15:17:51.712 [warning] [ms-vscode.cpptools] Accessing a resource scoped configuration without providing a resource is not expected. To get the effective value for 'C_Cpp.vcFormat.space.insertAfterSemicolon', provide the URI of a resource or 'null' for any resource.
2026-06-04 15:17:51.712 [warning] [ms-vscode.cpptools] Accessing a resource scoped configuration without providing a resource is not expected. To get the effective value for 'C_Cpp.vcFormat.space.removeAroundUnaryOperator', provide the URI of a resource or 'null' for any resource.
2026-06-04 15:17:51.712 [warning] [ms-vscode.cpptools] Accessing a resource scoped configuration without providing a resource is not expected. To get the effective value for 'C_Cpp.vcFormat.space.aroundBinaryOperator', provide the URI of a resource or 'null' for any resource.
2026-06-04 15:17:51.712 [warning] [ms-vscode.cpptools] Accessing a resource scoped configuration without providing a resource is not expected. To get the effective value for 'C_Cpp.vcFormat.space.aroundAssignmentOperator', provide the URI of a resource or 'null' for any resource.
2026-06-04 15:17:51.712 [warning] [ms-vscode.cpptools] Accessing a resource scoped configuration without providing a resource is not expected. To get the effective value for 'C_Cpp.vcFormat.space.pointerReferenceAlignment', provide the URI of a resource or 'null' for any resource.
2026-06-04 15:17:51.712 [warning] [ms-vscode.cpptools] Accessing a resource scoped configuration without providing a resource is not expected. To get the effective value for 'C_Cpp.vcFormat.space.aroundTernaryOperator', provide the URI of a resource or 'null' for any resource.
2026-06-04 15:17:51.712 [warning] [ms-vscode.cpptools] Accessing a resource scoped configuration without providing a resource is not expected. To get the effective value for 'C_Cpp.vcFormat.wrap.preserveBlocks', provide the URI of a resource or 'null' for any resource.
2026-06-04 15:17:51.712 [warning] [ms-vscode.cpptools] Accessing a resource scoped configuration without providing a resource is not expected. To get the effective value for 'C_Cpp.clang_format_style', provide the URI of a resource or 'null' for any resource.
2026-06-04 15:17:51.712 [warning] [ms-vscode.cpptools] Accessing a resource scoped configuration without providing a resource is not expected. To get the effective value for 'C_Cpp.formatting', provide the URI of a resource or 'null' for any resource.
2026-06-04 15:17:51.712 [warning] [ms-vscode.cpptools] Accessing a resource scoped configuration without providing a resource is not expected. To get the effective value for 'C_Cpp.clang_format_fallbackStyle', provide the URI of a resource or 'null' for any resource.
2026-06-04 15:17:51.712 [warning] [ms-vscode.cpptools] Accessing a resource scoped configuration without providing a resource is not expected. To get the effective value for 'C_Cpp.clang_format_sortIncludes', provide the URI of a resource or 'null' for any resource.
2026-06-04 15:17:51.713 [warning] [ms-vscode.cpptools] Accessing a resource scoped configuration without providing a resource is not expected. To get the effective value for 'C_Cpp.doxygen.generateOnType', provide the URI of a resource or 'null' for any resource.
2026-06-04 15:17:51.713 [warning] [ms-vscode.cpptools] Accessing a resource scoped configuration without providing a resource is not expected. To get the effective value for 'C_Cpp.doxygen.generateOnCodeAction', provide the URI of a resource or 'null' for any resource.
2026-06-04 15:17:51.713 [warning] [ms-vscode.cpptools] Accessing a resource scoped configuration without providing a resource is not expected. To get the effective value for 'C_Cpp.doxygen.generatedStyle', provide the URI of a resource or 'null' for any resource.
2026-06-04 15:17:51.713 [warning] [ms-vscode.cpptools] Accessing a resource scoped configuration without providing a resource is not expected. To get the effective value for 'C_Cpp.doxygen.sectionTags', provide the URI of a resource or 'null' for any resource.
2026-06-04 15:17:51.713 [warning] [ms-vscode.cpptools] Accessing a resource scoped configuration without providing a resource is not expected. To get the effective value for 'C_Cpp.markdownInComments', provide the URI of a resource or 'null' for any resource.
2026-06-04 15:17:51.713 [warning] [ms-vscode.cpptools] Accessing a resource scoped configuration without providing a resource is not expected. To get the effective value for 'C_Cpp.codeAnalysis.exclude', provide the URI of a resource or 'null' for any resource.
2026-06-04 15:17:51.713 [warning] [ms-vscode.cpptools] Accessing a resource scoped configuration without providing a resource is not expected. To get the effective value for 'C_Cpp.codeAnalysis.clangTidy.codeAction.formatFixes', provide the URI of a resource or 'null' for any resource.
2026-06-04 15:17:51.713 [warning] [ms-vscode.cpptools] Accessing a resource scoped configuration without providing a resource is not expected. To get the effective value for 'C_Cpp.codeAnalysis.clangTidy.enabled', provide the URI of a resource or 'null' for any resource.
2026-06-04 15:17:51.714 [warning] [ms-vscode.cpptools] Accessing a resource scoped configuration without providing a resource is not expected. To get the effective value for 'C_Cpp.codeAnalysis.clangTidy.config', provide the URI of a resource or 'null' for any resource.
2026-06-04 15:17:51.714 [warning] [ms-vscode.cpptools] Accessing a resource scoped configuration without providing a resource is not expected. To get the effective value for 'C_Cpp.codeAnalysis.clangTidy.fallbackConfig', provide the URI of a resource or 'null' for any resource.
2026-06-04 15:17:51.714 [warning] [ms-vscode.cpptools] Accessing a resource scoped configuration without providing a resource is not expected. To get the effective value for 'C_Cpp.codeAnalysis.clangTidy.headerFilter', provide the URI of a resource or 'null' for any resource.
2026-06-04 15:17:51.714 [warning] [ms-vscode.cpptools] Accessing a resource scoped configuration without providing a resource is not expected. To get the effective value for 'C_Cpp.codeAnalysis.clangTidy.args', provide the URI of a resource or 'null' for any resource.
2026-06-04 15:17:51.714 [warning] [ms-vscode.cpptools] Accessing a resource scoped configuration without providing a resource is not expected. To get the effective value for 'C_Cpp.codeAnalysis.clangTidy.useBuildPath', provide the URI of a resource or 'null' for any resource.
2026-06-04 15:17:51.714 [warning] [ms-vscode.cpptools] Accessing a resource scoped configuration without providing a resource is not expected. To get the effective value for 'C_Cpp.codeAnalysis.clangTidy.checks.enabled', provide the URI of a resource or 'null' for any resource.
2026-06-04 15:17:51.714 [warning] [ms-vscode.cpptools] Accessing a resource scoped configuration without providing a resource is not expected. To get the effective value for 'C_Cpp.codeAnalysis.clangTidy.checks.disabled', provide the URI of a resource or 'null' for any resource.
2026-06-04 15:17:51.714 [warning] [ms-vscode.cpptools] Accessing a resource scoped configuration without providing a resource is not expected. To get the effective value for 'C_Cpp.codeAnalysis.runAutomatically', provide the URI of a resource or 'null' for any resource.
2026-06-04 15:17:51.714 [warning] [ms-vscode.cpptools] Accessing a resource scoped configuration without providing a resource is not expected. To get the effective value for 'C_Cpp.debugShortcut', provide the URI of a resource or 'null' for any resource.
2026-06-04 15:17:51.715 [warning] [ms-vscode.cpptools] Accessing a resource scoped configuration without providing a resource is not expected. To get the effective value for 'C_Cpp.vcpkg.enabled', provide the URI of a resource or 'null' for any resource.
2026-06-04 15:17:51.750 [warning] [ms-vscode.cpptools] Accessing a resource scoped configuration without providing a resource is not expected. To get the effective value for 'C_Cpp.inlayHints.autoDeclarationTypes.enabled', provide the URI of a resource or 'null' for any resource.
2026-06-04 15:17:51.750 [warning] [ms-vscode.cpptools] Accessing a resource scoped configuration without providing a resource is not expected. To get the effective value for 'C_Cpp.inlayHints.autoDeclarationTypes.showOnLeft', provide the URI of a resource or 'null' for any resource.
2026-06-04 15:17:51.751 [warning] [ms-vscode.cpptools] Accessing a resource scoped configuration without providing a resource is not expected. To get the effective value for 'C_Cpp.inlayHints.parameterNames.enabled', provide the URI of a resource or 'null' for any resource.
2026-06-04 15:17:51.751 [warning] [ms-vscode.cpptools] Accessing a resource scoped configuration without providing a resource is not expected. To get the effective value for 'C_Cpp.inlayHints.parameterNames.suppressWhenArgumentContainsName', provide the URI of a resource or 'null' for any resource.
2026-06-04 15:17:51.751 [warning] [ms-vscode.cpptools] Accessing a resource scoped configuration without providing a resource is not expected. To get the effective value for 'C_Cpp.inlayHints.parameterNames.hideLeadingUnderscores', provide the URI of a resource or 'null' for any resource.
2026-06-04 15:17:51.751 [warning] [ms-vscode.cpptools] Accessing a resource scoped configuration without providing a resource is not expected. To get the effective value for 'C_Cpp.inlayHints.referenceOperator.enabled', provide the URI of a resource or 'null' for any resource.
2026-06-04 15:17:51.751 [warning] [ms-vscode.cpptools] Accessing a resource scoped configuration without providing a resource is not expected. To get the effective value for 'C_Cpp.inlayHints.referenceOperator.showSpace', provide the URI of a resource or 'null' for any resource.
2026-06-04 15:17:51.751 [warning] [ms-vscode.cpptools] Accessing a resource scoped configuration without providing a resource is not expected. To get the effective value for 'C_Cpp.autocompleteAddParentheses', provide the URI of a resource or 'null' for any resource.
2026-06-04 15:17:51.751 [warning] [ms-vscode.cpptools] Accessing a resource scoped configuration without providing a resource is not expected. To get the effective value for 'C_Cpp.suggestSnippets', provide the URI of a resource or 'null' for any resource.
2026-06-04 15:17:51.752 [warning] [ms-vscode.cpptools] Accessing a resource scoped configuration without providing a resource is not expected. To get the effective value for 'C_Cpp.legacyCompilerArgsBehavior', provide the URI of a resource or 'null' for any resource.
2026-06-04 15:17:51.752 [warning] [ms-vscode.cpptools] Accessing a resource scoped configuration without providing a resource is not expected. To get the effective value for 'C_Cpp.autocomplete', provide the URI of a resource or 'null' for any resource.
2026-06-04 15:17:51.752 [warning] [ms-vscode.cpptools] Accessing a resource scoped configuration without providing a resource is not expected. To get the effective value for 'C_Cpp.hover', provide the URI of a resource or 'null' for any resource.
2026-06-04 15:17:51.752 [warning] [ms-vscode.cpptools] Accessing a resource scoped configuration without providing a resource is not expected. To get the effective value for 'C_Cpp.errorSquiggles', provide the URI of a resource or 'null' for any resource.
2026-06-04 15:17:51.752 [warning] [ms-vscode.cpptools] Accessing a resource scoped configuration without providing a resource is not expected. To get the effective value for 'C_Cpp.dimInactiveRegions', provide the URI of a resource or 'null' for any resource.
2026-06-04 15:17:51.752 [warning] [ms-vscode.cpptools] Accessing a resource scoped configuration without providing a resource is not expected. To get the effective value for 'C_Cpp.inactiveRegionOpacity', provide the URI of a resource or 'null' for any resource.
2026-06-04 15:17:51.752 [warning] [ms-vscode.cpptools] Accessing a resource scoped configuration without providing a resource is not expected. To get the effective value for 'C_Cpp.inactiveRegionForegroundColor', provide the URI of a resource or 'null' for any resource.
2026-06-04 15:17:51.752 [warning] [ms-vscode.cpptools] Accessing a resource scoped configuration without providing a resource is not expected. To get the effective value for 'C_Cpp.inactiveRegionBackgroundColor', provide the URI of a resource or 'null' for any resource.
2026-06-04 15:17:51.752 [warning] [ms-vscode.cpptools] Accessing a resource scoped configuration without providing a resource is not expected. To get the effective value for 'C_Cpp.refactoring.includeHeader', provide the URI of a resource or 'null' for any resource.
2026-06-04 15:17:51.754 [warning] [ms-vscode.cpptools] Accessing a resource scoped configuration without providing a resource is not expected. To get the effective value for 'C_Cpp.default.cStandard', provide the URI of a resource or 'null' for any resource.
2026-06-04 15:17:51.754 [warning] [ms-vscode.cpptools] Accessing a resource scoped configuration without providing a resource is not expected. To get the effective value for 'C_Cpp.default.cppStandard', provide the URI of a resource or 'null' for any resource.
2026-06-04 15:17:51.754 [warning] [ms-vscode.cpptools] Accessing a resource scoped configuration without providing a resource is not expected. To get the effective value for 'C_Cpp.default.configurationProvider', provide the URI of a resource or 'null' for any resource.
2026-06-04 15:17:51.754 [warning] [ms-vscode.cpptools] Accessing a resource scoped configuration without providing a resource is not expected. To get the effective value for 'C_Cpp.default.mergeConfigurations', provide the URI of a resource or 'null' for any resource.
2026-06-04 15:17:51.754 [warning] [ms-vscode.cpptools] Accessing a resource scoped configuration without providing a resource is not expected. To get the effective value for 'C_Cpp.default.browse.limitSymbolsToIncludedHeaders', provide the URI of a resource or 'null' for any resource.
2026-06-04 15:17:51.754 [warning] [ms-vscode.cpptools] Accessing a resource scoped configuration without providing a resource is not expected. To get the effective value for 'C_Cpp.default.enableConfigurationSquiggles', provide the URI of a resource or 'null' for any resource.
2026-06-04 15:17:51.754 [warning] [ms-vscode.cpptools] Accessing a resource scoped configuration without providing a resource is not expected. To get the effective value for 'C_Cpp.default.dotConfig', provide the URI of a resource or 'null' for any resource.
2026-06-04 15:17:51.755 [warning] [ms-vscode.cpptools] Accessing a resource scoped configuration without providing a resource is not expected. To get the effective value for 'C_Cpp.default.recursiveIncludes.reduce', provide the URI of a resource or 'null' for any resource.
2026-06-04 15:17:51.755 [warning] [ms-vscode.cpptools] Accessing a resource scoped configuration without providing a resource is not expected. To get the effective value for 'C_Cpp.default.recursiveIncludes.priority', provide the URI of a resource or 'null' for any resource.
2026-06-04 15:17:51.755 [warning] [ms-vscode.cpptools] Accessing a resource scoped configuration without providing a resource is not expected. To get the effective value for 'C_Cpp.default.recursiveIncludes.order', provide the URI of a resource or 'null' for any resource.
2026-06-04 15:17:51.755 [warning] [ms-vscode.cpptools] Accessing a resource scoped configuration without providing a resource is not expected. To get the effective value for 'C_Cpp.configurationWarnings', provide the URI of a resource or 'null' for any resource.
2026-06-04 15:17:51.755 [warning] [ms-vscode.cpptools] Accessing a resource scoped configuration without providing a resource is not expected. To get the effective value for 'C_Cpp.intelliSenseEngine', provide the URI of a resource or 'null' for any resource.
2026-06-04 15:17:51.755 [warning] [ms-vscode.cpptools] Accessing a resource scoped configuration without providing a resource is not expected. To get the effective value for 'C_Cpp.exclusionPolicy', provide the URI of a resource or 'null' for any resource.
2026-06-04 15:17:51.755 [warning] [ms-vscode.cpptools] Accessing a resource scoped configuration without providing a resource is not expected. To get the effective value for 'C_Cpp.files.exclude', provide the URI of a resource or 'null' for any resource.
2026-06-04 15:17:51.755 [warning] [ms-vscode.cpptools] Accessing a resource scoped configuration without providing a resource is not expected. To get the effective value for 'C_Cpp.vcFormat.indent.braces', provide the URI of a resource or 'null' for any resource.
2026-06-04 15:17:51.756 [warning] [ms-vscode.cpptools] Accessing a resource scoped configuration without providing a resource is not expected. To get the effective value for 'C_Cpp.vcFormat.indent.multiLineRelativeTo', provide the URI of a resource or 'null' for any resource.
2026-06-04 15:17:51.756 [warning] [ms-vscode.cpptools] Accessing a resource scoped configuration without providing a resource is not expected. To get the effective value for 'C_Cpp.vcFormat.indent.withinParentheses', provide the URI of a resource or 'null' for any resource.
2026-06-04 15:17:51.756 [warning] [ms-vscode.cpptools] Accessing a resource scoped configuration without providing a resource is not expected. To get the effective value for 'C_Cpp.vcFormat.indent.preserveWithinParentheses', provide the URI of a resource or 'null' for any resource.
2026-06-04 15:17:51.756 [warning] [ms-vscode.cpptools] Accessing a resource scoped configuration without providing a resource is not expected. To get the effective value for 'C_Cpp.vcFormat.indent.caseLabels', provide the URI of a resource or 'null' for any resource.
2026-06-04 15:17:51.756 [warning] [ms-vscode.cpptools] Accessing a resource scoped configuration without providing a resource is not expected. To get the effective value for 'C_Cpp.vcFormat.indent.caseContents', provide the URI of a resource or 'null' for any resource.
2026-06-04 15:17:51.756 [warning] [ms-vscode.cpptools] Accessing a resource scoped configuration without providing a resource is not expected. To get the effective value for 'C_Cpp.vcFormat.indent.caseContentsWhenBlock', provide the URI of a resource or 'null' for any resource.
2026-06-04 15:17:51.756 [warning] [ms-vscode.cpptools] Accessing a resource scoped configuration without providing a resource is not expected. To get the effective value for 'C_Cpp.vcFormat.indent.lambdaBracesWhenParameter', provide the URI of a resource or 'null' for any resource.
2026-06-04 15:17:51.756 [warning] [ms-vscode.cpptools] Accessing a resource scoped configuration without providing a resource is not expected. To get the effective value for 'C_Cpp.vcFormat.indent.gotoLabels', provide the URI of a resource or 'null' for any resource.
2026-06-04 15:17:51.756 [warning] [ms-vscode.cpptools] Accessing a resource scoped configuration without providing a resource is not expected. To get the effective value for 'C_Cpp.vcFormat.indent.preprocessor', provide the URI of a resource or 'null' for any resource.
2026-06-04 15:17:51.756 [warning] [ms-vscode.cpptools] Accessing a resource scoped configuration without providing a resource is not expected. To get the effective value for 'C_Cpp.vcFormat.indent.accessSpecifiers', provide the URI of a resource or 'null' for any resource.
2026-06-04 15:17:51.756 [warning] [ms-vscode.cpptools] Accessing a resource scoped configuration without providing a resource is not expected. To get the effective value for 'C_Cpp.vcFormat.indent.namespaceContents', provide the URI of a resource or 'null' for any resource.
2026-06-04 15:17:51.756 [warning] [ms-vscode.cpptools] Accessing a resource scoped configuration without providing a resource is not expected. To get the effective value for 'C_Cpp.vcFormat.indent.preserveComments', provide the URI of a resource or 'null' for any resource.
2026-06-04 15:17:51.757 [warning] [ms-vscode.cpptools] Accessing a resource scoped configuration without providing a resource is not expected. To get the effective value for 'C_Cpp.vcFormat.newLine.beforeOpenBrace.namespace', provide the URI of a resource or 'null' for any resource.
2026-06-04 15:17:51.757 [warning] [ms-vscode.cpptools] Accessing a resource scoped configuration without providing a resource is not expected. To get the effective value for 'C_Cpp.vcFormat.newLine.beforeOpenBrace.type', provide the URI of a resource or 'null' for any resource.
2026-06-04 15:17:51.757 [warning] [ms-vscode.cpptools] Accessing a resource scoped configuration without providing a resource is not expected. To get the effective value for 'C_Cpp.vcFormat.newLine.beforeOpenBrace.function', provide the URI of a resource or 'null' for any resource.
2026-06-04 15:17:51.757 [warning] [ms-vscode.cpptools] Accessing a resource scoped configuration without providing a resource is not expected. To get the effective value for 'C_Cpp.vcFormat.newLine.beforeOpenBrace.block', provide the URI of a resource or 'null' for any resource.
2026-06-04 15:17:51.757 [warning] [ms-vscode.cpptools] Accessing a resource scoped configuration without providing a resource is not expected. To get the effective value for 'C_Cpp.vcFormat.newLine.beforeOpenBrace.lambda', provide the URI of a resource or 'null' for any resource.
2026-06-04 15:17:51.757 [warning] [ms-vscode.cpptools] Accessing a resource scoped configuration without providing a resource is not expected. To get the effective value for 'C_Cpp.vcFormat.newLine.scopeBracesOnSeparateLines', provide the URI of a resource or 'null' for any resource.
2026-06-04 15:17:51.757 [warning] [ms-vscode.cpptools] Accessing a resource scoped configuration without providing a resource is not expected. To get the effective value for 'C_Cpp.vcFormat.newLine.closeBraceSameLine.emptyType', provide the URI of a resource or 'null' for any resource.
2026-06-04 15:17:51.757 [warning] [ms-vscode.cpptools] Accessing a resource scoped configuration without providing a resource is not expected. To get the effective value for 'C_Cpp.vcFormat.newLine.closeBraceSameLine.emptyFunction', provide the URI of a resource or 'null' for any resource.
2026-06-04 15:17:51.757 [warning] [ms-vscode.cpptools] Accessing a resource scoped configuration without providing a resource is not expected. To get the effective value for 'C_Cpp.vcFormat.newLine.beforeCatch', provide the URI of a resource or 'null' for any resource.
2026-06-04 15:17:51.757 [warning] [ms-vscode.cpptools] Accessing a resource scoped configuration without providing a resource is not expected. To get the effective value for 'C_Cpp.vcFormat.newLine.beforeElse', provide the URI of a resource or 'null' for any resource.
2026-06-04 15:17:51.757 [warning] [ms-vscode.cpptools] Accessing a resource scoped configuration without providing a resource is not expected. To get the effective value for 'C_Cpp.vcFormat.newLine.beforeWhileInDoWhile', provide the URI of a resource or 'null' for any resource.
2026-06-04 15:17:51.758 [warning] [ms-vscode.cpptools] Accessing a resource scoped configuration without providing a resource is not expected. To get the effective value for 'C_Cpp.vcFormat.space.beforeFunctionOpenParenthesis', provide the URI of a resource or 'null' for any resource.
2026-06-04 15:17:51.758 [warning] [ms-vscode.cpptools] Accessing a resource scoped configuration without providing a resource is not expected. To get the effective value for 'C_Cpp.vcFormat.space.withinParameterListParentheses', provide the URI of a resource or 'null' for any resource.
2026-06-04 15:17:51.758 [warning] [ms-vscode.cpptools] Accessing a resource scoped configuration without providing a resource is not expected. To get the effective value for 'C_Cpp.vcFormat.space.betweenEmptyParameterListParentheses', provide the URI of a resource or 'null' for any resource.
2026-06-04 15:17:51.758 [warning] [ms-vscode.cpptools] Accessing a resource scoped configuration without providing a resource is not expected. To get the effective value for 'C_Cpp.vcFormat.space.afterKeywordsInControlFlowStatements', provide the URI of a resource or 'null' for any resource.
2026-06-04 15:17:51.758 [warning] [ms-vscode.cpptools] Accessing a resource scoped configuration without providing a resource is not expected. To get the effective value for 'C_Cpp.vcFormat.space.withinControlFlowStatementParentheses', provide the URI of a resource or 'null' for any resource.
2026-06-04 15:17:51.758 [warning] [ms-vscode.cpptools] Accessing a resource scoped configuration without providing a resource is not expected. To get the effective value for 'C_Cpp.vcFormat.space.beforeLambdaOpenParenthesis', provide the URI of a resource or 'null' for any resource.
2026-06-04 15:17:51.758 [warning] [ms-vscode.cpptools] Accessing a resource scoped configuration without providing a resource is not expected. To get the effective value for 'C_Cpp.vcFormat.space.withinCastParentheses', provide the URI of a resource or 'null' for any resource.
2026-06-04 15:17:51.758 [warning] [ms-vscode.cpptools] Accessing a resource scoped configuration without providing a resource is not expected. To get the effective value for 'C_Cpp.vcFormat.space.afterCastCloseParenthesis', provide the URI of a resource or 'null' for any resource.
2026-06-04 15:17:51.758 [warning] [ms-vscode.cpptools] Accessing a resource scoped configuration without providing a resource is not expected. To get the effective value for 'C_Cpp.vcFormat.space.withinExpressionParentheses', provide the URI of a resource or 'null' for any resource.
2026-06-04 15:17:51.758 [warning] [ms-vscode.cpptools] Accessing a resource scoped configuration without providing a resource is not expected. To get the effective value for 'C_Cpp.vcFormat.space.beforeBlockOpenBrace', provide the URI of a resource or 'null' for any resource.
2026-06-04 15:17:51.758 [warning] [ms-vscode.cpptools] Accessing a resource scoped configuration without providing a resource is not expected. To get the effective value for 'C_Cpp.vcFormat.space.betweenEmptyBraces', provide the URI of a resource or 'null' for any resource.
2026-06-04 15:17:51.759 [warning] [ms-vscode.cpptools] Accessing a resource scoped configuration without providing a resource is not expected. To get the effective value for 'C_Cpp.vcFormat.space.beforeInitializerListOpenBrace', provide the URI of a resource or 'null' for any resource.
2026-06-04 15:17:51.759 [warning] [ms-vscode.cpptools] Accessing a resource scoped configuration without providing a resource is not expected. To get the effective value for 'C_Cpp.vcFormat.space.withinInitializerListBraces', provide the URI of a resource or 'null' for any resource.
2026-06-04 15:17:51.759 [warning] [ms-vscode.cpptools] Accessing a resource scoped configuration without providing a resource is not expected. To get the effective value for 'C_Cpp.vcFormat.space.preserveInInitializerList', provide the URI of a resource or 'null' for any resource.
2026-06-04 15:17:51.759 [warning] [ms-vscode.cpptools] Accessing a resource scoped configuration without providing a resource is not expected. To get the effective value for 'C_Cpp.vcFormat.space.beforeOpenSquareBracket', provide the URI of a resource or 'null' for any resource.
2026-06-04 15:17:51.759 [warning] [ms-vscode.cpptools] Accessing a resource scoped configuration without providing a resource is not expected. To get the effective value for 'C_Cpp.vcFormat.space.withinSquareBrackets', provide the URI of a resource or 'null' for any resource.
2026-06-04 15:17:51.759 [warning] [ms-vscode.cpptools] Accessing a resource scoped configuration without providing a resource is not expected. To get the effective value for 'C_Cpp.vcFormat.space.beforeEmptySquareBrackets', provide the URI of a resource or 'null' for any resource.
2026-06-04 15:17:51.759 [warning] [ms-vscode.cpptools] Accessing a resource scoped configuration without providing a resource is not expected. To get the effective value for 'C_Cpp.vcFormat.space.betweenEmptySquareBrackets', provide the URI of a resource or 'null' for any resource.
2026-06-04 15:17:51.759 [warning] [ms-vscode.cpptools] Accessing a resource scoped configuration without providing a resource is not expected. To get the effective value for 'C_Cpp.vcFormat.space.groupSquareBrackets', provide the URI of a resource or 'null' for any resource.
2026-06-04 15:17:51.759 [warning] [ms-vscode.cpptools] Accessing a resource scoped configuration without providing a resource is not expected. To get the effective value for 'C_Cpp.vcFormat.space.withinLambdaBrackets', provide the URI of a resource or 'null' for any resource.
2026-06-04 15:17:51.759 [warning] [ms-vscode.cpptools] Accessing a resource scoped configuration without providing a resource is not expected. To get the effective value for 'C_Cpp.vcFormat.space.betweenEmptyLambdaBrackets', provide the URI of a resource or 'null' for any resource.
2026-06-04 15:17:51.759 [warning] [ms-vscode.cpptools] Accessing a resource scoped configuration without providing a resource is not expected. To get the effective value for 'C_Cpp.vcFormat.space.beforeComma', provide the URI of a resource or 'null' for any resource.
2026-06-04 15:17:51.759 [warning] [ms-vscode.cpptools] Accessing a resource scoped configuration without providing a resource is not expected. To get the effective value for 'C_Cpp.vcFormat.space.afterComma', provide the URI of a resource or 'null' for any resource.
2026-06-04 15:17:51.760 [warning] [ms-vscode.cpptools] Accessing a resource scoped configuration without providing a resource is not expected. To get the effective value for 'C_Cpp.vcFormat.space.removeAroundMemberOperators', provide the URI of a resource or 'null' for any resource.
2026-06-04 15:17:51.760 [warning] [ms-vscode.cpptools] Accessing a resource scoped configuration without providing a resource is not expected. To get the effective value for 'C_Cpp.vcFormat.space.beforeInheritanceColon', provide the URI of a resource or 'null' for any resource.
2026-06-04 15:17:51.760 [warning] [ms-vscode.cpptools] Accessing a resource scoped configuration without providing a resource is not expected. To get the effective value for 'C_Cpp.vcFormat.space.beforeConstructorColon', provide the URI of a resource or 'null' for any resource.
2026-06-04 15:17:51.760 [warning] [ms-vscode.cpptools] Accessing a resource scoped configuration without providing a resource is not expected. To get the effective value for 'C_Cpp.vcFormat.space.removeBeforeSemicolon', provide the URI of a resource or 'null' for any resource.
2026-06-04 15:17:51.760 [warning] [ms-vscode.cpptools] Accessing a resource scoped configuration without providing a resource is not expected. To get the effective value for 'C_Cpp.vcFormat.space.insertAfterSemicolon', provide the URI of a resource or 'null' for any resource.
2026-06-04 15:17:51.760 [warning] [ms-vscode.cpptools] Accessing a resource scoped configuration without providing a resource is not expected. To get the effective value for 'C_Cpp.vcFormat.space.removeAroundUnaryOperator', provide the URI of a resource or 'null' for any resource.
2026-06-04 15:17:51.760 [warning] [ms-vscode.cpptools] Accessing a resource scoped configuration without providing a resource is not expected. To get the effective value for 'C_Cpp.vcFormat.space.aroundBinaryOperator', provide the URI of a resource or 'null' for any resource.
2026-06-04 15:17:51.760 [warning] [ms-vscode.cpptools] Accessing a resource scoped configuration without providing a resource is not expected. To get the effective value for 'C_Cpp.vcFormat.space.aroundAssignmentOperator', provide the URI of a resource or 'null' for any resource.
2026-06-04 15:17:51.760 [warning] [ms-vscode.cpptools] Accessing a resource scoped configuration without providing a resource is not expected. To get the effective value for 'C_Cpp.vcFormat.space.pointerReferenceAlignment', provide the URI of a resource or 'null' for any resource.
2026-06-04 15:17:51.760 [warning] [ms-vscode.cpptools] Accessing a resource scoped configuration without providing a resource is not expected. To get the effective value for 'C_Cpp.vcFormat.space.aroundTernaryOperator', provide the URI of a resource or 'null' for any resource.
2026-06-04 15:17:51.760 [warning] [ms-vscode.cpptools] Accessing a resource scoped configuration without providing a resource is not expected. To get the effective value for 'C_Cpp.vcFormat.wrap.preserveBlocks', provide the URI of a resource or 'null' for any resource.
2026-06-04 15:17:51.761 [warning] [ms-vscode.cpptools] Accessing a resource scoped configuration without providing a resource is not expected. To get the effective value for 'C_Cpp.clang_format_style', provide the URI of a resource or 'null' for any resource.
2026-06-04 15:17:51.761 [warning] [ms-vscode.cpptools] Accessing a resource scoped configuration without providing a resource is not expected. To get the effective value for 'C_Cpp.formatting', provide the URI of a resource or 'null' for any resource.
2026-06-04 15:17:51.761 [warning] [ms-vscode.cpptools] Accessing a resource scoped configuration without providing a resource is not expected. To get the effective value for 'C_Cpp.clang_format_fallbackStyle', provide the URI of a resource or 'null' for any resource.
2026-06-04 15:17:51.761 [warning] [ms-vscode.cpptools] Accessing a resource scoped configuration without providing a resource is not expected. To get the effective value for 'C_Cpp.clang_format_sortIncludes', provide the URI of a resource or 'null' for any resource.
2026-06-04 15:17:51.761 [warning] [ms-vscode.cpptools] Accessing a resource scoped configuration without providing a resource is not expected. To get the effective value for 'C_Cpp.doxygen.generateOnType', provide the URI of a resource or 'null' for any resource.
2026-06-04 15:17:51.761 [warning] [ms-vscode.cpptools] Accessing a resource scoped configuration without providing a resource is not expected. To get the effective value for 'C_Cpp.doxygen.generateOnCodeAction', provide the URI of a resource or 'null' for any resource.
2026-06-04 15:17:51.761 [warning] [ms-vscode.cpptools] Accessing a resource scoped configuration without providing a resource is not expected. To get the effective value for 'C_Cpp.doxygen.generatedStyle', provide the URI of a resource or 'null' for any resource.
2026-06-04 15:17:51.761 [warning] [ms-vscode.cpptools] Accessing a resource scoped configuration without providing a resource is not expected. To get the effective value for 'C_Cpp.doxygen.sectionTags', provide the URI of a resource or 'null' for any resource.
2026-06-04 15:17:51.761 [warning] [ms-vscode.cpptools] Accessing a resource scoped configuration without providing a resource is not expected. To get the effective value for 'C_Cpp.markdownInComments', provide the URI of a resource or 'null' for any resource.
2026-06-04 15:17:51.762 [warning] [ms-vscode.cpptools] Accessing a resource scoped configuration without providing a resource is not expected. To get the effective value for 'C_Cpp.codeAnalysis.exclude', provide the URI of a resource or 'null' for any resource.
2026-06-04 15:17:51.762 [warning] [ms-vscode.cpptools] Accessing a resource scoped configuration without providing a resource is not expected. To get the effective value for 'C_Cpp.codeAnalysis.clangTidy.codeAction.formatFixes', provide the URI of a resource or 'null' for any resource.
2026-06-04 15:17:51.762 [warning] [ms-vscode.cpptools] Accessing a resource scoped configuration without providing a resource is not expected. To get the effective value for 'C_Cpp.codeAnalysis.clangTidy.enabled', provide the URI of a resource or 'null' for any resource.
2026-06-04 15:17:51.763 [warning] [ms-vscode.cpptools] Accessing a resource scoped configuration without providing a resource is not expected. To get the effective value for 'C_Cpp.codeAnalysis.clangTidy.config', provide the URI of a resource or 'null' for any resource.
2026-06-04 15:17:51.763 [warning] [ms-vscode.cpptools] Accessing a resource scoped configuration without providing a resource is not expected. To get the effective value for 'C_Cpp.codeAnalysis.clangTidy.fallbackConfig', provide the URI of a resource or 'null' for any resource.
2026-06-04 15:17:51.763 [warning] [ms-vscode.cpptools] Accessing a resource scoped configuration without providing a resource is not expected. To get the effective value for 'C_Cpp.codeAnalysis.clangTidy.headerFilter', provide the URI of a resource or 'null' for any resource.
2026-06-04 15:17:51.763 [warning] [ms-vscode.cpptools] Accessing a resource scoped configuration without providing a resource is not expected. To get the effective value for 'C_Cpp.codeAnalysis.clangTidy.args', provide the URI of a resource or 'null' for any resource.
2026-06-04 15:17:51.763 [warning] [ms-vscode.cpptools] Accessing a resource scoped configuration without providing a resource is not expected. To get the effective value for 'C_Cpp.codeAnalysis.clangTidy.useBuildPath', provide the URI of a resource or 'null' for any resource.
2026-06-04 15:17:51.763 [warning] [ms-vscode.cpptools] Accessing a resource scoped configuration without providing a resource is not expected. To get the effective value for 'C_Cpp.codeAnalysis.clangTidy.checks.enabled', provide the URI of a resource or 'null' for any resource.
2026-06-04 15:17:51.763 [warning] [ms-vscode.cpptools] Accessing a resource scoped configuration without providing a resource is not expected. To get the effective value for 'C_Cpp.codeAnalysis.clangTidy.checks.disabled', provide the URI of a resource or 'null' for any resource.
2026-06-04 15:17:51.763 [warning] [ms-vscode.cpptools] Accessing a resource scoped configuration without providing a resource is not expected. To get the effective value for 'C_Cpp.codeAnalysis.runAutomatically', provide the URI of a resource or 'null' for any resource.
2026-06-04 15:17:51.763 [warning] [ms-vscode.cpptools] Accessing a resource scoped configuration without providing a resource is not expected. To get the effective value for 'C_Cpp.debugShortcut', provide the URI of a resource or 'null' for any resource.
2026-06-04 15:17:51.765 [warning] [ms-vscode.cpptools] Accessing a resource scoped configuration without providing a resource is not expected. To get the effective value for 'C_Cpp.vcpkg.enabled', provide the URI of a resource or 'null' for any resource.
2026-06-04 15:17:51.769 [info] ExtensionService#_doActivateExtension vscode.microsoft-authentication, startup: false, activationEvent: 'onAuthenticationRequest:microsoft'
2026-06-04 15:17:51.813 [warning] Accessing a resource scoped configuration without providing a resource is not expected. To get the effective value for 'files.watcherExclude', provide the URI of a resource or 'null' for any resource.
2026-06-04 15:17:51.891 [warning] [ms-vscode.cpptools] Accessing a resource scoped configuration without providing a resource is not expected. To get the effective value for 'files.exclude', provide the URI of a resource or 'null' for any resource.
2026-06-04 15:17:51.891 [warning] [ms-vscode.cpptools] Accessing a resource scoped configuration without providing a resource is not expected. To get the effective value for 'search.exclude', provide the URI of a resource or 'null' for any resource.
2026-06-04 15:17:53.337 [warning] Accessing a resource scoped configuration without providing a resource is not expected. To get the effective value for 'files.watcherExclude', provide the URI of a resource or 'null' for any resource.
2026-06-04 15:17:54.305 [warning] [ms-vscode.cpptools] Accessing a resource scoped configuration without providing a resource is not expected. To get the effective value for 'C_Cpp.inlayHints.autoDeclarationTypes.enabled', provide the URI of a resource or 'null' for any resource.
2026-06-04 15:17:54.305 [warning] [ms-vscode.cpptools] Accessing a resource scoped configuration without providing a resource is not expected. To get the effective value for 'C_Cpp.inlayHints.autoDeclarationTypes.showOnLeft', provide the URI of a resource or 'null' for any resource.
2026-06-04 15:17:54.305 [warning] [ms-vscode.cpptools] Accessing a resource scoped configuration without providing a resource is not expected. To get the effective value for 'C_Cpp.inlayHints.parameterNames.enabled', provide the URI of a resource or 'null' for any resource.
2026-06-04 15:17:54.305 [warning] [ms-vscode.cpptools] Accessing a resource scoped configuration without providing a resource is not expected. To get the effective value for 'C_Cpp.inlayHints.parameterNames.suppressWhenArgumentContainsName', provide the URI of a resource or 'null' for any resource.
2026-06-04 15:17:54.305 [warning] [ms-vscode.cpptools] Accessing a resource scoped configuration without providing a resource is not expected. To get the effective value for 'C_Cpp.inlayHints.parameterNames.hideLeadingUnderscores', provide the URI of a resource or 'null' for any resource.
2026-06-04 15:17:54.306 [warning] [ms-vscode.cpptools] Accessing a resource scoped configuration without providing a resource is not expected. To get the effective value for 'C_Cpp.inlayHints.referenceOperator.enabled', provide the URI of a resource or 'null' for any resource.
2026-06-04 15:17:54.306 [warning] [ms-vscode.cpptools] Accessing a resource scoped configuration without providing a resource is not expected. To get the effective value for 'C_Cpp.inlayHints.referenceOperator.showSpace', provide the URI of a resource or 'null' for any resource.
2026-06-04 15:17:54.306 [warning] [ms-vscode.cpptools] Accessing a resource scoped configuration without providing a resource is not expected. To get the effective value for 'C_Cpp.autocompleteAddParentheses', provide the URI of a resource or 'null' for any resource.
2026-06-04 15:17:54.306 [warning] [ms-vscode.cpptools] Accessing a resource scoped configuration without providing a resource is not expected. To get the effective value for 'C_Cpp.suggestSnippets', provide the URI of a resource or 'null' for any resource.
2026-06-04 15:17:54.306 [warning] [ms-vscode.cpptools] Accessing a resource scoped configuration without providing a resource is not expected. To get the effective value for 'C_Cpp.legacyCompilerArgsBehavior', provide the URI of a resource or 'null' for any resource.
2026-06-04 15:17:54.306 [warning] [ms-vscode.cpptools] Accessing a resource scoped configuration without providing a resource is not expected. To get the effective value for 'C_Cpp.autocomplete', provide the URI of a resource or 'null' for any resource.
2026-06-04 15:17:54.306 [warning] [ms-vscode.cpptools] Accessing a resource scoped configuration without providing a resource is not expected. To get the effective value for 'C_Cpp.hover', provide the URI of a resource or 'null' for any resource.
2026-06-04 15:17:54.306 [warning] [ms-vscode.cpptools] Accessing a resource scoped configuration without providing a resource is not expected. To get the effective value for 'C_Cpp.errorSquiggles', provide the URI of a resource or 'null' for any resource.
2026-06-04 15:17:54.306 [warning] [ms-vscode.cpptools] Accessing a resource scoped configuration without providing a resource is not expected. To get the effective value for 'C_Cpp.dimInactiveRegions', provide the URI of a resource or 'null' for any resource.
2026-06-04 15:17:54.306 [warning] [ms-vscode.cpptools] Accessing a resource scoped configuration without providing a resource is not expected. To get the effective value for 'C_Cpp.inactiveRegionOpacity', provide the URI of a resource or 'null' for any resource.
2026-06-04 15:17:54.306 [warning] [ms-vscode.cpptools] Accessing a resource scoped configuration without providing a resource is not expected. To get the effective value for 'C_Cpp.inactiveRegionForegroundColor', provide the URI of a resource or 'null' for any resource.
2026-06-04 15:17:54.306 [warning] [ms-vscode.cpptools] Accessing a resource scoped configuration without providing a resource is not expected. To get the effective value for 'C_Cpp.inactiveRegionBackgroundColor', provide the URI of a resource or 'null' for any resource.
2026-06-04 15:17:54.307 [warning] [ms-vscode.cpptools] Accessing a resource scoped configuration without providing a resource is not expected. To get the effective value for 'C_Cpp.refactoring.includeHeader', provide the URI of a resource or 'null' for any resource.
2026-06-04 15:17:54.307 [warning] [ms-vscode.cpptools] Accessing a resource scoped configuration without providing a resource is not expected. To get the effective value for 'C_Cpp.default.cStandard', provide the URI of a resource or 'null' for any resource.
2026-06-04 15:17:54.308 [warning] [ms-vscode.cpptools] Accessing a resource scoped configuration without providing a resource is not expected. To get the effective value for 'C_Cpp.default.cppStandard', provide the URI of a resource or 'null' for any resource.
2026-06-04 15:17:54.308 [warning] [ms-vscode.cpptools] Accessing a resource scoped configuration without providing a resource is not expected. To get the effective value for 'C_Cpp.default.configurationProvider', provide the URI of a resource or 'null' for any resource.
2026-06-04 15:17:54.308 [warning] [ms-vscode.cpptools] Accessing a resource scoped configuration without providing a resource is not expected. To get the effective value for 'C_Cpp.default.mergeConfigurations', provide the URI of a resource or 'null' for any resource.
2026-06-04 15:17:54.308 [warning] [ms-vscode.cpptools] Accessing a resource scoped configuration without providing a resource is not expected. To get the effective value for 'C_Cpp.default.browse.limitSymbolsToIncludedHeaders', provide the URI of a resource or 'null' for any resource.
2026-06-04 15:17:54.308 [warning] [ms-vscode.cpptools] Accessing a resource scoped configuration without providing a resource is not expected. To get the effective value for 'C_Cpp.default.enableConfigurationSquiggles', provide the URI of a resource or 'null' for any resource.
2026-06-04 15:17:54.308 [warning] [ms-vscode.cpptools] Accessing a resource scoped configuration without providing a resource is not expected. To get the effective value for 'C_Cpp.default.dotConfig', provide the URI of a resource or 'null' for any resource.
2026-06-04 15:17:54.309 [warning] [ms-vscode.cpptools] Accessing a resource scoped configuration without providing a resource is not expected. To get the effective value for 'C_Cpp.default.recursiveIncludes.reduce', provide the URI of a resource or 'null' for any resource.
2026-06-04 15:17:54.309 [warning] [ms-vscode.cpptools] Accessing a resource scoped configuration without providing a resource is not expected. To get the effective value for 'C_Cpp.default.recursiveIncludes.priority', provide the URI of a resource or 'null' for any resource.
2026-06-04 15:17:54.309 [warning] [ms-vscode.cpptools] Accessing a resource scoped configuration without providing a resource is not expected. To get the effective value for 'C_Cpp.default.recursiveIncludes.order', provide the URI of a resource or 'null' for any resource.
2026-06-04 15:17:54.309 [warning] [ms-vscode.cpptools] Accessing a resource scoped configuration without providing a resource is not expected. To get the effective value for 'C_Cpp.configurationWarnings', provide the URI of a resource or 'null' for any resource.
2026-06-04 15:17:54.309 [warning] [ms-vscode.cpptools] Accessing a resource scoped configuration without providing a resource is not expected. To get the effective value for 'C_Cpp.intelliSenseEngine', provide the URI of a resource or 'null' for any resource.
2026-06-04 15:17:54.309 [warning] [ms-vscode.cpptools] Accessing a resource scoped configuration without providing a resource is not expected. To get the effective value for 'C_Cpp.exclusionPolicy', provide the URI of a resource or 'null' for any resource.
2026-06-04 15:17:54.309 [warning] [ms-vscode.cpptools] Accessing a resource scoped configuration without providing a resource is not expected. To get the effective value for 'C_Cpp.files.exclude', provide the URI of a resource or 'null' for any resource.
2026-06-04 15:17:54.309 [warning] [ms-vscode.cpptools] Accessing a resource scoped configuration without providing a resource is not expected. To get the effective value for 'C_Cpp.vcFormat.indent.braces', provide the URI of a resource or 'null' for any resource.
2026-06-04 15:17:54.309 [warning] [ms-vscode.cpptools] Accessing a resource scoped configuration without providing a resource is not expected. To get the effective value for 'C_Cpp.vcFormat.indent.multiLineRelativeTo', provide the URI of a resource or 'null' for any resource.
2026-06-04 15:17:54.309 [warning] [ms-vscode.cpptools] Accessing a resource scoped configuration without providing a resource is not expected. To get the effective value for 'C_Cpp.vcFormat.indent.withinParentheses', provide the URI of a resource or 'null' for any resource.
2026-06-04 15:17:54.309 [warning] [ms-vscode.cpptools] Accessing a resource scoped configuration without providing a resource is not expected. To get the effective value for 'C_Cpp.vcFormat.indent.preserveWithinParentheses', provide the URI of a resource or 'null' for any resource.
2026-06-04 15:17:54.310 [warning] [ms-vscode.cpptools] Accessing a resource scoped configuration without providing a resource is not expected. To get the effective value for 'C_Cpp.vcFormat.indent.caseLabels', provide the URI of a resource or 'null' for any resource.
2026-06-04 15:17:54.310 [warning] [ms-vscode.cpptools] Accessing a resource scoped configuration without providing a resource is not expected. To get the effective value for 'C_Cpp.vcFormat.indent.caseContents', provide the URI of a resource or 'null' for any resource.
2026-06-04 15:17:54.310 [warning] [ms-vscode.cpptools] Accessing a resource scoped configuration without providing a resource is not expected. To get the effective value for 'C_Cpp.vcFormat.indent.caseContentsWhenBlock', provide the URI of a resource or 'null' for any resource.
2026-06-04 15:17:54.310 [warning] [ms-vscode.cpptools] Accessing a resource scoped configuration without providing a resource is not expected. To get the effective value for 'C_Cpp.vcFormat.indent.lambdaBracesWhenParameter', provide the URI of a resource or 'null' for any resource.
2026-06-04 15:17:54.310 [warning] [ms-vscode.cpptools] Accessing a resource scoped configuration without providing a resource is not expected. To get the effective value for 'C_Cpp.vcFormat.indent.gotoLabels', provide the URI of a resource or 'null' for any resource.
2026-06-04 15:17:54.310 [warning] [ms-vscode.cpptools] Accessing a resource scoped configuration without providing a resource is not expected. To get the effective value for 'C_Cpp.vcFormat.indent.preprocessor', provide the URI of a resource or 'null' for any resource.
2026-06-04 15:17:54.310 [warning] [ms-vscode.cpptools] Accessing a resource scoped configuration without providing a resource is not expected. To get the effective value for 'C_Cpp.vcFormat.indent.accessSpecifiers', provide the URI of a resource or 'null' for any resource.
2026-06-04 15:17:54.310 [warning] [ms-vscode.cpptools] Accessing a resource scoped configuration without providing a resource is not expected. To get the effective value for 'C_Cpp.vcFormat.indent.namespaceContents', provide the URI of a resource or 'null' for any resource.
2026-06-04 15:17:54.310 [warning] [ms-vscode.cpptools] Accessing a resource scoped configuration without providing a resource is not expected. To get the effective value for 'C_Cpp.vcFormat.indent.preserveComments', provide the URI of a resource or 'null' for any resource.
2026-06-04 15:17:54.310 [warning] [ms-vscode.cpptools] Accessing a resource scoped configuration without providing a resource is not expected. To get the effective value for 'C_Cpp.vcFormat.newLine.beforeOpenBrace.namespace', provide the URI of a resource or 'null' for any resource.
2026-06-04 15:17:54.310 [warning] [ms-vscode.cpptools] Accessing a resource scoped configuration without providing a resource is not expected. To get the effective value for 'C_Cpp.vcFormat.newLine.beforeOpenBrace.type', provide the URI of a resource or 'null' for any resource.
2026-06-04 15:17:54.310 [warning] [ms-vscode.cpptools] Accessing a resource scoped configuration without providing a resource is not expected. To get the effective value for 'C_Cpp.vcFormat.newLine.beforeOpenBrace.function', provide the URI of a resource or 'null' for any resource.
2026-06-04 15:17:54.310 [warning] [ms-vscode.cpptools] Accessing a resource scoped configuration without providing a resource is not expected. To get the effective value for 'C_Cpp.vcFormat.newLine.beforeOpenBrace.block', provide the URI of a resource or 'null' for any resource.
2026-06-04 15:17:54.310 [warning] [ms-vscode.cpptools] Accessing a resource scoped configuration without providing a resource is not expected. To get the effective value for 'C_Cpp.vcFormat.newLine.beforeOpenBrace.lambda', provide the URI of a resource or 'null' for any resource.
2026-06-04 15:17:54.310 [warning] [ms-vscode.cpptools] Accessing a resource scoped configuration without providing a resource is not expected. To get the effective value for 'C_Cpp.vcFormat.newLine.scopeBracesOnSeparateLines', provide the URI of a resource or 'null' for any resource.
2026-06-04 15:17:54.310 [warning] [ms-vscode.cpptools] Accessing a resource scoped configuration without providing a resource is not expected. To get the effective value for 'C_Cpp.vcFormat.newLine.closeBraceSameLine.emptyType', provide the URI of a resource or 'null' for any resource.
2026-06-04 15:17:54.310 [warning] [ms-vscode.cpptools] Accessing a resource scoped configuration without providing a resource is not expected. To get the effective value for 'C_Cpp.vcFormat.newLine.closeBraceSameLine.emptyFunction', provide the URI of a resource or 'null' for any resource.
2026-06-04 15:17:54.310 [warning] [ms-vscode.cpptools] Accessing a resource scoped configuration without providing a resource is not expected. To get the effective value for 'C_Cpp.vcFormat.newLine.beforeCatch', provide the URI of a resource or 'null' for any resource.
2026-06-04 15:17:54.310 [warning] [ms-vscode.cpptools] Accessing a resource scoped configuration without providing a resource is not expected. To get the effective value for 'C_Cpp.vcFormat.newLine.beforeElse', provide the URI of a resource or 'null' for any resource.
2026-06-04 15:17:54.310 [warning] [ms-vscode.cpptools] Accessing a resource scoped configuration without providing a resource is not expected. To get the effective value for 'C_Cpp.vcFormat.newLine.beforeWhileInDoWhile', provide the URI of a resource or 'null' for any resource.
2026-06-04 15:17:54.311 [warning] [ms-vscode.cpptools] Accessing a resource scoped configuration without providing a resource is not expected. To get the effective value for 'C_Cpp.vcFormat.space.beforeFunctionOpenParenthesis', provide the URI of a resource or 'null' for any resource.
2026-06-04 15:17:54.311 [warning] [ms-vscode.cpptools] Accessing a resource scoped configuration without providing a resource is not expected. To get the effective value for 'C_Cpp.vcFormat.space.withinParameterListParentheses', provide the URI of a resource or 'null' for any resource.
2026-06-04 15:17:54.311 [warning] [ms-vscode.cpptools] Accessing a resource scoped configuration without providing a resource is not expected. To get the effective value for 'C_Cpp.vcFormat.space.betweenEmptyParameterListParentheses', provide the URI of a resource or 'null' for any resource.
2026-06-04 15:17:54.311 [warning] [ms-vscode.cpptools] Accessing a resource scoped configuration without providing a resource is not expected. To get the effective value for 'C_Cpp.vcFormat.space.afterKeywordsInControlFlowStatements', provide the URI of a resource or 'null' for any resource.
2026-06-04 15:17:54.311 [warning] [ms-vscode.cpptools] Accessing a resource scoped configuration without providing a resource is not expected. To get the effective value for 'C_Cpp.vcFormat.space.withinControlFlowStatementParentheses', provide the URI of a resource or 'null' for any resource.
2026-06-04 15:17:54.311 [warning] [ms-vscode.cpptools] Accessing a resource scoped configuration without providing a resource is not expected. To get the effective value for 'C_Cpp.vcFormat.space.beforeLambdaOpenParenthesis', provide the URI of a resource or 'null' for any resource.
2026-06-04 15:17:54.311 [warning] [ms-vscode.cpptools] Accessing a resource scoped configuration without providing a resource is not expected. To get the effective value for 'C_Cpp.vcFormat.space.withinCastParentheses', provide the URI of a resource or 'null' for any resource.
2026-06-04 15:17:54.311 [warning] [ms-vscode.cpptools] Accessing a resource scoped configuration without providing a resource is not expected. To get the effective value for 'C_Cpp.vcFormat.space.afterCastCloseParenthesis', provide the URI of a resource or 'null' for any resource.
2026-06-04 15:17:54.311 [warning] [ms-vscode.cpptools] Accessing a resource scoped configuration without providing a resource is not expected. To get the effective value for 'C_Cpp.vcFormat.space.withinExpressionParentheses', provide the URI of a resource or 'null' for any resource.
2026-06-04 15:17:54.311 [warning] [ms-vscode.cpptools] Accessing a resource scoped configuration without providing a resource is not expected. To get the effective value for 'C_Cpp.vcFormat.space.beforeBlockOpenBrace', provide the URI of a resource or 'null' for any resource.
2026-06-04 15:17:54.311 [warning] [ms-vscode.cpptools] Accessing a resource scoped configuration without providing a resource is not expected. To get the effective value for 'C_Cpp.vcFormat.space.betweenEmptyBraces', provide the URI of a resource or 'null' for any resource.
2026-06-04 15:17:54.311 [warning] [ms-vscode.cpptools] Accessing a resource scoped configuration without providing a resource is not expected. To get the effective value for 'C_Cpp.vcFormat.space.beforeInitializerListOpenBrace', provide the URI of a resource or 'null' for any resource.
2026-06-04 15:17:54.311 [warning] [ms-vscode.cpptools] Accessing a resource scoped configuration without providing a resource is not expected. To get the effective value for 'C_Cpp.vcFormat.space.withinInitializerListBraces', provide the URI of a resource or 'null' for any resource.
2026-06-04 15:17:54.311 [warning] [ms-vscode.cpptools] Accessing a resource scoped configuration without providing a resource is not expected. To get the effective value for 'C_Cpp.vcFormat.space.preserveInInitializerList', provide the URI of a resource or 'null' for any resource.
2026-06-04 15:17:54.311 [warning] [ms-vscode.cpptools] Accessing a resource scoped configuration without providing a resource is not expected. To get the effective value for 'C_Cpp.vcFormat.space.beforeOpenSquareBracket', provide the URI of a resource or 'null' for any resource.
2026-06-04 15:17:54.311 [warning] [ms-vscode.cpptools] Accessing a resource scoped configuration without providing a resource is not expected. To get the effective value for 'C_Cpp.vcFormat.space.withinSquareBrackets', provide the URI of a resource or 'null' for any resource.
2026-06-04 15:17:54.311 [warning] [ms-vscode.cpptools] Accessing a resource scoped configuration without providing a resource is not expected. To get the effective value for 'C_Cpp.vcFormat.space.beforeEmptySquareBrackets', provide the URI of a resource or 'null' for any resource.
2026-06-04 15:17:54.311 [warning] [ms-vscode.cpptools] Accessing a resource scoped configuration without providing a resource is not expected. To get the effective value for 'C_Cpp.vcFormat.space.betweenEmptySquareBrackets', provide the URI of a resource or 'null' for any resource.
2026-06-04 15:17:54.311 [warning] [ms-vscode.cpptools] Accessing a resource scoped configuration without providing a resource is not expected. To get the effective value for 'C_Cpp.vcFormat.space.groupSquareBrackets', provide the URI of a resource or 'null' for any resource.
2026-06-04 15:17:54.311 [warning] [ms-vscode.cpptools] Accessing a resource scoped configuration without providing a resource is not expected. To get the effective value for 'C_Cpp.vcFormat.space.withinLambdaBrackets', provide the URI of a resource or 'null' for any resource.
2026-06-04 15:17:54.311 [warning] [ms-vscode.cpptools] Accessing a resource scoped configuration without providing a resource is not expected. To get the effective value for 'C_Cpp.vcFormat.space.betweenEmptyLambdaBrackets', provide the URI of a resource or 'null' for any resource.
2026-06-04 15:17:54.311 [warning] [ms-vscode.cpptools] Accessing a resource scoped configuration without providing a resource is not expected. To get the effective value for 'C_Cpp.vcFormat.space.beforeComma', provide the URI of a resource or 'null' for any resource.
2026-06-04 15:17:54.311 [warning] [ms-vscode.cpptools] Accessing a resource scoped configuration without providing a resource is not expected. To get the effective value for 'C_Cpp.vcFormat.space.afterComma', provide the URI of a resource or 'null' for any resource.
2026-06-04 15:17:54.311 [warning] [ms-vscode.cpptools] Accessing a resource scoped configuration without providing a resource is not expected. To get the effective value for 'C_Cpp.vcFormat.space.removeAroundMemberOperators', provide the URI of a resource or 'null' for any resource.
2026-06-04 15:17:54.312 [warning] [ms-vscode.cpptools] Accessing a resource scoped configuration without providing a resource is not expected. To get the effective value for 'C_Cpp.vcFormat.space.beforeInheritanceColon', provide the URI of a resource or 'null' for any resource.
2026-06-04 15:17:54.312 [warning] [ms-vscode.cpptools] Accessing a resource scoped configuration without providing a resource is not expected. To get the effective value for 'C_Cpp.vcFormat.space.beforeConstructorColon', provide the URI of a resource or 'null' for any resource.
2026-06-04 15:17:54.312 [warning] [ms-vscode.cpptools] Accessing a resource scoped configuration without providing a resource is not expected. To get the effective value for 'C_Cpp.vcFormat.space.removeBeforeSemicolon', provide the URI of a resource or 'null' for any resource.
2026-06-04 15:17:54.312 [warning] [ms-vscode.cpptools] Accessing a resource scoped configuration without providing a resource is not expected. To get the effective value for 'C_Cpp.vcFormat.space.insertAfterSemicolon', provide the URI of a resource or 'null' for any resource.
2026-06-04 15:17:54.312 [warning] [ms-vscode.cpptools] Accessing a resource scoped configuration without providing a resource is not expected. To get the effective value for 'C_Cpp.vcFormat.space.removeAroundUnaryOperator', provide the URI of a resource or 'null' for any resource.
2026-06-04 15:17:54.312 [warning] [ms-vscode.cpptools] Accessing a resource scoped configuration without providing a resource is not expected. To get the effective value for 'C_Cpp.vcFormat.space.aroundBinaryOperator', provide the URI of a resource or 'null' for any resource.
2026-06-04 15:17:54.312 [warning] [ms-vscode.cpptools] Accessing a resource scoped configuration without providing a resource is not expected. To get the effective value for 'C_Cpp.vcFormat.space.aroundAssignmentOperator', provide the URI of a resource or 'null' for any resource.
2026-06-04 15:17:54.312 [warning] [ms-vscode.cpptools] Accessing a resource scoped configuration without providing a resource is not expected. To get the effective value for 'C_Cpp.vcFormat.space.pointerReferenceAlignment', provide the URI of a resource or 'null' for any resource.
2026-06-04 15:17:54.312 [warning] [ms-vscode.cpptools] Accessing a resource scoped configuration without providing a resource is not expected. To get the effective value for 'C_Cpp.vcFormat.space.aroundTernaryOperator', provide the URI of a resource or 'null' for any resource.
2026-06-04 15:17:54.312 [warning] [ms-vscode.cpptools] Accessing a resource scoped configuration without providing a resource is not expected. To get the effective value for 'C_Cpp.vcFormat.wrap.preserveBlocks', provide the URI of a resource or 'null' for any resource.
2026-06-04 15:17:54.312 [warning] [ms-vscode.cpptools] Accessing a resource scoped configuration without providing a resource is not expected. To get the effective value for 'C_Cpp.clang_format_style', provide the URI of a resource or 'null' for any resource.
2026-06-04 15:17:54.312 [warning] [ms-vscode.cpptools] Accessing a resource scoped configuration without providing a resource is not expected. To get the effective value for 'C_Cpp.formatting', provide the URI of a resource or 'null' for any resource.
2026-06-04 15:17:54.312 [warning] [ms-vscode.cpptools] Accessing a resource scoped configuration without providing a resource is not expected. To get the effective value for 'C_Cpp.clang_format_fallbackStyle', provide the URI of a resource or 'null' for any resource.
2026-06-04 15:17:54.312 [warning] [ms-vscode.cpptools] Accessing a resource scoped configuration without providing a resource is not expected. To get the effective value for 'C_Cpp.clang_format_sortIncludes', provide the URI of a resource or 'null' for any resource.
2026-06-04 15:17:54.312 [warning] [ms-vscode.cpptools] Accessing a resource scoped configuration without providing a resource is not expected. To get the effective value for 'C_Cpp.doxygen.generateOnType', provide the URI of a resource or 'null' for any resource.
2026-06-04 15:17:54.312 [warning] [ms-vscode.cpptools] Accessing a resource scoped configuration without providing a resource is not expected. To get the effective value for 'C_Cpp.doxygen.generateOnCodeAction', provide the URI of a resource or 'null' for any resource.
2026-06-04 15:17:54.312 [warning] [ms-vscode.cpptools] Accessing a resource scoped configuration without providing a resource is not expected. To get the effective value for 'C_Cpp.doxygen.generatedStyle', provide the URI of a resource or 'null' for any resource.
2026-06-04 15:17:54.312 [warning] [ms-vscode.cpptools] Accessing a resource scoped configuration without providing a resource is not expected. To get the effective value for 'C_Cpp.doxygen.sectionTags', provide the URI of a resource or 'null' for any resource.
2026-06-04 15:17:54.312 [warning] [ms-vscode.cpptools] Accessing a resource scoped configuration without providing a resource is not expected. To get the effective value for 'C_Cpp.markdownInComments', provide the URI of a resource or 'null' for any resource.
2026-06-04 15:17:54.313 [warning] [ms-vscode.cpptools] Accessing a resource scoped configuration without providing a resource is not expected. To get the effective value for 'C_Cpp.codeAnalysis.exclude', provide the URI of a resource or 'null' for any resource.
2026-06-04 15:17:54.313 [warning] [ms-vscode.cpptools] Accessing a resource scoped configuration without providing a resource is not expected. To get the effective value for 'C_Cpp.codeAnalysis.clangTidy.codeAction.formatFixes', provide the URI of a resource or 'null' for any resource.
2026-06-04 15:17:54.313 [warning] [ms-vscode.cpptools] Accessing a resource scoped configuration without providing a resource is not expected. To get the effective value for 'C_Cpp.codeAnalysis.clangTidy.enabled', provide the URI of a resource or 'null' for any resource.
2026-06-04 15:17:54.313 [warning] [ms-vscode.cpptools] Accessing a resource scoped configuration without providing a resource is not expected. To get the effective value for 'C_Cpp.codeAnalysis.clangTidy.config', provide the URI of a resource or 'null' for any resource.
2026-06-04 15:17:54.313 [warning] [ms-vscode.cpptools] Accessing a resource scoped configuration without providing a resource is not expected. To get the effective value for 'C_Cpp.codeAnalysis.clangTidy.fallbackConfig', provide the URI of a resource or 'null' for any resource.
2026-06-04 15:17:54.313 [warning] [ms-vscode.cpptools] Accessing a resource scoped configuration without providing a resource is not expected. To get the effective value for 'C_Cpp.codeAnalysis.clangTidy.headerFilter', provide the URI of a resource or 'null' for any resource.
2026-06-04 15:17:54.313 [warning] [ms-vscode.cpptools] Accessing a resource scoped configuration without providing a resource is not expected. To get the effective value for 'C_Cpp.codeAnalysis.clangTidy.args', provide the URI of a resource or 'null' for any resource.
2026-06-04 15:17:54.313 [warning] [ms-vscode.cpptools] Accessing a resource scoped configuration without providing a resource is not expected. To get the effective value for 'C_Cpp.codeAnalysis.clangTidy.useBuildPath', provide the URI of a resource or 'null' for any resource.
2026-06-04 15:17:54.313 [warning] [ms-vscode.cpptools] Accessing a resource scoped configuration without providing a resource is not expected. To get the effective value for 'C_Cpp.codeAnalysis.clangTidy.checks.enabled', provide the URI of a resource or 'null' for any resource.
2026-06-04 15:17:54.313 [warning] [ms-vscode.cpptools] Accessing a resource scoped configuration without providing a resource is not expected. To get the effective value for 'C_Cpp.codeAnalysis.clangTidy.checks.disabled', provide the URI of a resource or 'null' for any resource.
2026-06-04 15:17:54.313 [warning] [ms-vscode.cpptools] Accessing a resource scoped configuration without providing a resource is not expected. To get the effective value for 'C_Cpp.codeAnalysis.runAutomatically', provide the URI of a resource or 'null' for any resource.
2026-06-04 15:17:54.314 [warning] [ms-vscode.cpptools] Accessing a resource scoped configuration without providing a resource is not expected. To get the effective value for 'C_Cpp.debugShortcut', provide the URI of a resource or 'null' for any resource.
2026-06-04 15:17:54.314 [warning] [ms-vscode.cpptools] Accessing a resource scoped configuration without providing a resource is not expected. To get the effective value for 'C_Cpp.vcpkg.enabled', provide the URI of a resource or 'null' for any resource.
2026-06-04 15:17:54.318 [warning] [ms-vscode.cpptools] Accessing a resource scoped configuration without providing a resource is not expected. To get the effective value for 'files.exclude', provide the URI of a resource or 'null' for any resource.
2026-06-04 15:17:54.318 [warning] [ms-vscode.cpptools] Accessing a resource scoped configuration without providing a resource is not expected. To get the effective value for 'search.exclude', provide the URI of a resource or 'null' for any resource.
2026-06-04 15:17:57.001 [warning] [GitHub.copilot-chat] Accessing a resource scoped configuration without providing a resource is not expected. To get the effective value for 'github.copilot.chat.planAgent.additionalTools', provide the URI of a resource or 'null' for any resource.
2026-06-04 15:17:57.003 [warning] [GitHub.copilot-chat] Accessing a resource scoped configuration without providing a resource is not expected. To get the effective value for 'github.copilot.chat.implementAgent.model', provide the URI of a resource or 'null' for any resource.
2026-06-04 15:17:57.004 [warning] [GitHub.copilot-chat] Accessing a resource scoped configuration without providing a resource is not expected. To get the effective value for 'github.copilot.chat.planAgent.additionalTools', provide the URI of a resource or 'null' for any resource.
2026-06-04 15:17:57.005 [warning] [GitHub.copilot-chat] Accessing a resource scoped configuration without providing a resource is not expected. To get the effective value for 'github.copilot.chat.implementAgent.model', provide the URI of a resource or 'null' for any resource.
2026-06-04 15:17:57.005 [warning] [GitHub.copilot-chat] Accessing a resource scoped configuration without providing a resource is not expected. To get the effective value for 'github.copilot.chat.planAgent.additionalTools', provide the URI of a resource or 'null' for any resource.
2026-06-04 15:17:57.006 [warning] [GitHub.copilot-chat] Accessing a resource scoped configuration without providing a resource is not expected. To get the effective value for 'github.copilot.chat.implementAgent.model', provide the URI of a resource or 'null' for any resource.
2026-06-04 15:17:57.027 [warning] [GitHub.copilot-chat] Accessing a resource scoped configuration without providing a resource is not expected. To get the effective value for 'github.copilot.chat.askAgent.additionalTools', provide the URI of a resource or 'null' for any resource.
2026-06-04 15:17:57.027 [warning] [GitHub.copilot-chat] Accessing a resource scoped configuration without providing a resource is not expected. To get the effective value for 'github.copilot.chat.askAgent.model', provide the URI of a resource or 'null' for any resource.
2026-06-04 15:17:57.033 [warning] [GitHub.copilot-chat] Accessing a resource scoped configuration without providing a resource is not expected. To get the effective value for 'github.copilot.chat.askAgent.additionalTools', provide the URI of a resource or 'null' for any resource.
2026-06-04 15:17:57.033 [warning] [GitHub.copilot-chat] Accessing a resource scoped configuration without providing a resource is not expected. To get the effective value for 'github.copilot.chat.askAgent.model', provide the URI of a resource or 'null' for any resource.
2026-06-04 15:17:57.046 [warning] [GitHub.copilot-chat] Accessing a resource scoped configuration without providing a resource is not expected. To get the effective value for 'github.copilot.chat.exploreAgent.model', provide the URI of a resource or 'null' for any resource.
2026-06-04 15:19:56.674 [info] Extension host terminating: received terminate message from renderer
2026-06-04 15:19:56.712 [info] Extension host with pid 38787 exiting with code 0
2026-06-04 15:19:59.347 [info] Extension host with pid 39454 started
2026-06-04 15:19:59.364 [info] ExtensionService#_doActivateExtension vscode.github-authentication, startup: false, activationEvent: 'onAuthenticationRequest:github'
2026-06-04 15:19:59.387 [info] ExtensionService#_doActivateExtension vscode.emmet, startup: false, activationEvent: 'onLanguage'
2026-06-04 15:19:59.398 [info] ExtensionService#_doActivateExtension ms-vscode.cpp-devtools, startup: false, activationEvent: 'onLanguage:c'
2026-06-04 15:19:59.408 [info] ExtensionService#_doActivateExtension ms-vscode.cpptools, startup: false, activationEvent: 'onLanguage:c'
2026-06-04 15:19:59.553 [info] ExtensionService#_doActivateExtension college.mpi-sanitizer-vscode, startup: false, activationEvent: 'onLanguage:c'
2026-06-04 15:19:59.600 [info] ExtensionService#_doActivateExtension vscode.terminal-suggest, startup: false, activationEvent: 'onTerminalShellIntegration:*'
2026-06-04 15:19:59.967 [warning] [ms-vscode.cpptools] Accessing a resource scoped configuration without providing a resource is not expected. To get the effective value for 'C_Cpp.inlayHints.autoDeclarationTypes.enabled', provide the URI of a resource or 'null' for any resource.
2026-06-04 15:19:59.967 [warning] [ms-vscode.cpptools] Accessing a resource scoped configuration without providing a resource is not expected. To get the effective value for 'C_Cpp.inlayHints.autoDeclarationTypes.showOnLeft', provide the URI of a resource or 'null' for any resource.
2026-06-04 15:19:59.967 [warning] [ms-vscode.cpptools] Accessing a resource scoped configuration without providing a resource is not expected. To get the effective value for 'C_Cpp.inlayHints.parameterNames.enabled', provide the URI of a resource or 'null' for any resource.
2026-06-04 15:19:59.967 [warning] [ms-vscode.cpptools] Accessing a resource scoped configuration without providing a resource is not expected. To get the effective value for 'C_Cpp.inlayHints.parameterNames.suppressWhenArgumentContainsName', provide the URI of a resource or 'null' for any resource.
2026-06-04 15:19:59.967 [warning] [ms-vscode.cpptools] Accessing a resource scoped configuration without providing a resource is not expected. To get the effective value for 'C_Cpp.inlayHints.parameterNames.hideLeadingUnderscores', provide the URI of a resource or 'null' for any resource.
2026-06-04 15:19:59.968 [warning] [ms-vscode.cpptools] Accessing a resource scoped configuration without providing a resource is not expected. To get the effective value for 'C_Cpp.inlayHints.referenceOperator.enabled', provide the URI of a resource or 'null' for any resource.
2026-06-04 15:19:59.968 [warning] [ms-vscode.cpptools] Accessing a resource scoped configuration without providing a resource is not expected. To get the effective value for 'C_Cpp.inlayHints.referenceOperator.showSpace', provide the URI of a resource or 'null' for any resource.
2026-06-04 15:19:59.968 [warning] [ms-vscode.cpptools] Accessing a resource scoped configuration without providing a resource is not expected. To get the effective value for 'C_Cpp.autocompleteAddParentheses', provide the URI of a resource or 'null' for any resource.
2026-06-04 15:19:59.968 [warning] [ms-vscode.cpptools] Accessing a resource scoped configuration without providing a resource is not expected. To get the effective value for 'C_Cpp.suggestSnippets', provide the URI of a resource or 'null' for any resource.
2026-06-04 15:19:59.968 [warning] [ms-vscode.cpptools] Accessing a resource scoped configuration without providing a resource is not expected. To get the effective value for 'C_Cpp.legacyCompilerArgsBehavior', provide the URI of a resource or 'null' for any resource.
2026-06-04 15:19:59.968 [warning] [ms-vscode.cpptools] Accessing a resource scoped configuration without providing a resource is not expected. To get the effective value for 'C_Cpp.autocomplete', provide the URI of a resource or 'null' for any resource.
2026-06-04 15:19:59.969 [warning] [ms-vscode.cpptools] Accessing a resource scoped configuration without providing a resource is not expected. To get the effective value for 'C_Cpp.hover', provide the URI of a resource or 'null' for any resource.
2026-06-04 15:19:59.969 [warning] [ms-vscode.cpptools] Accessing a resource scoped configuration without providing a resource is not expected. To get the effective value for 'C_Cpp.errorSquiggles', provide the URI of a resource or 'null' for any resource.
2026-06-04 15:19:59.969 [warning] [ms-vscode.cpptools] Accessing a resource scoped configuration without providing a resource is not expected. To get the effective value for 'C_Cpp.dimInactiveRegions', provide the URI of a resource or 'null' for any resource.
2026-06-04 15:19:59.969 [warning] [ms-vscode.cpptools] Accessing a resource scoped configuration without providing a resource is not expected. To get the effective value for 'C_Cpp.inactiveRegionOpacity', provide the URI of a resource or 'null' for any resource.
2026-06-04 15:19:59.969 [warning] [ms-vscode.cpptools] Accessing a resource scoped configuration without providing a resource is not expected. To get the effective value for 'C_Cpp.inactiveRegionForegroundColor', provide the URI of a resource or 'null' for any resource.
2026-06-04 15:19:59.969 [warning] [ms-vscode.cpptools] Accessing a resource scoped configuration without providing a resource is not expected. To get the effective value for 'C_Cpp.inactiveRegionBackgroundColor', provide the URI of a resource or 'null' for any resource.
2026-06-04 15:19:59.969 [warning] [ms-vscode.cpptools] Accessing a resource scoped configuration without providing a resource is not expected. To get the effective value for 'C_Cpp.refactoring.includeHeader', provide the URI of a resource or 'null' for any resource.
2026-06-04 15:19:59.971 [warning] [ms-vscode.cpptools] Accessing a resource scoped configuration without providing a resource is not expected. To get the effective value for 'C_Cpp.default.cStandard', provide the URI of a resource or 'null' for any resource.
2026-06-04 15:19:59.972 [warning] [ms-vscode.cpptools] Accessing a resource scoped configuration without providing a resource is not expected. To get the effective value for 'C_Cpp.default.cppStandard', provide the URI of a resource or 'null' for any resource.
2026-06-04 15:19:59.972 [warning] [ms-vscode.cpptools] Accessing a resource scoped configuration without providing a resource is not expected. To get the effective value for 'C_Cpp.default.configurationProvider', provide the URI of a resource or 'null' for any resource.
2026-06-04 15:19:59.972 [warning] [ms-vscode.cpptools] Accessing a resource scoped configuration without providing a resource is not expected. To get the effective value for 'C_Cpp.default.mergeConfigurations', provide the URI of a resource or 'null' for any resource.
2026-06-04 15:19:59.973 [warning] [ms-vscode.cpptools] Accessing a resource scoped configuration without providing a resource is not expected. To get the effective value for 'C_Cpp.default.browse.limitSymbolsToIncludedHeaders', provide the URI of a resource or 'null' for any resource.
2026-06-04 15:19:59.973 [warning] [ms-vscode.cpptools] Accessing a resource scoped configuration without providing a resource is not expected. To get the effective value for 'C_Cpp.default.enableConfigurationSquiggles', provide the URI of a resource or 'null' for any resource.
2026-06-04 15:19:59.974 [warning] [ms-vscode.cpptools] Accessing a resource scoped configuration without providing a resource is not expected. To get the effective value for 'C_Cpp.default.dotConfig', provide the URI of a resource or 'null' for any resource.
2026-06-04 15:19:59.974 [warning] [ms-vscode.cpptools] Accessing a resource scoped configuration without providing a resource is not expected. To get the effective value for 'C_Cpp.default.recursiveIncludes.reduce', provide the URI of a resource or 'null' for any resource.
2026-06-04 15:19:59.974 [warning] [ms-vscode.cpptools] Accessing a resource scoped configuration without providing a resource is not expected. To get the effective value for 'C_Cpp.default.recursiveIncludes.priority', provide the URI of a resource or 'null' for any resource.
2026-06-04 15:19:59.974 [warning] [ms-vscode.cpptools] Accessing a resource scoped configuration without providing a resource is not expected. To get the effective value for 'C_Cpp.default.recursiveIncludes.order', provide the URI of a resource or 'null' for any resource.
2026-06-04 15:19:59.974 [warning] [ms-vscode.cpptools] Accessing a resource scoped configuration without providing a resource is not expected. To get the effective value for 'C_Cpp.configurationWarnings', provide the URI of a resource or 'null' for any resource.
2026-06-04 15:19:59.975 [warning] [ms-vscode.cpptools] Accessing a resource scoped configuration without providing a resource is not expected. To get the effective value for 'C_Cpp.intelliSenseEngine', provide the URI of a resource or 'null' for any resource.
2026-06-04 15:19:59.975 [warning] [ms-vscode.cpptools] Accessing a resource scoped configuration without providing a resource is not expected. To get the effective value for 'C_Cpp.exclusionPolicy', provide the URI of a resource or 'null' for any resource.
2026-06-04 15:19:59.975 [warning] [ms-vscode.cpptools] Accessing a resource scoped configuration without providing a resource is not expected. To get the effective value for 'C_Cpp.files.exclude', provide the URI of a resource or 'null' for any resource.
2026-06-04 15:19:59.976 [warning] [ms-vscode.cpptools] Accessing a resource scoped configuration without providing a resource is not expected. To get the effective value for 'C_Cpp.vcFormat.indent.braces', provide the URI of a resource or 'null' for any resource.
2026-06-04 15:19:59.976 [warning] [ms-vscode.cpptools] Accessing a resource scoped configuration without providing a resource is not expected. To get the effective value for 'C_Cpp.vcFormat.indent.multiLineRelativeTo', provide the URI of a resource or 'null' for any resource.
2026-06-04 15:19:59.976 [warning] [ms-vscode.cpptools] Accessing a resource scoped configuration without providing a resource is not expected. To get the effective value for 'C_Cpp.vcFormat.indent.withinParentheses', provide the URI of a resource or 'null' for any resource.
2026-06-04 15:19:59.976 [warning] [ms-vscode.cpptools] Accessing a resource scoped configuration without providing a resource is not expected. To get the effective value for 'C_Cpp.vcFormat.indent.preserveWithinParentheses', provide the URI of a resource or 'null' for any resource.
2026-06-04 15:19:59.976 [warning] [ms-vscode.cpptools] Accessing a resource scoped configuration without providing a resource is not expected. To get the effective value for 'C_Cpp.vcFormat.indent.caseLabels', provide the URI of a resource or 'null' for any resource.
2026-06-04 15:19:59.976 [warning] [ms-vscode.cpptools] Accessing a resource scoped configuration without providing a resource is not expected. To get the effective value for 'C_Cpp.vcFormat.indent.caseContents', provide the URI of a resource or 'null' for any resource.
2026-06-04 15:19:59.976 [warning] [ms-vscode.cpptools] Accessing a resource scoped configuration without providing a resource is not expected. To get the effective value for 'C_Cpp.vcFormat.indent.caseContentsWhenBlock', provide the URI of a resource or 'null' for any resource.
2026-06-04 15:19:59.976 [warning] [ms-vscode.cpptools] Accessing a resource scoped configuration without providing a resource is not expected. To get the effective value for 'C_Cpp.vcFormat.indent.lambdaBracesWhenParameter', provide the URI of a resource or 'null' for any resource.
2026-06-04 15:19:59.977 [warning] [ms-vscode.cpptools] Accessing a resource scoped configuration without providing a resource is not expected. To get the effective value for 'C_Cpp.vcFormat.indent.gotoLabels', provide the URI of a resource or 'null' for any resource.
2026-06-04 15:19:59.977 [warning] [ms-vscode.cpptools] Accessing a resource scoped configuration without providing a resource is not expected. To get the effective value for 'C_Cpp.vcFormat.indent.preprocessor', provide the URI of a resource or 'null' for any resource.
2026-06-04 15:19:59.977 [warning] [ms-vscode.cpptools] Accessing a resource scoped configuration without providing a resource is not expected. To get the effective value for 'C_Cpp.vcFormat.indent.accessSpecifiers', provide the URI of a resource or 'null' for any resource.
2026-06-04 15:19:59.977 [warning] [ms-vscode.cpptools] Accessing a resource scoped configuration without providing a resource is not expected. To get the effective value for 'C_Cpp.vcFormat.indent.namespaceContents', provide the URI of a resource or 'null' for any resource.
2026-06-04 15:19:59.977 [warning] [ms-vscode.cpptools] Accessing a resource scoped configuration without providing a resource is not expected. To get the effective value for 'C_Cpp.vcFormat.indent.preserveComments', provide the URI of a resource or 'null' for any resource.
2026-06-04 15:19:59.977 [warning] [ms-vscode.cpptools] Accessing a resource scoped configuration without providing a resource is not expected. To get the effective value for 'C_Cpp.vcFormat.newLine.beforeOpenBrace.namespace', provide the URI of a resource or 'null' for any resource.
2026-06-04 15:19:59.977 [warning] [ms-vscode.cpptools] Accessing a resource scoped configuration without providing a resource is not expected. To get the effective value for 'C_Cpp.vcFormat.newLine.beforeOpenBrace.type', provide the URI of a resource or 'null' for any resource.
2026-06-04 15:19:59.977 [warning] [ms-vscode.cpptools] Accessing a resource scoped configuration without providing a resource is not expected. To get the effective value for 'C_Cpp.vcFormat.newLine.beforeOpenBrace.function', provide the URI of a resource or 'null' for any resource.
2026-06-04 15:19:59.977 [warning] [ms-vscode.cpptools] Accessing a resource scoped configuration without providing a resource is not expected. To get the effective value for 'C_Cpp.vcFormat.newLine.beforeOpenBrace.block', provide the URI of a resource or 'null' for any resource.
2026-06-04 15:19:59.978 [warning] [ms-vscode.cpptools] Accessing a resource scoped configuration without providing a resource is not expected. To get the effective value for 'C_Cpp.vcFormat.newLine.beforeOpenBrace.lambda', provide the URI of a resource or 'null' for any resource.
2026-06-04 15:19:59.978 [warning] [ms-vscode.cpptools] Accessing a resource scoped configuration without providing a resource is not expected. To get the effective value for 'C_Cpp.vcFormat.newLine.scopeBracesOnSeparateLines', provide the URI of a resource or 'null' for any resource.
2026-06-04 15:19:59.978 [warning] [ms-vscode.cpptools] Accessing a resource scoped configuration without providing a resource is not expected. To get the effective value for 'C_Cpp.vcFormat.newLine.closeBraceSameLine.emptyType', provide the URI of a resource or 'null' for any resource.
2026-06-04 15:19:59.978 [warning] [ms-vscode.cpptools] Accessing a resource scoped configuration without providing a resource is not expected. To get the effective value for 'C_Cpp.vcFormat.newLine.closeBraceSameLine.emptyFunction', provide the URI of a resource or 'null' for any resource.
2026-06-04 15:19:59.978 [warning] [ms-vscode.cpptools] Accessing a resource scoped configuration without providing a resource is not expected. To get the effective value for 'C_Cpp.vcFormat.newLine.beforeCatch', provide the URI of a resource or 'null' for any resource.
2026-06-04 15:19:59.978 [warning] [ms-vscode.cpptools] Accessing a resource scoped configuration without providing a resource is not expected. To get the effective value for 'C_Cpp.vcFormat.newLine.beforeElse', provide the URI of a resource or 'null' for any resource.
2026-06-04 15:19:59.978 [warning] [ms-vscode.cpptools] Accessing a resource scoped configuration without providing a resource is not expected. To get the effective value for 'C_Cpp.vcFormat.newLine.beforeWhileInDoWhile', provide the URI of a resource or 'null' for any resource.
2026-06-04 15:19:59.978 [warning] [ms-vscode.cpptools] Accessing a resource scoped configuration without providing a resource is not expected. To get the effective value for 'C_Cpp.vcFormat.space.beforeFunctionOpenParenthesis', provide the URI of a resource or 'null' for any resource.
2026-06-04 15:19:59.978 [warning] [ms-vscode.cpptools] Accessing a resource scoped configuration without providing a resource is not expected. To get the effective value for 'C_Cpp.vcFormat.space.withinParameterListParentheses', provide the URI of a resource or 'null' for any resource.
2026-06-04 15:19:59.978 [warning] [ms-vscode.cpptools] Accessing a resource scoped configuration without providing a resource is not expected. To get the effective value for 'C_Cpp.vcFormat.space.betweenEmptyParameterListParentheses', provide the URI of a resource or 'null' for any resource.
2026-06-04 15:19:59.979 [warning] [ms-vscode.cpptools] Accessing a resource scoped configuration without providing a resource is not expected. To get the effective value for 'C_Cpp.vcFormat.space.afterKeywordsInControlFlowStatements', provide the URI of a resource or 'null' for any resource.
2026-06-04 15:19:59.979 [warning] [ms-vscode.cpptools] Accessing a resource scoped configuration without providing a resource is not expected. To get the effective value for 'C_Cpp.vcFormat.space.withinControlFlowStatementParentheses', provide the URI of a resource or 'null' for any resource.
2026-06-04 15:19:59.979 [warning] [ms-vscode.cpptools] Accessing a resource scoped configuration without providing a resource is not expected. To get the effective value for 'C_Cpp.vcFormat.space.beforeLambdaOpenParenthesis', provide the URI of a resource or 'null' for any resource.
2026-06-04 15:19:59.979 [warning] [ms-vscode.cpptools] Accessing a resource scoped configuration without providing a resource is not expected. To get the effective value for 'C_Cpp.vcFormat.space.withinCastParentheses', provide the URI of a resource or 'null' for any resource.
2026-06-04 15:19:59.979 [warning] [ms-vscode.cpptools] Accessing a resource scoped configuration without providing a resource is not expected. To get the effective value for 'C_Cpp.vcFormat.space.afterCastCloseParenthesis', provide the URI of a resource or 'null' for any resource.
2026-06-04 15:19:59.979 [warning] [ms-vscode.cpptools] Accessing a resource scoped configuration without providing a resource is not expected. To get the effective value for 'C_Cpp.vcFormat.space.withinExpressionParentheses', provide the URI of a resource or 'null' for any resource.
2026-06-04 15:19:59.979 [warning] [ms-vscode.cpptools] Accessing a resource scoped configuration without providing a resource is not expected. To get the effective value for 'C_Cpp.vcFormat.space.beforeBlockOpenBrace', provide the URI of a resource or 'null' for any resource.
2026-06-04 15:19:59.979 [warning] [ms-vscode.cpptools] Accessing a resource scoped configuration without providing a resource is not expected. To get the effective value for 'C_Cpp.vcFormat.space.betweenEmptyBraces', provide the URI of a resource or 'null' for any resource.
2026-06-04 15:19:59.979 [warning] [ms-vscode.cpptools] Accessing a resource scoped configuration without providing a resource is not expected. To get the effective value for 'C_Cpp.vcFormat.space.beforeInitializerListOpenBrace', provide the URI of a resource or 'null' for any resource.
2026-06-04 15:19:59.979 [warning] [ms-vscode.cpptools] Accessing a resource scoped configuration without providing a resource is not expected. To get the effective value for 'C_Cpp.vcFormat.space.withinInitializerListBraces', provide the URI of a resource or 'null' for any resource.
2026-06-04 15:19:59.979 [warning] [ms-vscode.cpptools] Accessing a resource scoped configuration without providing a resource is not expected. To get the effective value for 'C_Cpp.vcFormat.space.preserveInInitializerList', provide the URI of a resource or 'null' for any resource.
2026-06-04 15:19:59.979 [warning] [ms-vscode.cpptools] Accessing a resource scoped configuration without providing a resource is not expected. To get the effective value for 'C_Cpp.vcFormat.space.beforeOpenSquareBracket', provide the URI of a resource or 'null' for any resource.
2026-06-04 15:19:59.979 [warning] [ms-vscode.cpptools] Accessing a resource scoped configuration without providing a resource is not expected. To get the effective value for 'C_Cpp.vcFormat.space.withinSquareBrackets', provide the URI of a resource or 'null' for any resource.
2026-06-04 15:19:59.980 [warning] [ms-vscode.cpptools] Accessing a resource scoped configuration without providing a resource is not expected. To get the effective value for 'C_Cpp.vcFormat.space.beforeEmptySquareBrackets', provide the URI of a resource or 'null' for any resource.
2026-06-04 15:19:59.980 [warning] [ms-vscode.cpptools] Accessing a resource scoped configuration without providing a resource is not expected. To get the effective value for 'C_Cpp.vcFormat.space.betweenEmptySquareBrackets', provide the URI of a resource or 'null' for any resource.
2026-06-04 15:19:59.980 [warning] [ms-vscode.cpptools] Accessing a resource scoped configuration without providing a resource is not expected. To get the effective value for 'C_Cpp.vcFormat.space.groupSquareBrackets', provide the URI of a resource or 'null' for any resource.
2026-06-04 15:19:59.980 [warning] [ms-vscode.cpptools] Accessing a resource scoped configuration without providing a resource is not expected. To get the effective value for 'C_Cpp.vcFormat.space.withinLambdaBrackets', provide the URI of a resource or 'null' for any resource.
2026-06-04 15:19:59.980 [warning] [ms-vscode.cpptools] Accessing a resource scoped configuration without providing a resource is not expected. To get the effective value for 'C_Cpp.vcFormat.space.betweenEmptyLambdaBrackets', provide the URI of a resource or 'null' for any resource.
2026-06-04 15:19:59.980 [warning] [ms-vscode.cpptools] Accessing a resource scoped configuration without providing a resource is not expected. To get the effective value for 'C_Cpp.vcFormat.space.beforeComma', provide the URI of a resource or 'null' for any resource.
2026-06-04 15:19:59.980 [warning] [ms-vscode.cpptools] Accessing a resource scoped configuration without providing a resource is not expected. To get the effective value for 'C_Cpp.vcFormat.space.afterComma', provide the URI of a resource or 'null' for any resource.
2026-06-04 15:19:59.980 [warning] [ms-vscode.cpptools] Accessing a resource scoped configuration without providing a resource is not expected. To get the effective value for 'C_Cpp.vcFormat.space.removeAroundMemberOperators', provide the URI of a resource or 'null' for any resource.
2026-06-04 15:19:59.980 [warning] [ms-vscode.cpptools] Accessing a resource scoped configuration without providing a resource is not expected. To get the effective value for 'C_Cpp.vcFormat.space.beforeInheritanceColon', provide the URI of a resource or 'null' for any resource.
2026-06-04 15:19:59.980 [warning] [ms-vscode.cpptools] Accessing a resource scoped configuration without providing a resource is not expected. To get the effective value for 'C_Cpp.vcFormat.space.beforeConstructorColon', provide the URI of a resource or 'null' for any resource.
2026-06-04 15:19:59.980 [warning] [ms-vscode.cpptools] Accessing a resource scoped configuration without providing a resource is not expected. To get the effective value for 'C_Cpp.vcFormat.space.removeBeforeSemicolon', provide the URI of a resource or 'null' for any resource.
2026-06-04 15:19:59.980 [warning] [ms-vscode.cpptools] Accessing a resource scoped configuration without providing a resource is not expected. To get the effective value for 'C_Cpp.vcFormat.space.insertAfterSemicolon', provide the URI of a resource or 'null' for any resource.
2026-06-04 15:19:59.981 [warning] [ms-vscode.cpptools] Accessing a resource scoped configuration without providing a resource is not expected. To get the effective value for 'C_Cpp.vcFormat.space.removeAroundUnaryOperator', provide the URI of a resource or 'null' for any resource.
2026-06-04 15:19:59.981 [warning] [ms-vscode.cpptools] Accessing a resource scoped configuration without providing a resource is not expected. To get the effective value for 'C_Cpp.vcFormat.space.aroundBinaryOperator', provide the URI of a resource or 'null' for any resource.
2026-06-04 15:19:59.981 [warning] [ms-vscode.cpptools] Accessing a resource scoped configuration without providing a resource is not expected. To get the effective value for 'C_Cpp.vcFormat.space.aroundAssignmentOperator', provide the URI of a resource or 'null' for any resource.
2026-06-04 15:19:59.981 [warning] [ms-vscode.cpptools] Accessing a resource scoped configuration without providing a resource is not expected. To get the effective value for 'C_Cpp.vcFormat.space.pointerReferenceAlignment', provide the URI of a resource or 'null' for any resource.
2026-06-04 15:19:59.981 [warning] [ms-vscode.cpptools] Accessing a resource scoped configuration without providing a resource is not expected. To get the effective value for 'C_Cpp.vcFormat.space.aroundTernaryOperator', provide the URI of a resource or 'null' for any resource.
2026-06-04 15:19:59.981 [warning] [ms-vscode.cpptools] Accessing a resource scoped configuration without providing a resource is not expected. To get the effective value for 'C_Cpp.vcFormat.wrap.preserveBlocks', provide the URI of a resource or 'null' for any resource.
2026-06-04 15:19:59.981 [warning] [ms-vscode.cpptools] Accessing a resource scoped configuration without providing a resource is not expected. To get the effective value for 'C_Cpp.clang_format_style', provide the URI of a resource or 'null' for any resource.
2026-06-04 15:19:59.981 [warning] [ms-vscode.cpptools] Accessing a resource scoped configuration without providing a resource is not expected. To get the effective value for 'C_Cpp.formatting', provide the URI of a resource or 'null' for any resource.
2026-06-04 15:19:59.981 [warning] [ms-vscode.cpptools] Accessing a resource scoped configuration without providing a resource is not expected. To get the effective value for 'C_Cpp.clang_format_fallbackStyle', provide the URI of a resource or 'null' for any resource.
2026-06-04 15:19:59.981 [warning] [ms-vscode.cpptools] Accessing a resource scoped configuration without providing a resource is not expected. To get the effective value for 'C_Cpp.clang_format_sortIncludes', provide the URI of a resource or 'null' for any resource.
2026-06-04 15:19:59.982 [warning] [ms-vscode.cpptools] Accessing a resource scoped configuration without providing a resource is not expected. To get the effective value for 'C_Cpp.doxygen.generateOnType', provide the URI of a resource or 'null' for any resource.
2026-06-04 15:19:59.982 [warning] [ms-vscode.cpptools] Accessing a resource scoped configuration without providing a resource is not expected. To get the effective value for 'C_Cpp.doxygen.generateOnCodeAction', provide the URI of a resource or 'null' for any resource.
2026-06-04 15:19:59.982 [warning] [ms-vscode.cpptools] Accessing a resource scoped configuration without providing a resource is not expected. To get the effective value for 'C_Cpp.doxygen.generatedStyle', provide the URI of a resource or 'null' for any resource.
2026-06-04 15:19:59.982 [warning] [ms-vscode.cpptools] Accessing a resource scoped configuration without providing a resource is not expected. To get the effective value for 'C_Cpp.doxygen.sectionTags', provide the URI of a resource or 'null' for any resource.
2026-06-04 15:19:59.982 [warning] [ms-vscode.cpptools] Accessing a resource scoped configuration without providing a resource is not expected. To get the effective value for 'C_Cpp.markdownInComments', provide the URI of a resource or 'null' for any resource.
2026-06-04 15:19:59.983 [warning] [ms-vscode.cpptools] Accessing a resource scoped configuration without providing a resource is not expected. To get the effective value for 'C_Cpp.codeAnalysis.exclude', provide the URI of a resource or 'null' for any resource.
2026-06-04 15:19:59.983 [warning] [ms-vscode.cpptools] Accessing a resource scoped configuration without providing a resource is not expected. To get the effective value for 'C_Cpp.codeAnalysis.clangTidy.codeAction.formatFixes', provide the URI of a resource or 'null' for any resource.
2026-06-04 15:19:59.983 [warning] [ms-vscode.cpptools] Accessing a resource scoped configuration without providing a resource is not expected. To get the effective value for 'C_Cpp.codeAnalysis.clangTidy.enabled', provide the URI of a resource or 'null' for any resource.
2026-06-04 15:19:59.984 [warning] [ms-vscode.cpptools] Accessing a resource scoped configuration without providing a resource is not expected. To get the effective value for 'C_Cpp.codeAnalysis.clangTidy.config', provide the URI of a resource or 'null' for any resource.
2026-06-04 15:19:59.984 [warning] [ms-vscode.cpptools] Accessing a resource scoped configuration without providing a resource is not expected. To get the effective value for 'C_Cpp.codeAnalysis.clangTidy.fallbackConfig', provide the URI of a resource or 'null' for any resource.
2026-06-04 15:19:59.984 [warning] [ms-vscode.cpptools] Accessing a resource scoped configuration without providing a resource is not expected. To get the effective value for 'C_Cpp.codeAnalysis.clangTidy.headerFilter', provide the URI of a resource or 'null' for any resource.
2026-06-04 15:19:59.984 [warning] [ms-vscode.cpptools] Accessing a resource scoped configuration without providing a resource is not expected. To get the effective value for 'C_Cpp.codeAnalysis.clangTidy.args', provide the URI of a resource or 'null' for any resource.
2026-06-04 15:19:59.984 [warning] [ms-vscode.cpptools] Accessing a resource scoped configuration without providing a resource is not expected. To get the effective value for 'C_Cpp.codeAnalysis.clangTidy.useBuildPath', provide the URI of a resource or 'null' for any resource.
2026-06-04 15:19:59.984 [warning] [ms-vscode.cpptools] Accessing a resource scoped configuration without providing a resource is not expected. To get the effective value for 'C_Cpp.codeAnalysis.clangTidy.checks.enabled', provide the URI of a resource or 'null' for any resource.
2026-06-04 15:19:59.984 [warning] [ms-vscode.cpptools] Accessing a resource scoped configuration without providing a resource is not expected. To get the effective value for 'C_Cpp.codeAnalysis.clangTidy.checks.disabled', provide the URI of a resource or 'null' for any resource.
2026-06-04 15:19:59.984 [warning] [ms-vscode.cpptools] Accessing a resource scoped configuration without providing a resource is not expected. To get the effective value for 'C_Cpp.codeAnalysis.runAutomatically', provide the URI of a resource or 'null' for any resource.
2026-06-04 15:19:59.985 [warning] [ms-vscode.cpptools] Accessing a resource scoped configuration without providing a resource is not expected. To get the effective value for 'C_Cpp.debugShortcut', provide the URI of a resource or 'null' for any resource.
2026-06-04 15:19:59.986 [warning] [ms-vscode.cpptools] Accessing a resource scoped configuration without providing a resource is not expected. To get the effective value for 'C_Cpp.vcpkg.enabled', provide the URI of a resource or 'null' for any resource.
2026-06-04 15:19:59.992 [warning] [ms-vscode.cpptools] Accessing a resource scoped configuration without providing a resource is not expected. To get the effective value for 'files.exclude', provide the URI of a resource or 'null' for any resource.
2026-06-04 15:19:59.992 [warning] [ms-vscode.cpptools] Accessing a resource scoped configuration without providing a resource is not expected. To get the effective value for 'search.exclude', provide the URI of a resource or 'null' for any resource.
2026-06-04 15:20:00.018 [info] ExtensionService#_doActivateExtension vscode.git-base, startup: true, activationEvent: '*', root cause: vscode.git
2026-06-04 15:20:00.023 [info] ExtensionService#_doActivateExtension vscode.git, startup: true, activationEvent: '*'
2026-06-04 15:20:00.066 [info] ExtensionService#_doActivateExtension vscode.github, startup: true, activationEvent: '*'
2026-06-04 15:20:00.137 [warning] [vscode.git] Accessing a resource scoped configuration without providing a resource is not expected. To get the effective value for 'git.openRepositoryInParentFolders', provide the URI of a resource or 'null' for any resource.
2026-06-04 15:20:00.137 [warning] [vscode.git] Accessing a resource scoped configuration without providing a resource is not expected. To get the effective value for 'git.showProgress', provide the URI of a resource or 'null' for any resource.
2026-06-04 15:20:00.147 [info] Eager extensions activated
2026-06-04 15:20:00.178 [info] ExtensionService#_doActivateExtension GitHub.copilot-chat, startup: false, activationEvent: 'onStartupFinished'
2026-06-04 15:20:01.016 [info] ExtensionService#_doActivateExtension vscode.debug-auto-launch, startup: false, activationEvent: 'onStartupFinished'
2026-06-04 15:20:01.018 [info] ExtensionService#_doActivateExtension vscode.merge-conflict, startup: false, activationEvent: 'onStartupFinished'
2026-06-04 15:20:01.089 [info] ExtensionService#_doActivateExtension vscode.microsoft-authentication, startup: false, activationEvent: 'onAuthenticationRequest:microsoft'
2026-06-04 15:20:01.163 [warning] Accessing a resource scoped configuration without providing a resource is not expected. To get the effective value for 'files.watcherExclude', provide the URI of a resource or 'null' for any resource.
2026-06-04 15:20:01.657 [warning] [ms-vscode.cpptools] Accessing a resource scoped configuration without providing a resource is not expected. To get the effective value for 'C_Cpp.inlayHints.autoDeclarationTypes.enabled', provide the URI of a resource or 'null' for any resource.
2026-06-04 15:20:01.658 [warning] [ms-vscode.cpptools] Accessing a resource scoped configuration without providing a resource is not expected. To get the effective value for 'C_Cpp.inlayHints.autoDeclarationTypes.showOnLeft', provide the URI of a resource or 'null' for any resource.
2026-06-04 15:20:01.658 [warning] [ms-vscode.cpptools] Accessing a resource scoped configuration without providing a resource is not expected. To get the effective value for 'C_Cpp.inlayHints.parameterNames.enabled', provide the URI of a resource or 'null' for any resource.
2026-06-04 15:20:01.659 [warning] [ms-vscode.cpptools] Accessing a resource scoped configuration without providing a resource is not expected. To get the effective value for 'C_Cpp.inlayHints.parameterNames.suppressWhenArgumentContainsName', provide the URI of a resource or 'null' for any resource.
2026-06-04 15:20:01.659 [warning] [ms-vscode.cpptools] Accessing a resource scoped configuration without providing a resource is not expected. To get the effective value for 'C_Cpp.inlayHints.parameterNames.hideLeadingUnderscores', provide the URI of a resource or 'null' for any resource.
2026-06-04 15:20:01.660 [warning] [ms-vscode.cpptools] Accessing a resource scoped configuration without providing a resource is not expected. To get the effective value for 'C_Cpp.inlayHints.referenceOperator.enabled', provide the URI of a resource or 'null' for any resource.
2026-06-04 15:20:01.660 [warning] [ms-vscode.cpptools] Accessing a resource scoped configuration without providing a resource is not expected. To get the effective value for 'C_Cpp.inlayHints.referenceOperator.showSpace', provide the URI of a resource or 'null' for any resource.
2026-06-04 15:20:01.661 [warning] [ms-vscode.cpptools] Accessing a resource scoped configuration without providing a resource is not expected. To get the effective value for 'C_Cpp.autocompleteAddParentheses', provide the URI of a resource or 'null' for any resource.
2026-06-04 15:20:01.661 [warning] [ms-vscode.cpptools] Accessing a resource scoped configuration without providing a resource is not expected. To get the effective value for 'C_Cpp.suggestSnippets', provide the URI of a resource or 'null' for any resource.
2026-06-04 15:20:01.662 [warning] [ms-vscode.cpptools] Accessing a resource scoped configuration without providing a resource is not expected. To get the effective value for 'C_Cpp.legacyCompilerArgsBehavior', provide the URI of a resource or 'null' for any resource.
2026-06-04 15:20:01.662 [warning] [ms-vscode.cpptools] Accessing a resource scoped configuration without providing a resource is not expected. To get the effective value for 'C_Cpp.autocomplete', provide the URI of a resource or 'null' for any resource.
2026-06-04 15:20:01.662 [warning] [ms-vscode.cpptools] Accessing a resource scoped configuration without providing a resource is not expected. To get the effective value for 'C_Cpp.hover', provide the URI of a resource or 'null' for any resource.
2026-06-04 15:20:01.663 [warning] [ms-vscode.cpptools] Accessing a resource scoped configuration without providing a resource is not expected. To get the effective value for 'C_Cpp.errorSquiggles', provide the URI of a resource or 'null' for any resource.
2026-06-04 15:20:01.663 [warning] [ms-vscode.cpptools] Accessing a resource scoped configuration without providing a resource is not expected. To get the effective value for 'C_Cpp.dimInactiveRegions', provide the URI of a resource or 'null' for any resource.
2026-06-04 15:20:01.663 [warning] [ms-vscode.cpptools] Accessing a resource scoped configuration without providing a resource is not expected. To get the effective value for 'C_Cpp.inactiveRegionOpacity', provide the URI of a resource or 'null' for any resource.
2026-06-04 15:20:01.664 [warning] [ms-vscode.cpptools] Accessing a resource scoped configuration without providing a resource is not expected. To get the effective value for 'C_Cpp.inactiveRegionForegroundColor', provide the URI of a resource or 'null' for any resource.
2026-06-04 15:20:01.664 [warning] [ms-vscode.cpptools] Accessing a resource scoped configuration without providing a resource is not expected. To get the effective value for 'C_Cpp.inactiveRegionBackgroundColor', provide the URI of a resource or 'null' for any resource.
2026-06-04 15:20:01.665 [warning] [ms-vscode.cpptools] Accessing a resource scoped configuration without providing a resource is not expected. To get the effective value for 'C_Cpp.refactoring.includeHeader', provide the URI of a resource or 'null' for any resource.
2026-06-04 15:20:01.670 [warning] [ms-vscode.cpptools] Accessing a resource scoped configuration without providing a resource is not expected. To get the effective value for 'C_Cpp.default.cStandard', provide the URI of a resource or 'null' for any resource.
2026-06-04 15:20:01.670 [warning] [ms-vscode.cpptools] Accessing a resource scoped configuration without providing a resource is not expected. To get the effective value for 'C_Cpp.default.cppStandard', provide the URI of a resource or 'null' for any resource.
2026-06-04 15:20:01.670 [warning] [ms-vscode.cpptools] Accessing a resource scoped configuration without providing a resource is not expected. To get the effective value for 'C_Cpp.default.configurationProvider', provide the URI of a resource or 'null' for any resource.
2026-06-04 15:20:01.671 [warning] [ms-vscode.cpptools] Accessing a resource scoped configuration without providing a resource is not expected. To get the effective value for 'C_Cpp.default.mergeConfigurations', provide the URI of a resource or 'null' for any resource.
2026-06-04 15:20:01.673 [warning] [ms-vscode.cpptools] Accessing a resource scoped configuration without providing a resource is not expected. To get the effective value for 'C_Cpp.default.browse.limitSymbolsToIncludedHeaders', provide the URI of a resource or 'null' for any resource.
2026-06-04 15:20:01.674 [warning] [ms-vscode.cpptools] Accessing a resource scoped configuration without providing a resource is not expected. To get the effective value for 'C_Cpp.default.enableConfigurationSquiggles', provide the URI of a resource or 'null' for any resource.
2026-06-04 15:20:01.674 [warning] [ms-vscode.cpptools] Accessing a resource scoped configuration without providing a resource is not expected. To get the effective value for 'C_Cpp.default.dotConfig', provide the URI of a resource or 'null' for any resource.
2026-06-04 15:20:01.675 [warning] [ms-vscode.cpptools] Accessing a resource scoped configuration without providing a resource is not expected. To get the effective value for 'C_Cpp.default.recursiveIncludes.reduce', provide the URI of a resource or 'null' for any resource.
2026-06-04 15:20:01.676 [warning] [ms-vscode.cpptools] Accessing a resource scoped configuration without providing a resource is not expected. To get the effective value for 'C_Cpp.default.recursiveIncludes.priority', provide the URI of a resource or 'null' for any resource.
2026-06-04 15:20:01.676 [warning] [ms-vscode.cpptools] Accessing a resource scoped configuration without providing a resource is not expected. To get the effective value for 'C_Cpp.default.recursiveIncludes.order', provide the URI of a resource or 'null' for any resource.
2026-06-04 15:20:01.677 [warning] [ms-vscode.cpptools] Accessing a resource scoped configuration without providing a resource is not expected. To get the effective value for 'C_Cpp.configurationWarnings', provide the URI of a resource or 'null' for any resource.
2026-06-04 15:20:01.678 [warning] [ms-vscode.cpptools] Accessing a resource scoped configuration without providing a resource is not expected. To get the effective value for 'C_Cpp.intelliSenseEngine', provide the URI of a resource or 'null' for any resource.
2026-06-04 15:20:01.678 [warning] [ms-vscode.cpptools] Accessing a resource scoped configuration without providing a resource is not expected. To get the effective value for 'C_Cpp.exclusionPolicy', provide the URI of a resource or 'null' for any resource.
2026-06-04 15:20:01.679 [warning] [ms-vscode.cpptools] Accessing a resource scoped configuration without providing a resource is not expected. To get the effective value for 'C_Cpp.files.exclude', provide the URI of a resource or 'null' for any resource.
2026-06-04 15:20:01.680 [warning] [ms-vscode.cpptools] Accessing a resource scoped configuration without providing a resource is not expected. To get the effective value for 'C_Cpp.vcFormat.indent.braces', provide the URI of a resource or 'null' for any resource.
2026-06-04 15:20:01.680 [warning] [ms-vscode.cpptools] Accessing a resource scoped configuration without providing a resource is not expected. To get the effective value for 'C_Cpp.vcFormat.indent.multiLineRelativeTo', provide the URI of a resource or 'null' for any resource.
2026-06-04 15:20:01.681 [warning] [ms-vscode.cpptools] Accessing a resource scoped configuration without providing a resource is not expected. To get the effective value for 'C_Cpp.vcFormat.indent.withinParentheses', provide the URI of a resource or 'null' for any resource.
2026-06-04 15:20:01.681 [warning] [ms-vscode.cpptools] Accessing a resource scoped configuration without providing a resource is not expected. To get the effective value for 'C_Cpp.vcFormat.indent.preserveWithinParentheses', provide the URI of a resource or 'null' for any resource.
2026-06-04 15:20:01.682 [warning] [ms-vscode.cpptools] Accessing a resource scoped configuration without providing a resource is not expected. To get the effective value for 'C_Cpp.vcFormat.indent.caseLabels', provide the URI of a resource or 'null' for any resource.
2026-06-04 15:20:01.682 [warning] [ms-vscode.cpptools] Accessing a resource scoped configuration without providing a resource is not expected. To get the effective value for 'C_Cpp.vcFormat.indent.caseContents', provide the URI of a resource or 'null' for any resource.
2026-06-04 15:20:01.683 [warning] [ms-vscode.cpptools] Accessing a resource scoped configuration without providing a resource is not expected. To get the effective value for 'C_Cpp.vcFormat.indent.caseContentsWhenBlock', provide the URI of a resource or 'null' for any resource.
2026-06-04 15:20:01.683 [warning] [ms-vscode.cpptools] Accessing a resource scoped configuration without providing a resource is not expected. To get the effective value for 'C_Cpp.vcFormat.indent.lambdaBracesWhenParameter', provide the URI of a resource or 'null' for any resource.
2026-06-04 15:20:01.684 [warning] [ms-vscode.cpptools] Accessing a resource scoped configuration without providing a resource is not expected. To get the effective value for 'C_Cpp.vcFormat.indent.gotoLabels', provide the URI of a resource or 'null' for any resource.
2026-06-04 15:20:01.684 [warning] [ms-vscode.cpptools] Accessing a resource scoped configuration without providing a resource is not expected. To get the effective value for 'C_Cpp.vcFormat.indent.preprocessor', provide the URI of a resource or 'null' for any resource.
2026-06-04 15:20:01.685 [warning] [ms-vscode.cpptools] Accessing a resource scoped configuration without providing a resource is not expected. To get the effective value for 'C_Cpp.vcFormat.indent.accessSpecifiers', provide the URI of a resource or 'null' for any resource.
2026-06-04 15:20:01.685 [warning] [ms-vscode.cpptools] Accessing a resource scoped configuration without providing a resource is not expected. To get the effective value for 'C_Cpp.vcFormat.indent.namespaceContents', provide the URI of a resource or 'null' for any resource.
2026-06-04 15:20:01.685 [warning] [ms-vscode.cpptools] Accessing a resource scoped configuration without providing a resource is not expected. To get the effective value for 'C_Cpp.vcFormat.indent.preserveComments', provide the URI of a resource or 'null' for any resource.
2026-06-04 15:20:01.686 [warning] [ms-vscode.cpptools] Accessing a resource scoped configuration without providing a resource is not expected. To get the effective value for 'C_Cpp.vcFormat.newLine.beforeOpenBrace.namespace', provide the URI of a resource or 'null' for any resource.
2026-06-04 15:20:01.687 [warning] [ms-vscode.cpptools] Accessing a resource scoped configuration without providing a resource is not expected. To get the effective value for 'C_Cpp.vcFormat.newLine.beforeOpenBrace.type', provide the URI of a resource or 'null' for any resource.
2026-06-04 15:20:01.687 [warning] [ms-vscode.cpptools] Accessing a resource scoped configuration without providing a resource is not expected. To get the effective value for 'C_Cpp.vcFormat.newLine.beforeOpenBrace.function', provide the URI of a resource or 'null' for any resource.
2026-06-04 15:20:01.688 [warning] [ms-vscode.cpptools] Accessing a resource scoped configuration without providing a resource is not expected. To get the effective value for 'C_Cpp.vcFormat.newLine.beforeOpenBrace.block', provide the URI of a resource or 'null' for any resource.
2026-06-04 15:20:01.688 [warning] [ms-vscode.cpptools] Accessing a resource scoped configuration without providing a resource is not expected. To get the effective value for 'C_Cpp.vcFormat.newLine.beforeOpenBrace.lambda', provide the URI of a resource or 'null' for any resource.
2026-06-04 15:20:01.689 [warning] [ms-vscode.cpptools] Accessing a resource scoped configuration without providing a resource is not expected. To get the effective value for 'C_Cpp.vcFormat.newLine.scopeBracesOnSeparateLines', provide the URI of a resource or 'null' for any resource.
2026-06-04 15:20:01.689 [warning] [ms-vscode.cpptools] Accessing a resource scoped configuration without providing a resource is not expected. To get the effective value for 'C_Cpp.vcFormat.newLine.closeBraceSameLine.emptyType', provide the URI of a resource or 'null' for any resource.
2026-06-04 15:20:01.690 [warning] [ms-vscode.cpptools] Accessing a resource scoped configuration without providing a resource is not expected. To get the effective value for 'C_Cpp.vcFormat.newLine.closeBraceSameLine.emptyFunction', provide the URI of a resource or 'null' for any resource.
2026-06-04 15:20:01.690 [warning] [ms-vscode.cpptools] Accessing a resource scoped configuration without providing a resource is not expected. To get the effective value for 'C_Cpp.vcFormat.newLine.beforeCatch', provide the URI of a resource or 'null' for any resource.
2026-06-04 15:20:01.691 [warning] [ms-vscode.cpptools] Accessing a resource scoped configuration without providing a resource is not expected. To get the effective value for 'C_Cpp.vcFormat.newLine.beforeElse', provide the URI of a resource or 'null' for any resource.
2026-06-04 15:20:01.691 [warning] [ms-vscode.cpptools] Accessing a resource scoped configuration without providing a resource is not expected. To get the effective value for 'C_Cpp.vcFormat.newLine.beforeWhileInDoWhile', provide the URI of a resource or 'null' for any resource.
2026-06-04 15:20:01.692 [warning] [ms-vscode.cpptools] Accessing a resource scoped configuration without providing a resource is not expected. To get the effective value for 'C_Cpp.vcFormat.space.beforeFunctionOpenParenthesis', provide the URI of a resource or 'null' for any resource.
2026-06-04 15:20:01.693 [warning] [ms-vscode.cpptools] Accessing a resource scoped configuration without providing a resource is not expected. To get the effective value for 'C_Cpp.vcFormat.space.withinParameterListParentheses', provide the URI of a resource or 'null' for any resource.
2026-06-04 15:20:01.693 [warning] [ms-vscode.cpptools] Accessing a resource scoped configuration without providing a resource is not expected. To get the effective value for 'C_Cpp.vcFormat.space.betweenEmptyParameterListParentheses', provide the URI of a resource or 'null' for any resource.
2026-06-04 15:20:01.694 [warning] [ms-vscode.cpptools] Accessing a resource scoped configuration without providing a resource is not expected. To get the effective value for 'C_Cpp.vcFormat.space.afterKeywordsInControlFlowStatements', provide the URI of a resource or 'null' for any resource.
2026-06-04 15:20:01.694 [warning] [ms-vscode.cpptools] Accessing a resource scoped configuration without providing a resource is not expected. To get the effective value for 'C_Cpp.vcFormat.space.withinControlFlowStatementParentheses', provide the URI of a resource or 'null' for any resource.
2026-06-04 15:20:01.695 [warning] [ms-vscode.cpptools] Accessing a resource scoped configuration without providing a resource is not expected. To get the effective value for 'C_Cpp.vcFormat.space.beforeLambdaOpenParenthesis', provide the URI of a resource or 'null' for any resource.
2026-06-04 15:20:01.695 [warning] [ms-vscode.cpptools] Accessing a resource scoped configuration without providing a resource is not expected. To get the effective value for 'C_Cpp.vcFormat.space.withinCastParentheses', provide the URI of a resource or 'null' for any resource.
2026-06-04 15:20:01.696 [warning] [ms-vscode.cpptools] Accessing a resource scoped configuration without providing a resource is not expected. To get the effective value for 'C_Cpp.vcFormat.space.afterCastCloseParenthesis', provide the URI of a resource or 'null' for any resource.
2026-06-04 15:20:01.696 [warning] [ms-vscode.cpptools] Accessing a resource scoped configuration without providing a resource is not expected. To get the effective value for 'C_Cpp.vcFormat.space.withinExpressionParentheses', provide the URI of a resource or 'null' for any resource.
2026-06-04 15:20:01.696 [warning] [ms-vscode.cpptools] Accessing a resource scoped configuration without providing a resource is not expected. To get the effective value for 'C_Cpp.vcFormat.space.beforeBlockOpenBrace', provide the URI of a resource or 'null' for any resource.
2026-06-04 15:20:01.697 [warning] [ms-vscode.cpptools] Accessing a resource scoped configuration without providing a resource is not expected. To get the effective value for 'C_Cpp.vcFormat.space.betweenEmptyBraces', provide the URI of a resource or 'null' for any resource.
2026-06-04 15:20:01.697 [warning] [ms-vscode.cpptools] Accessing a resource scoped configuration without providing a resource is not expected. To get the effective value for 'C_Cpp.vcFormat.space.beforeInitializerListOpenBrace', provide the URI of a resource or 'null' for any resource.
2026-06-04 15:20:01.698 [warning] [ms-vscode.cpptools] Accessing a resource scoped configuration without providing a resource is not expected. To get the effective value for 'C_Cpp.vcFormat.space.withinInitializerListBraces', provide the URI of a resource or 'null' for any resource.
2026-06-04 15:20:01.698 [warning] [ms-vscode.cpptools] Accessing a resource scoped configuration without providing a resource is not expected. To get the effective value for 'C_Cpp.vcFormat.space.preserveInInitializerList', provide the URI of a resource or 'null' for any resource.
2026-06-04 15:20:01.699 [warning] [ms-vscode.cpptools] Accessing a resource scoped configuration without providing a resource is not expected. To get the effective value for 'C_Cpp.vcFormat.space.beforeOpenSquareBracket', provide the URI of a resource or 'null' for any resource.
2026-06-04 15:20:01.700 [warning] [ms-vscode.cpptools] Accessing a resource scoped configuration without providing a resource is not expected. To get the effective value for 'C_Cpp.vcFormat.space.withinSquareBrackets', provide the URI of a resource or 'null' for any resource.
2026-06-04 15:20:01.700 [warning] [ms-vscode.cpptools] Accessing a resource scoped configuration without providing a resource is not expected. To get the effective value for 'C_Cpp.vcFormat.space.beforeEmptySquareBrackets', provide the URI of a resource or 'null' for any resource.
2026-06-04 15:20:01.701 [warning] [ms-vscode.cpptools] Accessing a resource scoped configuration without providing a resource is not expected. To get the effective value for 'C_Cpp.vcFormat.space.betweenEmptySquareBrackets', provide the URI of a resource or 'null' for any resource.
2026-06-04 15:20:01.701 [warning] [ms-vscode.cpptools] Accessing a resource scoped configuration without providing a resource is not expected. To get the effective value for 'C_Cpp.vcFormat.space.groupSquareBrackets', provide the URI of a resource or 'null' for any resource.
2026-06-04 15:20:01.702 [warning] [ms-vscode.cpptools] Accessing a resource scoped configuration without providing a resource is not expected. To get the effective value for 'C_Cpp.vcFormat.space.withinLambdaBrackets', provide the URI of a resource or 'null' for any resource.
2026-06-04 15:20:01.702 [warning] [ms-vscode.cpptools] Accessing a resource scoped configuration without providing a resource is not expected. To get the effective value for 'C_Cpp.vcFormat.space.betweenEmptyLambdaBrackets', provide the URI of a resource or 'null' for any resource.
2026-06-04 15:20:01.703 [warning] [ms-vscode.cpptools] Accessing a resource scoped configuration without providing a resource is not expected. To get the effective value for 'C_Cpp.vcFormat.space.beforeComma', provide the URI of a resource or 'null' for any resource.
2026-06-04 15:20:01.703 [warning] [ms-vscode.cpptools] Accessing a resource scoped configuration without providing a resource is not expected. To get the effective value for 'C_Cpp.vcFormat.space.afterComma', provide the URI of a resource or 'null' for any resource.
2026-06-04 15:20:01.704 [warning] [ms-vscode.cpptools] Accessing a resource scoped configuration without providing a resource is not expected. To get the effective value for 'C_Cpp.vcFormat.space.removeAroundMemberOperators', provide the URI of a resource or 'null' for any resource.
2026-06-04 15:20:01.704 [warning] [ms-vscode.cpptools] Accessing a resource scoped configuration without providing a resource is not expected. To get the effective value for 'C_Cpp.vcFormat.space.beforeInheritanceColon', provide the URI of a resource or 'null' for any resource.
2026-06-04 15:20:01.705 [warning] [ms-vscode.cpptools] Accessing a resource scoped configuration without providing a resource is not expected. To get the effective value for 'C_Cpp.vcFormat.space.beforeConstructorColon', provide the URI of a resource or 'null' for any resource.
2026-06-04 15:20:01.705 [warning] [ms-vscode.cpptools] Accessing a resource scoped configuration without providing a resource is not expected. To get the effective value for 'C_Cpp.vcFormat.space.removeBeforeSemicolon', provide the URI of a resource or 'null' for any resource.
2026-06-04 15:20:01.706 [warning] [ms-vscode.cpptools] Accessing a resource scoped configuration without providing a resource is not expected. To get the effective value for 'C_Cpp.vcFormat.space.insertAfterSemicolon', provide the URI of a resource or 'null' for any resource.
2026-06-04 15:20:01.706 [warning] [ms-vscode.cpptools] Accessing a resource scoped configuration without providing a resource is not expected. To get the effective value for 'C_Cpp.vcFormat.space.removeAroundUnaryOperator', provide the URI of a resource or 'null' for any resource.
2026-06-04 15:20:01.707 [warning] [ms-vscode.cpptools] Accessing a resource scoped configuration without providing a resource is not expected. To get the effective value for 'C_Cpp.vcFormat.space.aroundBinaryOperator', provide the URI of a resource or 'null' for any resource.
2026-06-04 15:20:01.707 [warning] [ms-vscode.cpptools] Accessing a resource scoped configuration without providing a resource is not expected. To get the effective value for 'C_Cpp.vcFormat.space.aroundAssignmentOperator', provide the URI of a resource or 'null' for any resource.
2026-06-04 15:20:01.707 [warning] [ms-vscode.cpptools] Accessing a resource scoped configuration without providing a resource is not expected. To get the effective value for 'C_Cpp.vcFormat.space.pointerReferenceAlignment', provide the URI of a resource or 'null' for any resource.
2026-06-04 15:20:01.708 [warning] [ms-vscode.cpptools] Accessing a resource scoped configuration without providing a resource is not expected. To get the effective value for 'C_Cpp.vcFormat.space.aroundTernaryOperator', provide the URI of a resource or 'null' for any resource.
2026-06-04 15:20:01.708 [warning] [ms-vscode.cpptools] Accessing a resource scoped configuration without providing a resource is not expected. To get the effective value for 'C_Cpp.vcFormat.wrap.preserveBlocks', provide the URI of a resource or 'null' for any resource.
2026-06-04 15:20:01.709 [warning] [ms-vscode.cpptools] Accessing a resource scoped configuration without providing a resource is not expected. To get the effective value for 'C_Cpp.clang_format_style', provide the URI of a resource or 'null' for any resource.
2026-06-04 15:20:01.710 [warning] [ms-vscode.cpptools] Accessing a resource scoped configuration without providing a resource is not expected. To get the effective value for 'C_Cpp.formatting', provide the URI of a resource or 'null' for any resource.
2026-06-04 15:20:01.710 [warning] [ms-vscode.cpptools] Accessing a resource scoped configuration without providing a resource is not expected. To get the effective value for 'C_Cpp.clang_format_fallbackStyle', provide the URI of a resource or 'null' for any resource.
2026-06-04 15:20:01.710 [warning] [ms-vscode.cpptools] Accessing a resource scoped configuration without providing a resource is not expected. To get the effective value for 'C_Cpp.clang_format_sortIncludes', provide the URI of a resource or 'null' for any resource.
2026-06-04 15:20:01.711 [warning] [ms-vscode.cpptools] Accessing a resource scoped configuration without providing a resource is not expected. To get the effective value for 'C_Cpp.doxygen.generateOnType', provide the URI of a resource or 'null' for any resource.
2026-06-04 15:20:01.711 [warning] [ms-vscode.cpptools] Accessing a resource scoped configuration without providing a resource is not expected. To get the effective value for 'C_Cpp.doxygen.generateOnCodeAction', provide the URI of a resource or 'null' for any resource.
2026-06-04 15:20:01.712 [warning] [ms-vscode.cpptools] Accessing a resource scoped configuration without providing a resource is not expected. To get the effective value for 'C_Cpp.doxygen.generatedStyle', provide the URI of a resource or 'null' for any resource.
2026-06-04 15:20:01.712 [warning] [ms-vscode.cpptools] Accessing a resource scoped configuration without providing a resource is not expected. To get the effective value for 'C_Cpp.doxygen.sectionTags', provide the URI of a resource or 'null' for any resource.
2026-06-04 15:20:01.713 [warning] [ms-vscode.cpptools] Accessing a resource scoped configuration without providing a resource is not expected. To get the effective value for 'C_Cpp.markdownInComments', provide the URI of a resource or 'null' for any resource.
2026-06-04 15:20:01.715 [warning] [ms-vscode.cpptools] Accessing a resource scoped configuration without providing a resource is not expected. To get the effective value for 'C_Cpp.codeAnalysis.exclude', provide the URI of a resource or 'null' for any resource.
2026-06-04 15:20:01.716 [warning] [ms-vscode.cpptools] Accessing a resource scoped configuration without providing a resource is not expected. To get the effective value for 'C_Cpp.codeAnalysis.clangTidy.codeAction.formatFixes', provide the URI of a resource or 'null' for any resource.
2026-06-04 15:20:01.718 [warning] [ms-vscode.cpptools] Accessing a resource scoped configuration without providing a resource is not expected. To get the effective value for 'C_Cpp.codeAnalysis.clangTidy.enabled', provide the URI of a resource or 'null' for any resource.
2026-06-04 15:20:01.719 [warning] [ms-vscode.cpptools] Accessing a resource scoped configuration without providing a resource is not expected. To get the effective value for 'C_Cpp.codeAnalysis.clangTidy.config', provide the URI of a resource or 'null' for any resource.
2026-06-04 15:20:01.720 [warning] [ms-vscode.cpptools] Accessing a resource scoped configuration without providing a resource is not expected. To get the effective value for 'C_Cpp.codeAnalysis.clangTidy.fallbackConfig', provide the URI of a resource or 'null' for any resource.
2026-06-04 15:20:01.720 [warning] [ms-vscode.cpptools] Accessing a resource scoped configuration without providing a resource is not expected. To get the effective value for 'C_Cpp.codeAnalysis.clangTidy.headerFilter', provide the URI of a resource or 'null' for any resource.
2026-06-04 15:20:01.721 [warning] [ms-vscode.cpptools] Accessing a resource scoped configuration without providing a resource is not expected. To get the effective value for 'C_Cpp.codeAnalysis.clangTidy.args', provide the URI of a resource or 'null' for any resource.
2026-06-04 15:20:01.813 [warning] [ms-vscode.cpptools] Accessing a resource scoped configuration without providing a resource is not expected. To get the effective value for 'C_Cpp.codeAnalysis.clangTidy.useBuildPath', provide the URI of a resource or 'null' for any resource.
2026-06-04 15:20:01.814 [warning] [ms-vscode.cpptools] Accessing a resource scoped configuration without providing a resource is not expected. To get the effective value for 'C_Cpp.codeAnalysis.clangTidy.checks.enabled', provide the URI of a resource or 'null' for any resource.
2026-06-04 15:20:01.814 [warning] [ms-vscode.cpptools] Accessing a resource scoped configuration without providing a resource is not expected. To get the effective value for 'C_Cpp.codeAnalysis.clangTidy.checks.disabled', provide the URI of a resource or 'null' for any resource.
2026-06-04 15:20:01.815 [warning] [ms-vscode.cpptools] Accessing a resource scoped configuration without providing a resource is not expected. To get the effective value for 'C_Cpp.codeAnalysis.runAutomatically', provide the URI of a resource or 'null' for any resource.
2026-06-04 15:20:01.816 [warning] [ms-vscode.cpptools] Accessing a resource scoped configuration without providing a resource is not expected. To get the effective value for 'C_Cpp.debugShortcut', provide the URI of a resource or 'null' for any resource.
2026-06-04 15:20:01.821 [warning] [ms-vscode.cpptools] Accessing a resource scoped configuration without providing a resource is not expected. To get the effective value for 'C_Cpp.vcpkg.enabled', provide the URI of a resource or 'null' for any resource.
2026-06-04 15:20:01.834 [warning] Accessing a resource scoped configuration without providing a resource is not expected. To get the effective value for 'files.watcherExclude', provide the URI of a resource or 'null' for any resource.
2026-06-04 15:20:02.248 [warning] [ms-vscode.cpptools] Accessing a resource scoped configuration without providing a resource is not expected. To get the effective value for 'C_Cpp.inlayHints.autoDeclarationTypes.enabled', provide the URI of a resource or 'null' for any resource.
2026-06-04 15:20:02.248 [warning] [ms-vscode.cpptools] Accessing a resource scoped configuration without providing a resource is not expected. To get the effective value for 'C_Cpp.inlayHints.autoDeclarationTypes.showOnLeft', provide the URI of a resource or 'null' for any resource.
2026-06-04 15:20:02.248 [warning] [ms-vscode.cpptools] Accessing a resource scoped configuration without providing a resource is not expected. To get the effective value for 'C_Cpp.inlayHints.parameterNames.enabled', provide the URI of a resource or 'null' for any resource.
2026-06-04 15:20:02.248 [warning] [ms-vscode.cpptools] Accessing a resource scoped configuration without providing a resource is not expected. To get the effective value for 'C_Cpp.inlayHints.parameterNames.suppressWhenArgumentContainsName', provide the URI of a resource or 'null' for any resource.
2026-06-04 15:20:02.248 [warning] [ms-vscode.cpptools] Accessing a resource scoped configuration without providing a resource is not expected. To get the effective value for 'C_Cpp.inlayHints.parameterNames.hideLeadingUnderscores', provide the URI of a resource or 'null' for any resource.
2026-06-04 15:20:02.248 [warning] [ms-vscode.cpptools] Accessing a resource scoped configuration without providing a resource is not expected. To get the effective value for 'C_Cpp.inlayHints.referenceOperator.enabled', provide the URI of a resource or 'null' for any resource.
2026-06-04 15:20:02.248 [warning] [ms-vscode.cpptools] Accessing a resource scoped configuration without providing a resource is not expected. To get the effective value for 'C_Cpp.inlayHints.referenceOperator.showSpace', provide the URI of a resource or 'null' for any resource.
2026-06-04 15:20:02.248 [warning] [ms-vscode.cpptools] Accessing a resource scoped configuration without providing a resource is not expected. To get the effective value for 'C_Cpp.autocompleteAddParentheses', provide the URI of a resource or 'null' for any resource.
2026-06-04 15:20:02.248 [warning] [ms-vscode.cpptools] Accessing a resource scoped configuration without providing a resource is not expected. To get the effective value for 'C_Cpp.suggestSnippets', provide the URI of a resource or 'null' for any resource.
2026-06-04 15:20:02.248 [warning] [ms-vscode.cpptools] Accessing a resource scoped configuration without providing a resource is not expected. To get the effective value for 'C_Cpp.legacyCompilerArgsBehavior', provide the URI of a resource or 'null' for any resource.
2026-06-04 15:20:02.248 [warning] [ms-vscode.cpptools] Accessing a resource scoped configuration without providing a resource is not expected. To get the effective value for 'C_Cpp.autocomplete', provide the URI of a resource or 'null' for any resource.
2026-06-04 15:20:02.248 [warning] [ms-vscode.cpptools] Accessing a resource scoped configuration without providing a resource is not expected. To get the effective value for 'C_Cpp.hover', provide the URI of a resource or 'null' for any resource.
2026-06-04 15:20:02.248 [warning] [ms-vscode.cpptools] Accessing a resource scoped configuration without providing a resource is not expected. To get the effective value for 'C_Cpp.errorSquiggles', provide the URI of a resource or 'null' for any resource.
2026-06-04 15:20:02.249 [warning] [ms-vscode.cpptools] Accessing a resource scoped configuration without providing a resource is not expected. To get the effective value for 'C_Cpp.dimInactiveRegions', provide the URI of a resource or 'null' for any resource.
2026-06-04 15:20:02.249 [warning] [ms-vscode.cpptools] Accessing a resource scoped configuration without providing a resource is not expected. To get the effective value for 'C_Cpp.inactiveRegionOpacity', provide the URI of a resource or 'null' for any resource.
2026-06-04 15:20:02.249 [warning] [ms-vscode.cpptools] Accessing a resource scoped configuration without providing a resource is not expected. To get the effective value for 'C_Cpp.inactiveRegionForegroundColor', provide the URI of a resource or 'null' for any resource.
2026-06-04 15:20:02.249 [warning] [ms-vscode.cpptools] Accessing a resource scoped configuration without providing a resource is not expected. To get the effective value for 'C_Cpp.inactiveRegionBackgroundColor', provide the URI of a resource or 'null' for any resource.
2026-06-04 15:20:02.249 [warning] [ms-vscode.cpptools] Accessing a resource scoped configuration without providing a resource is not expected. To get the effective value for 'C_Cpp.refactoring.includeHeader', provide the URI of a resource or 'null' for any resource.
2026-06-04 15:20:02.249 [warning] [ms-vscode.cpptools] Accessing a resource scoped configuration without providing a resource is not expected. To get the effective value for 'C_Cpp.default.cStandard', provide the URI of a resource or 'null' for any resource.
2026-06-04 15:20:02.249 [warning] [ms-vscode.cpptools] Accessing a resource scoped configuration without providing a resource is not expected. To get the effective value for 'C_Cpp.default.cppStandard', provide the URI of a resource or 'null' for any resource.
2026-06-04 15:20:02.249 [warning] [ms-vscode.cpptools] Accessing a resource scoped configuration without providing a resource is not expected. To get the effective value for 'C_Cpp.default.configurationProvider', provide the URI of a resource or 'null' for any resource.
2026-06-04 15:20:02.249 [warning] [ms-vscode.cpptools] Accessing a resource scoped configuration without providing a resource is not expected. To get the effective value for 'C_Cpp.default.mergeConfigurations', provide the URI of a resource or 'null' for any resource.
2026-06-04 15:20:02.250 [warning] [ms-vscode.cpptools] Accessing a resource scoped configuration without providing a resource is not expected. To get the effective value for 'C_Cpp.default.browse.limitSymbolsToIncludedHeaders', provide the URI of a resource or 'null' for any resource.
2026-06-04 15:20:02.250 [warning] [ms-vscode.cpptools] Accessing a resource scoped configuration without providing a resource is not expected. To get the effective value for 'C_Cpp.default.enableConfigurationSquiggles', provide the URI of a resource or 'null' for any resource.
2026-06-04 15:20:02.250 [warning] [ms-vscode.cpptools] Accessing a resource scoped configuration without providing a resource is not expected. To get the effective value for 'C_Cpp.default.dotConfig', provide the URI of a resource or 'null' for any resource.
2026-06-04 15:20:02.250 [warning] [ms-vscode.cpptools] Accessing a resource scoped configuration without providing a resource is not expected. To get the effective value for 'C_Cpp.default.recursiveIncludes.reduce', provide the URI of a resource or 'null' for any resource.
2026-06-04 15:20:02.250 [warning] [ms-vscode.cpptools] Accessing a resource scoped configuration without providing a resource is not expected. To get the effective value for 'C_Cpp.default.recursiveIncludes.priority', provide the URI of a resource or 'null' for any resource.
2026-06-04 15:20:02.250 [warning] [ms-vscode.cpptools] Accessing a resource scoped configuration without providing a resource is not expected. To get the effective value for 'C_Cpp.default.recursiveIncludes.order', provide the URI of a resource or 'null' for any resource.
2026-06-04 15:20:02.250 [warning] [ms-vscode.cpptools] Accessing a resource scoped configuration without providing a resource is not expected. To get the effective value for 'C_Cpp.configurationWarnings', provide the URI of a resource or 'null' for any resource.
2026-06-04 15:20:02.250 [warning] [ms-vscode.cpptools] Accessing a resource scoped configuration without providing a resource is not expected. To get the effective value for 'C_Cpp.intelliSenseEngine', provide the URI of a resource or 'null' for any resource.
2026-06-04 15:20:02.250 [warning] [ms-vscode.cpptools] Accessing a resource scoped configuration without providing a resource is not expected. To get the effective value for 'C_Cpp.exclusionPolicy', provide the URI of a resource or 'null' for any resource.
2026-06-04 15:20:02.250 [warning] [ms-vscode.cpptools] Accessing a resource scoped configuration without providing a resource is not expected. To get the effective value for 'C_Cpp.files.exclude', provide the URI of a resource or 'null' for any resource.
2026-06-04 15:20:02.251 [warning] [ms-vscode.cpptools] Accessing a resource scoped configuration without providing a resource is not expected. To get the effective value for 'C_Cpp.vcFormat.indent.braces', provide the URI of a resource or 'null' for any resource.
2026-06-04 15:20:02.251 [warning] [ms-vscode.cpptools] Accessing a resource scoped configuration without providing a resource is not expected. To get the effective value for 'C_Cpp.vcFormat.indent.multiLineRelativeTo', provide the URI of a resource or 'null' for any resource.
2026-06-04 15:20:02.251 [warning] [ms-vscode.cpptools] Accessing a resource scoped configuration without providing a resource is not expected. To get the effective value for 'C_Cpp.vcFormat.indent.withinParentheses', provide the URI of a resource or 'null' for any resource.
2026-06-04 15:20:02.251 [warning] [ms-vscode.cpptools] Accessing a resource scoped configuration without providing a resource is not expected. To get the effective value for 'C_Cpp.vcFormat.indent.preserveWithinParentheses', provide the URI of a resource or 'null' for any resource.
2026-06-04 15:20:02.251 [warning] [ms-vscode.cpptools] Accessing a resource scoped configuration without providing a resource is not expected. To get the effective value for 'C_Cpp.vcFormat.indent.caseLabels', provide the URI of a resource or 'null' for any resource.
2026-06-04 15:20:02.251 [warning] [ms-vscode.cpptools] Accessing a resource scoped configuration without providing a resource is not expected. To get the effective value for 'C_Cpp.vcFormat.indent.caseContents', provide the URI of a resource or 'null' for any resource.
2026-06-04 15:20:02.251 [warning] [ms-vscode.cpptools] Accessing a resource scoped configuration without providing a resource is not expected. To get the effective value for 'C_Cpp.vcFormat.indent.caseContentsWhenBlock', provide the URI of a resource or 'null' for any resource.
2026-06-04 15:20:02.251 [warning] [ms-vscode.cpptools] Accessing a resource scoped configuration without providing a resource is not expected. To get the effective value for 'C_Cpp.vcFormat.indent.lambdaBracesWhenParameter', provide the URI of a resource or 'null' for any resource.
2026-06-04 15:20:02.251 [warning] [ms-vscode.cpptools] Accessing a resource scoped configuration without providing a resource is not expected. To get the effective value for 'C_Cpp.vcFormat.indent.gotoLabels', provide the URI of a resource or 'null' for any resource.
2026-06-04 15:20:02.251 [warning] [ms-vscode.cpptools] Accessing a resource scoped configuration without providing a resource is not expected. To get the effective value for 'C_Cpp.vcFormat.indent.preprocessor', provide the URI of a resource or 'null' for any resource.
2026-06-04 15:20:02.251 [warning] [ms-vscode.cpptools] Accessing a resource scoped configuration without providing a resource is not expected. To get the effective value for 'C_Cpp.vcFormat.indent.accessSpecifiers', provide the URI of a resource or 'null' for any resource.
2026-06-04 15:20:02.251 [warning] [ms-vscode.cpptools] Accessing a resource scoped configuration without providing a resource is not expected. To get the effective value for 'C_Cpp.vcFormat.indent.namespaceContents', provide the URI of a resource or 'null' for any resource.
2026-06-04 15:20:02.251 [warning] [ms-vscode.cpptools] Accessing a resource scoped configuration without providing a resource is not expected. To get the effective value for 'C_Cpp.vcFormat.indent.preserveComments', provide the URI of a resource or 'null' for any resource.
2026-06-04 15:20:02.251 [warning] [ms-vscode.cpptools] Accessing a resource scoped configuration without providing a resource is not expected. To get the effective value for 'C_Cpp.vcFormat.newLine.beforeOpenBrace.namespace', provide the URI of a resource or 'null' for any resource.
2026-06-04 15:20:02.251 [warning] [ms-vscode.cpptools] Accessing a resource scoped configuration without providing a resource is not expected. To get the effective value for 'C_Cpp.vcFormat.newLine.beforeOpenBrace.type', provide the URI of a resource or 'null' for any resource.
2026-06-04 15:20:02.251 [warning] [ms-vscode.cpptools] Accessing a resource scoped configuration without providing a resource is not expected. To get the effective value for 'C_Cpp.vcFormat.newLine.beforeOpenBrace.function', provide the URI of a resource or 'null' for any resource.
2026-06-04 15:20:02.251 [warning] [ms-vscode.cpptools] Accessing a resource scoped configuration without providing a resource is not expected. To get the effective value for 'C_Cpp.vcFormat.newLine.beforeOpenBrace.block', provide the URI of a resource or 'null' for any resource.
2026-06-04 15:20:02.251 [warning] [ms-vscode.cpptools] Accessing a resource scoped configuration without providing a resource is not expected. To get the effective value for 'C_Cpp.vcFormat.newLine.beforeOpenBrace.lambda', provide the URI of a resource or 'null' for any resource.
2026-06-04 15:20:02.251 [warning] [ms-vscode.cpptools] Accessing a resource scoped configuration without providing a resource is not expected. To get the effective value for 'C_Cpp.vcFormat.newLine.scopeBracesOnSeparateLines', provide the URI of a resource or 'null' for any resource.
2026-06-04 15:20:02.252 [warning] [ms-vscode.cpptools] Accessing a resource scoped configuration without providing a resource is not expected. To get the effective value for 'C_Cpp.vcFormat.newLine.closeBraceSameLine.emptyType', provide the URI of a resource or 'null' for any resource.
2026-06-04 15:20:02.252 [warning] [ms-vscode.cpptools] Accessing a resource scoped configuration without providing a resource is not expected. To get the effective value for 'C_Cpp.vcFormat.newLine.closeBraceSameLine.emptyFunction', provide the URI of a resource or 'null' for any resource.
2026-06-04 15:20:02.252 [warning] [ms-vscode.cpptools] Accessing a resource scoped configuration without providing a resource is not expected. To get the effective value for 'C_Cpp.vcFormat.newLine.beforeCatch', provide the URI of a resource or 'null' for any resource.
2026-06-04 15:20:02.252 [warning] [ms-vscode.cpptools] Accessing a resource scoped configuration without providing a resource is not expected. To get the effective value for 'C_Cpp.vcFormat.newLine.beforeElse', provide the URI of a resource or 'null' for any resource.
2026-06-04 15:20:02.252 [warning] [ms-vscode.cpptools] Accessing a resource scoped configuration without providing a resource is not expected. To get the effective value for 'C_Cpp.vcFormat.newLine.beforeWhileInDoWhile', provide the URI of a resource or 'null' for any resource.
2026-06-04 15:20:02.252 [warning] [ms-vscode.cpptools] Accessing a resource scoped configuration without providing a resource is not expected. To get the effective value for 'C_Cpp.vcFormat.space.beforeFunctionOpenParenthesis', provide the URI of a resource or 'null' for any resource.
2026-06-04 15:20:02.252 [warning] [ms-vscode.cpptools] Accessing a resource scoped configuration without providing a resource is not expected. To get the effective value for 'C_Cpp.vcFormat.space.withinParameterListParentheses', provide the URI of a resource or 'null' for any resource.
2026-06-04 15:20:02.252 [warning] [ms-vscode.cpptools] Accessing a resource scoped configuration without providing a resource is not expected. To get the effective value for 'C_Cpp.vcFormat.space.betweenEmptyParameterListParentheses', provide the URI of a resource or 'null' for any resource.
2026-06-04 15:20:02.252 [warning] [ms-vscode.cpptools] Accessing a resource scoped configuration without providing a resource is not expected. To get the effective value for 'C_Cpp.vcFormat.space.afterKeywordsInControlFlowStatements', provide the URI of a resource or 'null' for any resource.
2026-06-04 15:20:02.252 [warning] [ms-vscode.cpptools] Accessing a resource scoped configuration without providing a resource is not expected. To get the effective value for 'C_Cpp.vcFormat.space.withinControlFlowStatementParentheses', provide the URI of a resource or 'null' for any resource.
2026-06-04 15:20:02.252 [warning] [ms-vscode.cpptools] Accessing a resource scoped configuration without providing a resource is not expected. To get the effective value for 'C_Cpp.vcFormat.space.beforeLambdaOpenParenthesis', provide the URI of a resource or 'null' for any resource.
2026-06-04 15:20:02.252 [warning] [ms-vscode.cpptools] Accessing a resource scoped configuration without providing a resource is not expected. To get the effective value for 'C_Cpp.vcFormat.space.withinCastParentheses', provide the URI of a resource or 'null' for any resource.
2026-06-04 15:20:02.252 [warning] [ms-vscode.cpptools] Accessing a resource scoped configuration without providing a resource is not expected. To get the effective value for 'C_Cpp.vcFormat.space.afterCastCloseParenthesis', provide the URI of a resource or 'null' for any resource.
2026-06-04 15:20:02.252 [warning] [ms-vscode.cpptools] Accessing a resource scoped configuration without providing a resource is not expected. To get the effective value for 'C_Cpp.vcFormat.space.withinExpressionParentheses', provide the URI of a resource or 'null' for any resource.
2026-06-04 15:20:02.252 [warning] [ms-vscode.cpptools] Accessing a resource scoped configuration without providing a resource is not expected. To get the effective value for 'C_Cpp.vcFormat.space.beforeBlockOpenBrace', provide the URI of a resource or 'null' for any resource.
2026-06-04 15:20:02.252 [warning] [ms-vscode.cpptools] Accessing a resource scoped configuration without providing a resource is not expected. To get the effective value for 'C_Cpp.vcFormat.space.betweenEmptyBraces', provide the URI of a resource or 'null' for any resource.
2026-06-04 15:20:02.252 [warning] [ms-vscode.cpptools] Accessing a resource scoped configuration without providing a resource is not expected. To get the effective value for 'C_Cpp.vcFormat.space.beforeInitializerListOpenBrace', provide the URI of a resource or 'null' for any resource.
2026-06-04 15:20:02.252 [warning] [ms-vscode.cpptools] Accessing a resource scoped configuration without providing a resource is not expected. To get the effective value for 'C_Cpp.vcFormat.space.withinInitializerListBraces', provide the URI of a resource or 'null' for any resource.
2026-06-04 15:20:02.252 [warning] [ms-vscode.cpptools] Accessing a resource scoped configuration without providing a resource is not expected. To get the effective value for 'C_Cpp.vcFormat.space.preserveInInitializerList', provide the URI of a resource or 'null' for any resource.
2026-06-04 15:20:02.253 [warning] [ms-vscode.cpptools] Accessing a resource scoped configuration without providing a resource is not expected. To get the effective value for 'C_Cpp.vcFormat.space.beforeOpenSquareBracket', provide the URI of a resource or 'null' for any resource.
2026-06-04 15:20:02.253 [warning] [ms-vscode.cpptools] Accessing a resource scoped configuration without providing a resource is not expected. To get the effective value for 'C_Cpp.vcFormat.space.withinSquareBrackets', provide the URI of a resource or 'null' for any resource.
2026-06-04 15:20:02.253 [warning] [ms-vscode.cpptools] Accessing a resource scoped configuration without providing a resource is not expected. To get the effective value for 'C_Cpp.vcFormat.space.beforeEmptySquareBrackets', provide the URI of a resource or 'null' for any resource.
2026-06-04 15:20:02.253 [warning] [ms-vscode.cpptools] Accessing a resource scoped configuration without providing a resource is not expected. To get the effective value for 'C_Cpp.vcFormat.space.betweenEmptySquareBrackets', provide the URI of a resource or 'null' for any resource.
2026-06-04 15:20:02.253 [warning] [ms-vscode.cpptools] Accessing a resource scoped configuration without providing a resource is not expected. To get the effective value for 'C_Cpp.vcFormat.space.groupSquareBrackets', provide the URI of a resource or 'null' for any resource.
2026-06-04 15:20:02.253 [warning] [ms-vscode.cpptools] Accessing a resource scoped configuration without providing a resource is not expected. To get the effective value for 'C_Cpp.vcFormat.space.withinLambdaBrackets', provide the URI of a resource or 'null' for any resource.
2026-06-04 15:20:02.253 [warning] [ms-vscode.cpptools] Accessing a resource scoped configuration without providing a resource is not expected. To get the effective value for 'C_Cpp.vcFormat.space.betweenEmptyLambdaBrackets', provide the URI of a resource or 'null' for any resource.
2026-06-04 15:20:02.253 [warning] [ms-vscode.cpptools] Accessing a resource scoped configuration without providing a resource is not expected. To get the effective value for 'C_Cpp.vcFormat.space.beforeComma', provide the URI of a resource or 'null' for any resource.
2026-06-04 15:20:02.253 [warning] [ms-vscode.cpptools] Accessing a resource scoped configuration without providing a resource is not expected. To get the effective value for 'C_Cpp.vcFormat.space.afterComma', provide the URI of a resource or 'null' for any resource.
2026-06-04 15:20:02.253 [warning] [ms-vscode.cpptools] Accessing a resource scoped configuration without providing a resource is not expected. To get the effective value for 'C_Cpp.vcFormat.space.removeAroundMemberOperators', provide the URI of a resource or 'null' for any resource.
2026-06-04 15:20:02.253 [warning] [ms-vscode.cpptools] Accessing a resource scoped configuration without providing a resource is not expected. To get the effective value for 'C_Cpp.vcFormat.space.beforeInheritanceColon', provide the URI of a resource or 'null' for any resource.
2026-06-04 15:20:02.253 [warning] [ms-vscode.cpptools] Accessing a resource scoped configuration without providing a resource is not expected. To get the effective value for 'C_Cpp.vcFormat.space.beforeConstructorColon', provide the URI of a resource or 'null' for any resource.
2026-06-04 15:20:02.253 [warning] [ms-vscode.cpptools] Accessing a resource scoped configuration without providing a resource is not expected. To get the effective value for 'C_Cpp.vcFormat.space.removeBeforeSemicolon', provide the URI of a resource or 'null' for any resource.
2026-06-04 15:20:02.253 [warning] [ms-vscode.cpptools] Accessing a resource scoped configuration without providing a resource is not expected. To get the effective value for 'C_Cpp.vcFormat.space.insertAfterSemicolon', provide the URI of a resource or 'null' for any resource.
2026-06-04 15:20:02.253 [warning] [ms-vscode.cpptools] Accessing a resource scoped configuration without providing a resource is not expected. To get the effective value for 'C_Cpp.vcFormat.space.removeAroundUnaryOperator', provide the URI of a resource or 'null' for any resource.
2026-06-04 15:20:02.253 [warning] [ms-vscode.cpptools] Accessing a resource scoped configuration without providing a resource is not expected. To get the effective value for 'C_Cpp.vcFormat.space.aroundBinaryOperator', provide the URI of a resource or 'null' for any resource.
2026-06-04 15:20:02.253 [warning] [ms-vscode.cpptools] Accessing a resource scoped configuration without providing a resource is not expected. To get the effective value for 'C_Cpp.vcFormat.space.aroundAssignmentOperator', provide the URI of a resource or 'null' for any resource.
2026-06-04 15:20:02.253 [warning] [ms-vscode.cpptools] Accessing a resource scoped configuration without providing a resource is not expected. To get the effective value for 'C_Cpp.vcFormat.space.pointerReferenceAlignment', provide the URI of a resource or 'null' for any resource.
2026-06-04 15:20:02.253 [warning] [ms-vscode.cpptools] Accessing a resource scoped configuration without providing a resource is not expected. To get the effective value for 'C_Cpp.vcFormat.space.aroundTernaryOperator', provide the URI of a resource or 'null' for any resource.
2026-06-04 15:20:02.253 [warning] [ms-vscode.cpptools] Accessing a resource scoped configuration without providing a resource is not expected. To get the effective value for 'C_Cpp.vcFormat.wrap.preserveBlocks', provide the URI of a resource or 'null' for any resource.
2026-06-04 15:20:02.254 [warning] [ms-vscode.cpptools] Accessing a resource scoped configuration without providing a resource is not expected. To get the effective value for 'C_Cpp.clang_format_style', provide the URI of a resource or 'null' for any resource.
2026-06-04 15:20:02.254 [warning] [ms-vscode.cpptools] Accessing a resource scoped configuration without providing a resource is not expected. To get the effective value for 'C_Cpp.formatting', provide the URI of a resource or 'null' for any resource.
2026-06-04 15:20:02.254 [warning] [ms-vscode.cpptools] Accessing a resource scoped configuration without providing a resource is not expected. To get the effective value for 'C_Cpp.clang_format_fallbackStyle', provide the URI of a resource or 'null' for any resource.
2026-06-04 15:20:02.254 [warning] [ms-vscode.cpptools] Accessing a resource scoped configuration without providing a resource is not expected. To get the effective value for 'C_Cpp.clang_format_sortIncludes', provide the URI of a resource or 'null' for any resource.
2026-06-04 15:20:02.254 [warning] [ms-vscode.cpptools] Accessing a resource scoped configuration without providing a resource is not expected. To get the effective value for 'C_Cpp.doxygen.generateOnType', provide the URI of a resource or 'null' for any resource.
2026-06-04 15:20:02.254 [warning] [ms-vscode.cpptools] Accessing a resource scoped configuration without providing a resource is not expected. To get the effective value for 'C_Cpp.doxygen.generateOnCodeAction', provide the URI of a resource or 'null' for any resource.
2026-06-04 15:20:02.254 [warning] [ms-vscode.cpptools] Accessing a resource scoped configuration without providing a resource is not expected. To get the effective value for 'C_Cpp.doxygen.generatedStyle', provide the URI of a resource or 'null' for any resource.
2026-06-04 15:20:02.254 [warning] [ms-vscode.cpptools] Accessing a resource scoped configuration without providing a resource is not expected. To get the effective value for 'C_Cpp.doxygen.sectionTags', provide the URI of a resource or 'null' for any resource.
2026-06-04 15:20:02.254 [warning] [ms-vscode.cpptools] Accessing a resource scoped configuration without providing a resource is not expected. To get the effective value for 'C_Cpp.markdownInComments', provide the URI of a resource or 'null' for any resource.
2026-06-04 15:20:02.255 [warning] [ms-vscode.cpptools] Accessing a resource scoped configuration without providing a resource is not expected. To get the effective value for 'C_Cpp.codeAnalysis.exclude', provide the URI of a resource or 'null' for any resource.
2026-06-04 15:20:02.255 [warning] [ms-vscode.cpptools] Accessing a resource scoped configuration without providing a resource is not expected. To get the effective value for 'C_Cpp.codeAnalysis.clangTidy.codeAction.formatFixes', provide the URI of a resource or 'null' for any resource.
2026-06-04 15:20:02.255 [warning] [ms-vscode.cpptools] Accessing a resource scoped configuration without providing a resource is not expected. To get the effective value for 'C_Cpp.codeAnalysis.clangTidy.enabled', provide the URI of a resource or 'null' for any resource.
2026-06-04 15:20:02.255 [warning] [ms-vscode.cpptools] Accessing a resource scoped configuration without providing a resource is not expected. To get the effective value for 'C_Cpp.codeAnalysis.clangTidy.config', provide the URI of a resource or 'null' for any resource.
2026-06-04 15:20:02.255 [warning] [ms-vscode.cpptools] Accessing a resource scoped configuration without providing a resource is not expected. To get the effective value for 'C_Cpp.codeAnalysis.clangTidy.fallbackConfig', provide the URI of a resource or 'null' for any resource.
2026-06-04 15:20:02.255 [warning] [ms-vscode.cpptools] Accessing a resource scoped configuration without providing a resource is not expected. To get the effective value for 'C_Cpp.codeAnalysis.clangTidy.headerFilter', provide the URI of a resource or 'null' for any resource.
2026-06-04 15:20:02.255 [warning] [ms-vscode.cpptools] Accessing a resource scoped configuration without providing a resource is not expected. To get the effective value for 'C_Cpp.codeAnalysis.clangTidy.args', provide the URI of a resource or 'null' for any resource.
2026-06-04 15:20:02.255 [warning] [ms-vscode.cpptools] Accessing a resource scoped configuration without providing a resource is not expected. To get the effective value for 'C_Cpp.codeAnalysis.clangTidy.useBuildPath', provide the URI of a resource or 'null' for any resource.
2026-06-04 15:20:02.255 [warning] [ms-vscode.cpptools] Accessing a resource scoped configuration without providing a resource is not expected. To get the effective value for 'C_Cpp.codeAnalysis.clangTidy.checks.enabled', provide the URI of a resource or 'null' for any resource.
2026-06-04 15:20:02.255 [warning] [ms-vscode.cpptools] Accessing a resource scoped configuration without providing a resource is not expected. To get the effective value for 'C_Cpp.codeAnalysis.clangTidy.checks.disabled', provide the URI of a resource or 'null' for any resource.
2026-06-04 15:20:02.255 [warning] [ms-vscode.cpptools] Accessing a resource scoped configuration without providing a resource is not expected. To get the effective value for 'C_Cpp.codeAnalysis.runAutomatically', provide the URI of a resource or 'null' for any resource.
2026-06-04 15:20:02.256 [warning] [ms-vscode.cpptools] Accessing a resource scoped configuration without providing a resource is not expected. To get the effective value for 'C_Cpp.debugShortcut', provide the URI of a resource or 'null' for any resource.
2026-06-04 15:20:02.256 [warning] [ms-vscode.cpptools] Accessing a resource scoped configuration without providing a resource is not expected. To get the effective value for 'C_Cpp.vcpkg.enabled', provide the URI of a resource or 'null' for any resource.
2026-06-04 15:20:02.264 [warning] [ms-vscode.cpptools] Accessing a resource scoped configuration without providing a resource is not expected. To get the effective value for 'C_Cpp.inlayHints.autoDeclarationTypes.enabled', provide the URI of a resource or 'null' for any resource.
2026-06-04 15:20:02.265 [warning] [ms-vscode.cpptools] Accessing a resource scoped configuration without providing a resource is not expected. To get the effective value for 'C_Cpp.inlayHints.autoDeclarationTypes.showOnLeft', provide the URI of a resource or 'null' for any resource.
2026-06-04 15:20:02.265 [warning] [ms-vscode.cpptools] Accessing a resource scoped configuration without providing a resource is not expected. To get the effective value for 'C_Cpp.inlayHints.parameterNames.enabled', provide the URI of a resource or 'null' for any resource.
2026-06-04 15:20:02.265 [warning] [ms-vscode.cpptools] Accessing a resource scoped configuration without providing a resource is not expected. To get the effective value for 'C_Cpp.inlayHints.parameterNames.suppressWhenArgumentContainsName', provide the URI of a resource or 'null' for any resource.
2026-06-04 15:20:02.265 [warning] [ms-vscode.cpptools] Accessing a resource scoped configuration without providing a resource is not expected. To get the effective value for 'C_Cpp.inlayHints.parameterNames.hideLeadingUnderscores', provide the URI of a resource or 'null' for any resource.
2026-06-04 15:20:02.265 [warning] [ms-vscode.cpptools] Accessing a resource scoped configuration without providing a resource is not expected. To get the effective value for 'C_Cpp.inlayHints.referenceOperator.enabled', provide the URI of a resource or 'null' for any resource.
2026-06-04 15:20:02.265 [warning] [ms-vscode.cpptools] Accessing a resource scoped configuration without providing a resource is not expected. To get the effective value for 'C_Cpp.inlayHints.referenceOperator.showSpace', provide the URI of a resource or 'null' for any resource.
2026-06-04 15:20:02.265 [warning] [ms-vscode.cpptools] Accessing a resource scoped configuration without providing a resource is not expected. To get the effective value for 'C_Cpp.autocompleteAddParentheses', provide the URI of a resource or 'null' for any resource.
2026-06-04 15:20:02.265 [warning] [ms-vscode.cpptools] Accessing a resource scoped configuration without providing a resource is not expected. To get the effective value for 'C_Cpp.suggestSnippets', provide the URI of a resource or 'null' for any resource.
2026-06-04 15:20:02.265 [warning] [ms-vscode.cpptools] Accessing a resource scoped configuration without providing a resource is not expected. To get the effective value for 'C_Cpp.legacyCompilerArgsBehavior', provide the URI of a resource or 'null' for any resource.
2026-06-04 15:20:02.265 [warning] [ms-vscode.cpptools] Accessing a resource scoped configuration without providing a resource is not expected. To get the effective value for 'C_Cpp.autocomplete', provide the URI of a resource or 'null' for any resource.
2026-06-04 15:20:02.265 [warning] [ms-vscode.cpptools] Accessing a resource scoped configuration without providing a resource is not expected. To get the effective value for 'C_Cpp.hover', provide the URI of a resource or 'null' for any resource.
2026-06-04 15:20:02.265 [warning] [ms-vscode.cpptools] Accessing a resource scoped configuration without providing a resource is not expected. To get the effective value for 'C_Cpp.errorSquiggles', provide the URI of a resource or 'null' for any resource.
2026-06-04 15:20:02.265 [warning] [ms-vscode.cpptools] Accessing a resource scoped configuration without providing a resource is not expected. To get the effective value for 'C_Cpp.dimInactiveRegions', provide the URI of a resource or 'null' for any resource.
2026-06-04 15:20:02.265 [warning] [ms-vscode.cpptools] Accessing a resource scoped configuration without providing a resource is not expected. To get the effective value for 'C_Cpp.inactiveRegionOpacity', provide the URI of a resource or 'null' for any resource.
2026-06-04 15:20:02.266 [warning] [ms-vscode.cpptools] Accessing a resource scoped configuration without providing a resource is not expected. To get the effective value for 'C_Cpp.inactiveRegionForegroundColor', provide the URI of a resource or 'null' for any resource.
2026-06-04 15:20:02.266 [warning] [ms-vscode.cpptools] Accessing a resource scoped configuration without providing a resource is not expected. To get the effective value for 'C_Cpp.inactiveRegionBackgroundColor', provide the URI of a resource or 'null' for any resource.
2026-06-04 15:20:02.266 [warning] [ms-vscode.cpptools] Accessing a resource scoped configuration without providing a resource is not expected. To get the effective value for 'C_Cpp.refactoring.includeHeader', provide the URI of a resource or 'null' for any resource.
2026-06-04 15:20:02.267 [warning] [ms-vscode.cpptools] Accessing a resource scoped configuration without providing a resource is not expected. To get the effective value for 'C_Cpp.default.cStandard', provide the URI of a resource or 'null' for any resource.
2026-06-04 15:20:02.267 [warning] [ms-vscode.cpptools] Accessing a resource scoped configuration without providing a resource is not expected. To get the effective value for 'C_Cpp.default.cppStandard', provide the URI of a resource or 'null' for any resource.
2026-06-04 15:20:02.267 [warning] [ms-vscode.cpptools] Accessing a resource scoped configuration without providing a resource is not expected. To get the effective value for 'C_Cpp.default.configurationProvider', provide the URI of a resource or 'null' for any resource.
2026-06-04 15:20:02.267 [warning] [ms-vscode.cpptools] Accessing a resource scoped configuration without providing a resource is not expected. To get the effective value for 'C_Cpp.default.mergeConfigurations', provide the URI of a resource or 'null' for any resource.
2026-06-04 15:20:02.267 [warning] [ms-vscode.cpptools] Accessing a resource scoped configuration without providing a resource is not expected. To get the effective value for 'C_Cpp.default.browse.limitSymbolsToIncludedHeaders', provide the URI of a resource or 'null' for any resource.
2026-06-04 15:20:02.267 [warning] [ms-vscode.cpptools] Accessing a resource scoped configuration without providing a resource is not expected. To get the effective value for 'C_Cpp.default.enableConfigurationSquiggles', provide the URI of a resource or 'null' for any resource.
2026-06-04 15:20:02.267 [warning] [ms-vscode.cpptools] Accessing a resource scoped configuration without providing a resource is not expected. To get the effective value for 'C_Cpp.default.dotConfig', provide the URI of a resource or 'null' for any resource.
2026-06-04 15:20:02.267 [warning] [ms-vscode.cpptools] Accessing a resource scoped configuration without providing a resource is not expected. To get the effective value for 'C_Cpp.default.recursiveIncludes.reduce', provide the URI of a resource or 'null' for any resource.
2026-06-04 15:20:02.267 [warning] [ms-vscode.cpptools] Accessing a resource scoped configuration without providing a resource is not expected. To get the effective value for 'C_Cpp.default.recursiveIncludes.priority', provide the URI of a resource or 'null' for any resource.
2026-06-04 15:20:02.267 [warning] [ms-vscode.cpptools] Accessing a resource scoped configuration without providing a resource is not expected. To get the effective value for 'C_Cpp.default.recursiveIncludes.order', provide the URI of a resource or 'null' for any resource.
2026-06-04 15:20:02.267 [warning] [ms-vscode.cpptools] Accessing a resource scoped configuration without providing a resource is not expected. To get the effective value for 'C_Cpp.configurationWarnings', provide the URI of a resource or 'null' for any resource.
2026-06-04 15:20:02.268 [warning] [ms-vscode.cpptools] Accessing a resource scoped configuration without providing a resource is not expected. To get the effective value for 'C_Cpp.intelliSenseEngine', provide the URI of a resource or 'null' for any resource.
2026-06-04 15:20:02.268 [warning] [ms-vscode.cpptools] Accessing a resource scoped configuration without providing a resource is not expected. To get the effective value for 'C_Cpp.exclusionPolicy', provide the URI of a resource or 'null' for any resource.
2026-06-04 15:20:02.268 [warning] [ms-vscode.cpptools] Accessing a resource scoped configuration without providing a resource is not expected. To get the effective value for 'C_Cpp.files.exclude', provide the URI of a resource or 'null' for any resource.
2026-06-04 15:20:02.268 [warning] [ms-vscode.cpptools] Accessing a resource scoped configuration without providing a resource is not expected. To get the effective value for 'C_Cpp.vcFormat.indent.braces', provide the URI of a resource or 'null' for any resource.
2026-06-04 15:20:02.268 [warning] [ms-vscode.cpptools] Accessing a resource scoped configuration without providing a resource is not expected. To get the effective value for 'C_Cpp.vcFormat.indent.multiLineRelativeTo', provide the URI of a resource or 'null' for any resource.
2026-06-04 15:20:02.268 [warning] [ms-vscode.cpptools] Accessing a resource scoped configuration without providing a resource is not expected. To get the effective value for 'C_Cpp.vcFormat.indent.withinParentheses', provide the URI of a resource or 'null' for any resource.
2026-06-04 15:20:02.268 [warning] [ms-vscode.cpptools] Accessing a resource scoped configuration without providing a resource is not expected. To get the effective value for 'C_Cpp.vcFormat.indent.preserveWithinParentheses', provide the URI of a resource or 'null' for any resource.
2026-06-04 15:20:02.268 [warning] [ms-vscode.cpptools] Accessing a resource scoped configuration without providing a resource is not expected. To get the effective value for 'C_Cpp.vcFormat.indent.caseLabels', provide the URI of a resource or 'null' for any resource.
2026-06-04 15:20:02.268 [warning] [ms-vscode.cpptools] Accessing a resource scoped configuration without providing a resource is not expected. To get the effective value for 'C_Cpp.vcFormat.indent.caseContents', provide the URI of a resource or 'null' for any resource.
2026-06-04 15:20:02.268 [warning] [ms-vscode.cpptools] Accessing a resource scoped configuration without providing a resource is not expected. To get the effective value for 'C_Cpp.vcFormat.indent.caseContentsWhenBlock', provide the URI of a resource or 'null' for any resource.
2026-06-04 15:20:02.268 [warning] [ms-vscode.cpptools] Accessing a resource scoped configuration without providing a resource is not expected. To get the effective value for 'C_Cpp.vcFormat.indent.lambdaBracesWhenParameter', provide the URI of a resource or 'null' for any resource.
2026-06-04 15:20:02.269 [warning] [ms-vscode.cpptools] Accessing a resource scoped configuration without providing a resource is not expected. To get the effective value for 'C_Cpp.vcFormat.indent.gotoLabels', provide the URI of a resource or 'null' for any resource.
2026-06-04 15:20:02.269 [warning] [ms-vscode.cpptools] Accessing a resource scoped configuration without providing a resource is not expected. To get the effective value for 'C_Cpp.vcFormat.indent.preprocessor', provide the URI of a resource or 'null' for any resource.
2026-06-04 15:20:02.269 [warning] [ms-vscode.cpptools] Accessing a resource scoped configuration without providing a resource is not expected. To get the effective value for 'C_Cpp.vcFormat.indent.accessSpecifiers', provide the URI of a resource or 'null' for any resource.
2026-06-04 15:20:02.269 [warning] [ms-vscode.cpptools] Accessing a resource scoped configuration without providing a resource is not expected. To get the effective value for 'C_Cpp.vcFormat.indent.namespaceContents', provide the URI of a resource or 'null' for any resource.
2026-06-04 15:20:02.269 [warning] [ms-vscode.cpptools] Accessing a resource scoped configuration without providing a resource is not expected. To get the effective value for 'C_Cpp.vcFormat.indent.preserveComments', provide the URI of a resource or 'null' for any resource.
2026-06-04 15:20:02.269 [warning] [ms-vscode.cpptools] Accessing a resource scoped configuration without providing a resource is not expected. To get the effective value for 'C_Cpp.vcFormat.newLine.beforeOpenBrace.namespace', provide the URI of a resource or 'null' for any resource.
2026-06-04 15:20:02.269 [warning] [ms-vscode.cpptools] Accessing a resource scoped configuration without providing a resource is not expected. To get the effective value for 'C_Cpp.vcFormat.newLine.beforeOpenBrace.type', provide the URI of a resource or 'null' for any resource.
2026-06-04 15:20:02.269 [warning] [ms-vscode.cpptools] Accessing a resource scoped configuration without providing a resource is not expected. To get the effective value for 'C_Cpp.vcFormat.newLine.beforeOpenBrace.function', provide the URI of a resource or 'null' for any resource.
2026-06-04 15:20:02.269 [warning] [ms-vscode.cpptools] Accessing a resource scoped configuration without providing a resource is not expected. To get the effective value for 'C_Cpp.vcFormat.newLine.beforeOpenBrace.block', provide the URI of a resource or 'null' for any resource.
2026-06-04 15:20:02.269 [warning] [ms-vscode.cpptools] Accessing a resource scoped configuration without providing a resource is not expected. To get the effective value for 'C_Cpp.vcFormat.newLine.beforeOpenBrace.lambda', provide the URI of a resource or 'null' for any resource.
2026-06-04 15:20:02.269 [warning] [ms-vscode.cpptools] Accessing a resource scoped configuration without providing a resource is not expected. To get the effective value for 'C_Cpp.vcFormat.newLine.scopeBracesOnSeparateLines', provide the URI of a resource or 'null' for any resource.
2026-06-04 15:20:02.269 [warning] [ms-vscode.cpptools] Accessing a resource scoped configuration without providing a resource is not expected. To get the effective value for 'C_Cpp.vcFormat.newLine.closeBraceSameLine.emptyType', provide the URI of a resource or 'null' for any resource.
2026-06-04 15:20:02.269 [warning] [ms-vscode.cpptools] Accessing a resource scoped configuration without providing a resource is not expected. To get the effective value for 'C_Cpp.vcFormat.newLine.closeBraceSameLine.emptyFunction', provide the URI of a resource or 'null' for any resource.
2026-06-04 15:20:02.269 [warning] [ms-vscode.cpptools] Accessing a resource scoped configuration without providing a resource is not expected. To get the effective value for 'C_Cpp.vcFormat.newLine.beforeCatch', provide the URI of a resource or 'null' for any resource.
2026-06-04 15:20:02.269 [warning] [ms-vscode.cpptools] Accessing a resource scoped configuration without providing a resource is not expected. To get the effective value for 'C_Cpp.vcFormat.newLine.beforeElse', provide the URI of a resource or 'null' for any resource.
2026-06-04 15:20:02.269 [warning] [ms-vscode.cpptools] Accessing a resource scoped configuration without providing a resource is not expected. To get the effective value for 'C_Cpp.vcFormat.newLine.beforeWhileInDoWhile', provide the URI of a resource or 'null' for any resource.
2026-06-04 15:20:02.270 [warning] [ms-vscode.cpptools] Accessing a resource scoped configuration without providing a resource is not expected. To get the effective value for 'C_Cpp.vcFormat.space.beforeFunctionOpenParenthesis', provide the URI of a resource or 'null' for any resource.
2026-06-04 15:20:02.270 [warning] [ms-vscode.cpptools] Accessing a resource scoped configuration without providing a resource is not expected. To get the effective value for 'C_Cpp.vcFormat.space.withinParameterListParentheses', provide the URI of a resource or 'null' for any resource.
2026-06-04 15:20:02.270 [warning] [ms-vscode.cpptools] Accessing a resource scoped configuration without providing a resource is not expected. To get the effective value for 'C_Cpp.vcFormat.space.betweenEmptyParameterListParentheses', provide the URI of a resource or 'null' for any resource.
2026-06-04 15:20:02.270 [warning] [ms-vscode.cpptools] Accessing a resource scoped configuration without providing a resource is not expected. To get the effective value for 'C_Cpp.vcFormat.space.afterKeywordsInControlFlowStatements', provide the URI of a resource or 'null' for any resource.
2026-06-04 15:20:02.270 [warning] [ms-vscode.cpptools] Accessing a resource scoped configuration without providing a resource is not expected. To get the effective value for 'C_Cpp.vcFormat.space.withinControlFlowStatementParentheses', provide the URI of a resource or 'null' for any resource.
2026-06-04 15:20:02.270 [warning] [ms-vscode.cpptools] Accessing a resource scoped configuration without providing a resource is not expected. To get the effective value for 'C_Cpp.vcFormat.space.beforeLambdaOpenParenthesis', provide the URI of a resource or 'null' for any resource.
2026-06-04 15:20:02.270 [warning] [ms-vscode.cpptools] Accessing a resource scoped configuration without providing a resource is not expected. To get the effective value for 'C_Cpp.vcFormat.space.withinCastParentheses', provide the URI of a resource or 'null' for any resource.
2026-06-04 15:20:02.270 [warning] [ms-vscode.cpptools] Accessing a resource scoped configuration without providing a resource is not expected. To get the effective value for 'C_Cpp.vcFormat.space.afterCastCloseParenthesis', provide the URI of a resource or 'null' for any resource.
2026-06-04 15:20:02.270 [warning] [ms-vscode.cpptools] Accessing a resource scoped configuration without providing a resource is not expected. To get the effective value for 'C_Cpp.vcFormat.space.withinExpressionParentheses', provide the URI of a resource or 'null' for any resource.
2026-06-04 15:20:02.270 [warning] [ms-vscode.cpptools] Accessing a resource scoped configuration without providing a resource is not expected. To get the effective value for 'C_Cpp.vcFormat.space.beforeBlockOpenBrace', provide the URI of a resource or 'null' for any resource.
2026-06-04 15:20:02.270 [warning] [ms-vscode.cpptools] Accessing a resource scoped configuration without providing a resource is not expected. To get the effective value for 'C_Cpp.vcFormat.space.betweenEmptyBraces', provide the URI of a resource or 'null' for any resource.
2026-06-04 15:20:02.270 [warning] [ms-vscode.cpptools] Accessing a resource scoped configuration without providing a resource is not expected. To get the effective value for 'C_Cpp.vcFormat.space.beforeInitializerListOpenBrace', provide the URI of a resource or 'null' for any resource.
2026-06-04 15:20:02.270 [warning] [ms-vscode.cpptools] Accessing a resource scoped configuration without providing a resource is not expected. To get the effective value for 'C_Cpp.vcFormat.space.withinInitializerListBraces', provide the URI of a resource or 'null' for any resource.
2026-06-04 15:20:02.270 [warning] [ms-vscode.cpptools] Accessing a resource scoped configuration without providing a resource is not expected. To get the effective value for 'C_Cpp.vcFormat.space.preserveInInitializerList', provide the URI of a resource or 'null' for any resource.
2026-06-04 15:20:02.270 [warning] [ms-vscode.cpptools] Accessing a resource scoped configuration without providing a resource is not expected. To get the effective value for 'C_Cpp.vcFormat.space.beforeOpenSquareBracket', provide the URI of a resource or 'null' for any resource.
2026-06-04 15:20:02.270 [warning] [ms-vscode.cpptools] Accessing a resource scoped configuration without providing a resource is not expected. To get the effective value for 'C_Cpp.vcFormat.space.withinSquareBrackets', provide the URI of a resource or 'null' for any resource.
2026-06-04 15:20:02.270 [warning] [ms-vscode.cpptools] Accessing a resource scoped configuration without providing a resource is not expected. To get the effective value for 'C_Cpp.vcFormat.space.beforeEmptySquareBrackets', provide the URI of a resource or 'null' for any resource.
2026-06-04 15:20:02.270 [warning] [ms-vscode.cpptools] Accessing a resource scoped configuration without providing a resource is not expected. To get the effective value for 'C_Cpp.vcFormat.space.betweenEmptySquareBrackets', provide the URI of a resource or 'null' for any resource.
2026-06-04 15:20:02.270 [warning] [ms-vscode.cpptools] Accessing a resource scoped configuration without providing a resource is not expected. To get the effective value for 'C_Cpp.vcFormat.space.groupSquareBrackets', provide the URI of a resource or 'null' for any resource.
2026-06-04 15:20:02.271 [warning] [ms-vscode.cpptools] Accessing a resource scoped configuration without providing a resource is not expected. To get the effective value for 'C_Cpp.vcFormat.space.withinLambdaBrackets', provide the URI of a resource or 'null' for any resource.
2026-06-04 15:20:02.271 [warning] [ms-vscode.cpptools] Accessing a resource scoped configuration without providing a resource is not expected. To get the effective value for 'C_Cpp.vcFormat.space.betweenEmptyLambdaBrackets', provide the URI of a resource or 'null' for any resource.
2026-06-04 15:20:02.271 [warning] [ms-vscode.cpptools] Accessing a resource scoped configuration without providing a resource is not expected. To get the effective value for 'C_Cpp.vcFormat.space.beforeComma', provide the URI of a resource or 'null' for any resource.
2026-06-04 15:20:02.271 [warning] [ms-vscode.cpptools] Accessing a resource scoped configuration without providing a resource is not expected. To get the effective value for 'C_Cpp.vcFormat.space.afterComma', provide the URI of a resource or 'null' for any resource.
2026-06-04 15:20:02.271 [warning] [ms-vscode.cpptools] Accessing a resource scoped configuration without providing a resource is not expected. To get the effective value for 'C_Cpp.vcFormat.space.removeAroundMemberOperators', provide the URI of a resource or 'null' for any resource.
2026-06-04 15:20:02.271 [warning] [ms-vscode.cpptools] Accessing a resource scoped configuration without providing a resource is not expected. To get the effective value for 'C_Cpp.vcFormat.space.beforeInheritanceColon', provide the URI of a resource or 'null' for any resource.
2026-06-04 15:20:02.271 [warning] [ms-vscode.cpptools] Accessing a resource scoped configuration without providing a resource is not expected. To get the effective value for 'C_Cpp.vcFormat.space.beforeConstructorColon', provide the URI of a resource or 'null' for any resource.
2026-06-04 15:20:02.271 [warning] [ms-vscode.cpptools] Accessing a resource scoped configuration without providing a resource is not expected. To get the effective value for 'C_Cpp.vcFormat.space.removeBeforeSemicolon', provide the URI of a resource or 'null' for any resource.
2026-06-04 15:20:02.271 [warning] [ms-vscode.cpptools] Accessing a resource scoped configuration without providing a resource is not expected. To get the effective value for 'C_Cpp.vcFormat.space.insertAfterSemicolon', provide the URI of a resource or 'null' for any resource.
2026-06-04 15:20:02.271 [warning] [ms-vscode.cpptools] Accessing a resource scoped configuration without providing a resource is not expected. To get the effective value for 'C_Cpp.vcFormat.space.removeAroundUnaryOperator', provide the URI of a resource or 'null' for any resource.
2026-06-04 15:20:02.271 [warning] [ms-vscode.cpptools] Accessing a resource scoped configuration without providing a resource is not expected. To get the effective value for 'C_Cpp.vcFormat.space.aroundBinaryOperator', provide the URI of a resource or 'null' for any resource.
2026-06-04 15:20:02.271 [warning] [ms-vscode.cpptools] Accessing a resource scoped configuration without providing a resource is not expected. To get the effective value for 'C_Cpp.vcFormat.space.aroundAssignmentOperator', provide the URI of a resource or 'null' for any resource.
2026-06-04 15:20:02.271 [warning] [ms-vscode.cpptools] Accessing a resource scoped configuration without providing a resource is not expected. To get the effective value for 'C_Cpp.vcFormat.space.pointerReferenceAlignment', provide the URI of a resource or 'null' for any resource.
2026-06-04 15:20:02.271 [warning] [ms-vscode.cpptools] Accessing a resource scoped configuration without providing a resource is not expected. To get the effective value for 'C_Cpp.vcFormat.space.aroundTernaryOperator', provide the URI of a resource or 'null' for any resource.
2026-06-04 15:20:02.271 [warning] [ms-vscode.cpptools] Accessing a resource scoped configuration without providing a resource is not expected. To get the effective value for 'C_Cpp.vcFormat.wrap.preserveBlocks', provide the URI of a resource or 'null' for any resource.
2026-06-04 15:20:02.271 [warning] [ms-vscode.cpptools] Accessing a resource scoped configuration without providing a resource is not expected. To get the effective value for 'C_Cpp.clang_format_style', provide the URI of a resource or 'null' for any resource.
2026-06-04 15:20:02.272 [warning] [ms-vscode.cpptools] Accessing a resource scoped configuration without providing a resource is not expected. To get the effective value for 'C_Cpp.formatting', provide the URI of a resource or 'null' for any resource.
2026-06-04 15:20:02.272 [warning] [ms-vscode.cpptools] Accessing a resource scoped configuration without providing a resource is not expected. To get the effective value for 'C_Cpp.clang_format_fallbackStyle', provide the URI of a resource or 'null' for any resource.
2026-06-04 15:20:02.272 [warning] [ms-vscode.cpptools] Accessing a resource scoped configuration without providing a resource is not expected. To get the effective value for 'C_Cpp.clang_format_sortIncludes', provide the URI of a resource or 'null' for any resource.
2026-06-04 15:20:02.272 [warning] [ms-vscode.cpptools] Accessing a resource scoped configuration without providing a resource is not expected. To get the effective value for 'C_Cpp.doxygen.generateOnType', provide the URI of a resource or 'null' for any resource.
2026-06-04 15:20:02.272 [warning] [ms-vscode.cpptools] Accessing a resource scoped configuration without providing a resource is not expected. To get the effective value for 'C_Cpp.doxygen.generateOnCodeAction', provide the URI of a resource or 'null' for any resource.
2026-06-04 15:20:02.272 [warning] [ms-vscode.cpptools] Accessing a resource scoped configuration without providing a resource is not expected. To get the effective value for 'C_Cpp.doxygen.generatedStyle', provide the URI of a resource or 'null' for any resource.
2026-06-04 15:20:02.272 [warning] [ms-vscode.cpptools] Accessing a resource scoped configuration without providing a resource is not expected. To get the effective value for 'C_Cpp.doxygen.sectionTags', provide the URI of a resource or 'null' for any resource.
2026-06-04 15:20:02.272 [warning] [ms-vscode.cpptools] Accessing a resource scoped configuration without providing a resource is not expected. To get the effective value for 'C_Cpp.markdownInComments', provide the URI of a resource or 'null' for any resource.
2026-06-04 15:20:02.272 [warning] [ms-vscode.cpptools] Accessing a resource scoped configuration without providing a resource is not expected. To get the effective value for 'C_Cpp.codeAnalysis.exclude', provide the URI of a resource or 'null' for any resource.
2026-06-04 15:20:02.273 [warning] [ms-vscode.cpptools] Accessing a resource scoped configuration without providing a resource is not expected. To get the effective value for 'C_Cpp.codeAnalysis.clangTidy.codeAction.formatFixes', provide the URI of a resource or 'null' for any resource.
2026-06-04 15:20:02.273 [warning] [ms-vscode.cpptools] Accessing a resource scoped configuration without providing a resource is not expected. To get the effective value for 'C_Cpp.codeAnalysis.clangTidy.enabled', provide the URI of a resource or 'null' for any resource.
2026-06-04 15:20:02.273 [warning] [ms-vscode.cpptools] Accessing a resource scoped configuration without providing a resource is not expected. To get the effective value for 'C_Cpp.codeAnalysis.clangTidy.config', provide the URI of a resource or 'null' for any resource.
2026-06-04 15:20:02.273 [warning] [ms-vscode.cpptools] Accessing a resource scoped configuration without providing a resource is not expected. To get the effective value for 'C_Cpp.codeAnalysis.clangTidy.fallbackConfig', provide the URI of a resource or 'null' for any resource.
2026-06-04 15:20:02.273 [warning] [ms-vscode.cpptools] Accessing a resource scoped configuration without providing a resource is not expected. To get the effective value for 'C_Cpp.codeAnalysis.clangTidy.headerFilter', provide the URI of a resource or 'null' for any resource.
2026-06-04 15:20:02.273 [warning] [ms-vscode.cpptools] Accessing a resource scoped configuration without providing a resource is not expected. To get the effective value for 'C_Cpp.codeAnalysis.clangTidy.args', provide the URI of a resource or 'null' for any resource.
2026-06-04 15:20:02.273 [warning] [ms-vscode.cpptools] Accessing a resource scoped configuration without providing a resource is not expected. To get the effective value for 'C_Cpp.codeAnalysis.clangTidy.useBuildPath', provide the URI of a resource or 'null' for any resource.
2026-06-04 15:20:02.273 [warning] [ms-vscode.cpptools] Accessing a resource scoped configuration without providing a resource is not expected. To get the effective value for 'C_Cpp.codeAnalysis.clangTidy.checks.enabled', provide the URI of a resource or 'null' for any resource.
2026-06-04 15:20:02.273 [warning] [ms-vscode.cpptools] Accessing a resource scoped configuration without providing a resource is not expected. To get the effective value for 'C_Cpp.codeAnalysis.clangTidy.checks.disabled', provide the URI of a resource or 'null' for any resource.
2026-06-04 15:20:02.273 [warning] [ms-vscode.cpptools] Accessing a resource scoped configuration without providing a resource is not expected. To get the effective value for 'C_Cpp.codeAnalysis.runAutomatically', provide the URI of a resource or 'null' for any resource.
2026-06-04 15:20:02.274 [warning] [ms-vscode.cpptools] Accessing a resource scoped configuration without providing a resource is not expected. To get the effective value for 'C_Cpp.debugShortcut', provide the URI of a resource or 'null' for any resource.
2026-06-04 15:20:02.275 [warning] [ms-vscode.cpptools] Accessing a resource scoped configuration without providing a resource is not expected. To get the effective value for 'C_Cpp.vcpkg.enabled', provide the URI of a resource or 'null' for any resource.
2026-06-04 15:20:02.364 [warning] [ms-vscode.cpptools] Accessing a resource scoped configuration without providing a resource is not expected. To get the effective value for 'files.exclude', provide the URI of a resource or 'null' for any resource.
2026-06-04 15:20:02.364 [warning] [ms-vscode.cpptools] Accessing a resource scoped configuration without providing a resource is not expected. To get the effective value for 'search.exclude', provide the URI of a resource or 'null' for any resource.
2026-06-04 15:20:02.365 [warning] [ms-vscode.cpptools] Accessing a resource scoped configuration without providing a resource is not expected. To get the effective value for 'files.exclude', provide the URI of a resource or 'null' for any resource.
2026-06-04 15:20:02.365 [warning] [ms-vscode.cpptools] Accessing a resource scoped configuration without providing a resource is not expected. To get the effective value for 'search.exclude', provide the URI of a resource or 'null' for any resource.
2026-06-04 15:20:03.952 [warning] [GitHub.copilot-chat] Accessing a resource scoped configuration without providing a resource is not expected. To get the effective value for 'github.copilot.chat.planAgent.additionalTools', provide the URI of a resource or 'null' for any resource.
2026-06-04 15:20:03.953 [warning] [GitHub.copilot-chat] Accessing a resource scoped configuration without providing a resource is not expected. To get the effective value for 'github.copilot.chat.implementAgent.model', provide the URI of a resource or 'null' for any resource.
2026-06-04 15:20:03.976 [warning] [GitHub.copilot-chat] Accessing a resource scoped configuration without providing a resource is not expected. To get the effective value for 'github.copilot.chat.askAgent.additionalTools', provide the URI of a resource or 'null' for any resource.
2026-06-04 15:20:03.976 [warning] [GitHub.copilot-chat] Accessing a resource scoped configuration without providing a resource is not expected. To get the effective value for 'github.copilot.chat.askAgent.model', provide the URI of a resource or 'null' for any resource.
2026-06-04 15:20:03.988 [warning] [GitHub.copilot-chat] Accessing a resource scoped configuration without providing a resource is not expected. To get the effective value for 'github.copilot.chat.exploreAgent.model', provide the URI of a resource or 'null' for any resource.
